year,district,industry_id,opening_count,dissolution_count,capital_increase_count,beginning_stock,ending_stock,entry_rate,capital_expansion_rate,exit_rate,source_version,updated_at
109,中區,IND_MFG,14,11,16,377,380,0.03714,0.04244,0.02918,v1.0,
109,中區,IND_ICT,12,3,11,141,150,0.08511,0.07801,0.02128,v1.0,
109,中區,IND_SEM,6,2,9,94,98,0.06383,0.09574,0.02128,v1.0,
109,中區,IND_BIOMED,5,1,5,70,74,0.07143,0.07143,0.01429,v1.0,
109,中區,IND_PRO_FIN,9,5,7,177,181,0.05085,0.03955,0.02825,v1.0,
109,中區,IND_TRADE_LOG,8,7,7,200,201,0.04,0.035,0.035,v1.0,
109,中區,IND_TOUR_CULT,6,4,4,118,120,0.05085,0.0339,0.0339,v1.0,
109,東區,IND_MFG,20,14,24,566,572,0.03534,0.0424,0.02473,v1.0,
109,東區,IND_ICT,17,5,17,212,224,0.08019,0.08019,0.02358,v1.0,
109,東區,IND_SEM,8,2,13,141,147,0.05674,0.0922,0.01418,v1.0,
109,東區,IND_BIOMED,7,2,9,106,111,0.06604,0.08491,0.01887,v1.0,
109,東區,IND_PRO_FIN,13,7,13,265,271,0.04906,0.04906,0.02642,v1.0,
109,東區,IND_TRADE_LOG,12,9,10,300,303,0.04,0.03333,0.03,v1.0,
109,東區,IND_TOUR_CULT,9,6,7,177,180,0.05085,0.03955,0.0339,v1.0,
109,南區,IND_MFG,68,47,78,1888,1909,0.03602,0.04131,0.02489,v1.0,
109,南區,IND_ICT,58,18,54,708,748,0.08192,0.07627,0.02542,v1.0,
109,南區,IND_SEM,28,9,43,472,491,0.05932,0.0911,0.01907,v1.0,
109,南區,IND_BIOMED,23,8,26,354,369,0.06497,0.07345,0.0226,v1.0,
109,南區,IND_PRO_FIN,47,24,45,885,908,0.05311,0.05085,0.02712,v1.0,
109,南區,IND_TRADE_LOG,38,35,40,1003,1006,0.03789,0.03988,0.0349,v1.0,
109,南區,IND_TOUR_CULT,29,19,22,590,600,0.04915,0.03729,0.0322,v1.0,
109,西區,IND_MFG,102,93,134,3020,3029,0.03377,0.04437,0.03079,v1.0,
109,西區,IND_ICT,94,28,92,1132,1198,0.08304,0.08127,0.02473,v1.0,
109,西區,IND_SEM,43,16,73,755,782,0.05695,0.09669,0.02119,v1.0,
109,西區,IND_BIOMED,37,9,45,566,594,0.06537,0.07951,0.0159,v1.0,
109,西區,IND_PRO_FIN,75,40,68,1416,1451,0.05297,0.04802,0.02825,v1.0,
109,西區,IND_TRADE_LOG,63,52,53,1604,1615,0.03928,0.03304,0.03242,v1.0,
109,西區,IND_TOUR_CULT,47,32,40,944,959,0.04979,0.04237,0.0339,v1.0,
109,北區,IND_MFG,91,79,107,2643,2655,0.03443,0.04048,0.02989,v1.0,
109,北區,IND_ICT,83,25,76,991,1049,0.08375,0.07669,0.02523,v1.0,
109,北區,IND_SEM,39,11,65,660,688,0.05909,0.09848,0.01667,v1.0,
109,北區,IND_BIOMED,32,9,37,495,518,0.06465,0.07475,0.01818,v1.0,
109,北區,IND_PRO_FIN,64,36,60,1239,1267,0.05165,0.04843,0.02906,v1.0,
109,北區,IND_TRADE_LOG,54,45,49,1404,1413,0.03846,0.0349,0.03205,v1.0,
109,北區,IND_TOUR_CULT,40,29,29,826,837,0.04843,0.03511,0.03511,v1.0,
109,西屯區,IND_MFG,353,225,378,7929,8057,0.04452,0.04767,0.02838,v1.0,
109,西屯區,IND_ICT,302,60,231,2973,3215,0.10158,0.0777,0.02018,v1.0,
109,西屯區,IND_SEM,141,45,191,1982,2078,0.07114,0.09637,0.0227,v1.0,
109,西屯區,IND_BIOMED,116,33,113,1486,1569,0.07806,0.07604,0.02221,v1.0,
109,西屯區,IND_PRO_FIN,222,113,191,3717,3826,0.05973,0.05139,0.0304,v1.0,
109,西屯區,IND_TRADE_LOG,205,151,153,4212,4266,0.04867,0.03632,0.03585,v1.0,
109,西屯區,IND_TOUR_CULT,141,98,99,2478,2521,0.0569,0.03995,0.03955,v1.0,
109,南屯區,IND_MFG,205,138,198,4908,4975,0.04177,0.04034,0.02812,v1.0,
109,南屯區,IND_ICT,184,44,135,1840,1980,0.1,0.07337,0.02391,v1.0,
109,南屯區,IND_SEM,85,20,120,1227,1292,0.06927,0.0978,0.0163,v1.0,
109,南屯區,IND_BIOMED,75,20,67,920,975,0.08152,0.07283,0.02174,v1.0,
109,南屯區,IND_PRO_FIN,147,68,102,2301,2380,0.06389,0.04433,0.02955,v1.0,
109,南屯區,IND_TRADE_LOG,130,87,89,2607,2650,0.04987,0.03414,0.03337,v1.0,
109,南屯區,IND_TOUR_CULT,93,50,62,1534,1577,0.06063,0.04042,0.03259,v1.0,
109,北屯區,IND_MFG,233,162,247,5664,5735,0.04114,0.04361,0.0286,v1.0,
109,北屯區,IND_ICT,216,48,168,2124,2292,0.10169,0.0791,0.0226,v1.0,
109,北屯區,IND_SEM,102,23,137,1416,1495,0.07203,0.09675,0.01624,v1.0,
109,北屯區,IND_BIOMED,87,21,81,1062,1128,0.08192,0.07627,0.01977,v1.0,
109,北屯區,IND_PRO_FIN,168,81,120,2655,2742,0.06328,0.0452,0.03051,v1.0,
109,北屯區,IND_TRADE_LOG,149,105,110,3009,3053,0.04952,0.03656,0.0349,v1.0,
109,北屯區,IND_TOUR_CULT,107,69,72,1770,1808,0.06045,0.04068,0.03898,v1.0,
109,豐原區,IND_MFG,67,50,75,1888,1905,0.03549,0.03972,0.02648,v1.0,
109,豐原區,IND_ICT,58,17,55,708,749,0.08192,0.07768,0.02401,v1.0,
109,豐原區,IND_SEM,28,9,46,472,491,0.05932,0.09746,0.01907,v1.0,
109,豐原區,IND_BIOMED,24,10,26,354,368,0.0678,0.07345,0.02825,v1.0,
109,豐原區,IND_PRO_FIN,47,24,40,885,908,0.05311,0.0452,0.02712,v1.0,
109,豐原區,IND_TRADE_LOG,40,35,38,1003,1008,0.03988,0.03789,0.0349,v1.0,
109,豐原區,IND_TOUR_CULT,30,20,22,590,600,0.05085,0.03729,0.0339,v1.0,
109,東勢區,IND_MFG,5,4,6,151,152,0.03311,0.03974,0.02649,v1.0,
109,東勢區,IND_ICT,5,1,4,56,60,0.08929,0.07143,0.01786,v1.0,
109,東勢區,IND_SEM,2,1,3,37,38,0.05405,0.08108,0.02703,v1.0,
109,東勢區,IND_BIOMED,2,1,2,28,29,0.07143,0.07143,0.03571,v1.0,
109,東勢區,IND_PRO_FIN,4,2,4,70,72,0.05714,0.05714,0.02857,v1.0,
109,東勢區,IND_TRADE_LOG,3,3,3,80,80,0.0375,0.0375,0.0375,v1.0,
109,東勢區,IND_TOUR_CULT,2,2,2,47,47,0.04255,0.04255,0.04255,v1.0,
109,大甲區,IND_MFG,28,23,34,755,760,0.03709,0.04503,0.03046,v1.0,
109,大甲區,IND_ICT,24,7,22,283,300,0.08481,0.07774,0.02473,v1.0,
109,大甲區,IND_SEM,11,3,18,188,196,0.05851,0.09574,0.01596,v1.0,
109,大甲區,IND_BIOMED,9,3,12,141,147,0.06383,0.08511,0.02128,v1.0,
109,大甲區,IND_PRO_FIN,19,10,15,354,363,0.05367,0.04237,0.02825,v1.0,
109,大甲區,IND_TRADE_LOG,16,12,16,401,405,0.0399,0.0399,0.02993,v1.0,
109,大甲區,IND_TOUR_CULT,11,8,9,236,239,0.04661,0.03814,0.0339,v1.0,
109,清水區,IND_MFG,21,15,24,566,572,0.0371,0.0424,0.0265,v1.0,
109,清水區,IND_ICT,19,4,17,212,227,0.08962,0.08019,0.01887,v1.0,
109,清水區,IND_SEM,8,3,13,141,146,0.05674,0.0922,0.02128,v1.0,
109,清水區,IND_BIOMED,7,2,8,106,111,0.06604,0.07547,0.01887,v1.0,
109,清水區,IND_PRO_FIN,14,8,12,265,271,0.05283,0.04528,0.03019,v1.0,
109,清水區,IND_TRADE_LOG,11,11,11,300,300,0.03667,0.03667,0.03667,v1.0,
109,清水區,IND_TOUR_CULT,9,7,6,177,179,0.05085,0.0339,0.03955,v1.0,
109,沙鹿區,IND_MFG,23,14,26,566,575,0.04064,0.04594,0.02473,v1.0,
109,沙鹿區,IND_ICT,18,5,17,212,225,0.08491,0.08019,0.02358,v1.0,
109,沙鹿區,IND_SEM,8,2,14,141,147,0.05674,0.09929,0.01418,v1.0,
109,沙鹿區,IND_BIOMED,7,2,7,106,111,0.06604,0.06604,0.01887,v1.0,
109,沙鹿區,IND_PRO_FIN,13,9,12,265,269,0.04906,0.04528,0.03396,v1.0,
109,沙鹿區,IND_TRADE_LOG,11,10,11,300,301,0.03667,0.03667,0.03333,v1.0,
109,沙鹿區,IND_TOUR_CULT,9,7,6,177,179,0.05085,0.0339,0.03955,v1.0,
109,梧棲區,IND_MFG,41,33,44,1132,1140,0.03622,0.03887,0.02915,v1.0,
109,梧棲區,IND_ICT,36,10,32,424,450,0.08491,0.07547,0.02358,v1.0,
109,梧棲區,IND_SEM,16,5,27,283,294,0.05654,0.09541,0.01767,v1.0,
109,梧棲區,IND_BIOMED,14,6,15,212,220,0.06604,0.07075,0.0283,v1.0,
109,梧棲區,IND_PRO_FIN,25,16,25,531,540,0.04708,0.04708,0.03013,v1.0,
109,梧棲區,IND_TRADE_LOG,24,20,22,601,605,0.03993,0.03661,0.03328,v1.0,
109,梧棲區,IND_TOUR_CULT,17,13,13,354,358,0.04802,0.03672,0.03672,v1.0,
109,后里區,IND_MFG,28,22,30,755,761,0.03709,0.03974,0.02914,v1.0,
109,后里區,IND_ICT,24,7,23,283,300,0.08481,0.08127,0.02473,v1.0,
109,后里區,IND_SEM,11,4,18,188,195,0.05851,0.09574,0.02128,v1.0,
109,后里區,IND_BIOMED,9,3,11,141,147,0.06383,0.07801,0.02128,v1.0,
109,后里區,IND_PRO_FIN,19,11,16,354,362,0.05367,0.0452,0.03107,v1.0,
109,后里區,IND_TRADE_LOG,15,14,15,401,402,0.03741,0.03741,0.03491,v1.0,
109,后里區,IND_TOUR_CULT,12,9,10,236,239,0.05085,0.04237,0.03814,v1.0,
109,神岡區,IND_MFG,20,15,25,566,571,0.03534,0.04417,0.0265,v1.0,
109,神岡區,IND_ICT,18,5,16,212,225,0.08491,0.07547,0.02358,v1.0,
109,神岡區,IND_SEM,8,3,13,141,146,0.05674,0.0922,0.02128,v1.0,
109,神岡區,IND_BIOMED,7,3,8,106,110,0.06604,0.07547,0.0283,v1.0,
109,神岡區,IND_PRO_FIN,14,8,13,265,271,0.05283,0.04906,0.03019,v1.0,
109,神岡區,IND_TRADE_LOG,12,10,11,300,302,0.04,0.03667,0.03333,v1.0,
109,神岡區,IND_TOUR_CULT,9,6,7,177,180,0.05085,0.03955,0.0339,v1.0,
109,潭子區,IND_MFG,87,65,93,2265,2287,0.03841,0.04106,0.0287,v1.0,
109,潭子區,IND_ICT,77,21,64,849,905,0.09069,0.07538,0.02473,v1.0,
109,潭子區,IND_SEM,37,10,53,566,593,0.06537,0.09364,0.01767,v1.0,
109,潭子區,IND_BIOMED,30,8,30,424,446,0.07075,0.07075,0.01887,v1.0,
109,潭子區,IND_PRO_FIN,59,31,50,1062,1090,0.05556,0.04708,0.02919,v1.0,
109,潭子區,IND_TRADE_LOG,55,39,50,1203,1219,0.04572,0.04156,0.03242,v1.0,
109,潭子區,IND_TOUR_CULT,39,25,25,708,722,0.05508,0.03531,0.03531,v1.0,
109,大雅區,IND_MFG,74,50,81,1888,1912,0.03919,0.0429,0.02648,v1.0,
109,大雅區,IND_ICT,66,17,58,708,757,0.09322,0.08192,0.02401,v1.0,
109,大雅區,IND_SEM,31,8,46,472,495,0.06568,0.09746,0.01695,v1.0,
109,大雅區,IND_BIOMED,25,8,27,354,371,0.07062,0.07627,0.0226,v1.0,
109,大雅區,IND_PRO_FIN,49,27,43,885,907,0.05537,0.04859,0.03051,v1.0,
109,大雅區,IND_TRADE_LOG,46,37,42,1003,1012,0.04586,0.04187,0.03689,v1.0,
109,大雅區,IND_TOUR_CULT,31,21,24,590,600,0.05254,0.04068,0.03559,v1.0,
109,新社區,IND_MFG,5,3,4,113,115,0.04425,0.0354,0.02655,v1.0,
109,新社區,IND_ICT,3,1,3,42,44,0.07143,0.07143,0.02381,v1.0,
109,新社區,IND_SEM,2,1,3,28,29,0.07143,0.10714,0.03571,v1.0,
109,新社區,IND_BIOMED,2,1,2,25,26,0.08,0.08,0.04,v1.0,
109,新社區,IND_PRO_FIN,3,1,3,53,55,0.0566,0.0566,0.01887,v1.0,
109,新社區,IND_TRADE_LOG,3,2,3,60,61,0.05,0.05,0.03333,v1.0,
109,新社區,IND_TOUR_CULT,2,1,1,35,36,0.05714,0.02857,0.02857,v1.0,
109,石岡區,IND_MFG,4,3,4,113,114,0.0354,0.0354,0.02655,v1.0,
109,石岡區,IND_ICT,4,1,3,42,45,0.09524,0.07143,0.02381,v1.0,
109,石岡區,IND_SEM,2,0,3,28,30,0.07143,0.10714,0.0,v1.0,
109,石岡區,IND_BIOMED,2,1,2,25,26,0.08,0.08,0.04,v1.0,
109,石岡區,IND_PRO_FIN,3,2,2,53,54,0.0566,0.03774,0.03774,v1.0,
109,石岡區,IND_TRADE_LOG,2,2,2,60,60,0.03333,0.03333,0.03333,v1.0,
109,石岡區,IND_TOUR_CULT,2,1,1,35,36,0.05714,0.02857,0.02857,v1.0,
109,外埔區,IND_MFG,8,5,9,188,191,0.04255,0.04787,0.0266,v1.0,
109,外埔區,IND_ICT,6,2,6,70,74,0.08571,0.08571,0.02857,v1.0,
109,外埔區,IND_SEM,3,1,5,47,49,0.06383,0.10638,0.02128,v1.0,
109,外埔區,IND_BIOMED,2,1,3,35,36,0.05714,0.08571,0.02857,v1.0,
109,外埔區,IND_PRO_FIN,4,3,4,88,89,0.04545,0.04545,0.03409,v1.0,
109,外埔區,IND_TRADE_LOG,4,3,4,100,101,0.04,0.04,0.03,v1.0,
109,外埔區,IND_TOUR_CULT,3,2,2,59,60,0.05085,0.0339,0.0339,v1.0,
109,大安區,IND_MFG,4,3,4,113,114,0.0354,0.0354,0.02655,v1.0,
109,大安區,IND_ICT,3,1,3,42,44,0.07143,0.07143,0.02381,v1.0,
109,大安區,IND_SEM,2,0,3,28,30,0.07143,0.10714,0.0,v1.0,
109,大安區,IND_BIOMED,2,1,2,25,26,0.08,0.08,0.04,v1.0,
109,大安區,IND_PRO_FIN,3,1,2,53,55,0.0566,0.03774,0.01887,v1.0,
109,大安區,IND_TRADE_LOG,2,2,2,60,60,0.03333,0.03333,0.03333,v1.0,
109,大安區,IND_TOUR_CULT,2,1,2,35,36,0.05714,0.05714,0.02857,v1.0,
109,烏日區,IND_MFG,44,31,48,1132,1145,0.03887,0.0424,0.02739,v1.0,
109,烏日區,IND_ICT,39,11,34,424,452,0.09198,0.08019,0.02594,v1.0,
109,烏日區,IND_SEM,18,5,27,283,296,0.0636,0.09541,0.01767,v1.0,
109,烏日區,IND_BIOMED,14,5,15,212,221,0.06604,0.07075,0.02358,v1.0,
109,烏日區,IND_PRO_FIN,32,16,25,531,547,0.06026,0.04708,0.03013,v1.0,
109,烏日區,IND_TRADE_LOG,26,21,29,601,606,0.04326,0.04825,0.03494,v1.0,
109,烏日區,IND_TOUR_CULT,19,11,12,354,362,0.05367,0.0339,0.03107,v1.0,
109,大肚區,IND_MFG,14,9,15,377,382,0.03714,0.03979,0.02387,v1.0,
109,大肚區,IND_ICT,12,4,11,141,149,0.08511,0.07801,0.02837,v1.0,
109,大肚區,IND_SEM,6,2,9,94,98,0.06383,0.09574,0.02128,v1.0,
109,大肚區,IND_BIOMED,5,2,5,70,73,0.07143,0.07143,0.02857,v1.0,
109,大肚區,IND_PRO_FIN,9,5,8,177,181,0.05085,0.0452,0.02825,v1.0,
109,大肚區,IND_TRADE_LOG,7,7,7,200,200,0.035,0.035,0.035,v1.0,
109,大肚區,IND_TOUR_CULT,6,4,4,118,120,0.05085,0.0339,0.0339,v1.0,
109,龍井區,IND_MFG,13,10,15,377,380,0.03448,0.03979,0.02653,v1.0,
109,龍井區,IND_ICT,12,3,11,141,150,0.08511,0.07801,0.02128,v1.0,
109,龍井區,IND_SEM,6,2,9,94,98,0.06383,0.09574,0.02128,v1.0,
109,龍井區,IND_BIOMED,4,2,5,70,72,0.05714,0.07143,0.02857,v1.0,
109,龍井區,IND_PRO_FIN,9,5,8,177,181,0.05085,0.0452,0.02825,v1.0,
109,龍井區,IND_TRADE_LOG,8,7,7,200,201,0.04,0.035,0.035,v1.0,
109,龍井區,IND_TOUR_CULT,6,4,5,118,120,0.05085,0.04237,0.0339,v1.0,
109,霧峰區,IND_MFG,12,11,14,377,378,0.03183,0.03714,0.02918,v1.0,
109,霧峰區,IND_ICT,12,4,11,141,149,0.08511,0.07801,0.02837,v1.0,
109,霧峰區,IND_SEM,5,1,9,94,98,0.05319,0.09574,0.01064,v1.0,
109,霧峰區,IND_BIOMED,4,1,5,70,73,0.05714,0.07143,0.01429,v1.0,
109,霧峰區,IND_PRO_FIN,9,5,9,177,181,0.05085,0.05085,0.02825,v1.0,
109,霧峰區,IND_TRADE_LOG,8,7,7,200,201,0.04,0.035,0.035,v1.0,
109,霧峰區,IND_TOUR_CULT,6,4,4,118,120,0.05085,0.0339,0.0339,v1.0,
109,太平區,IND_MFG,56,43,63,1510,1523,0.03709,0.04172,0.02848,v1.0,
109,太平區,IND_ICT,47,13,44,566,600,0.08304,0.07774,0.02297,v1.0,
109,太平區,IND_SEM,23,7,36,377,393,0.06101,0.09549,0.01857,v1.0,
109,太平區,IND_BIOMED,18,6,21,283,295,0.0636,0.0742,0.0212,v1.0,
109,太平區,IND_PRO_FIN,37,21,33,708,724,0.05226,0.04661,0.02966,v1.0,
109,太平區,IND_TRADE_LOG,35,26,33,802,811,0.04364,0.04115,0.03242,v1.0,
109,太平區,IND_TOUR_CULT,24,15,17,472,481,0.05085,0.03602,0.03178,v1.0,
109,大里區,IND_MFG,77,62,82,2265,2280,0.034,0.0362,0.02737,v1.0,
109,大里區,IND_ICT,71,21,70,849,899,0.08363,0.08245,0.02473,v1.0,
109,大里區,IND_SEM,33,8,56,566,591,0.0583,0.09894,0.01413,v1.0,
109,大里區,IND_BIOMED,28,8,33,424,444,0.06604,0.07783,0.01887,v1.0,
109,大里區,IND_PRO_FIN,57,30,52,1062,1089,0.05367,0.04896,0.02825,v1.0,
109,大里區,IND_TRADE_LOG,48,40,55,1203,1211,0.0399,0.04572,0.03325,v1.0,
109,大里區,IND_TOUR_CULT,35,24,26,708,719,0.04944,0.03672,0.0339,v1.0,
109,和平區,IND_MFG,3,2,3,75,76,0.04,0.04,0.02667,v1.0,
109,和平區,IND_ICT,2,1,2,28,29,0.07143,0.07143,0.03571,v1.0,
109,和平區,IND_SEM,2,0,2,25,27,0.08,0.08,0.0,v1.0,
109,和平區,IND_BIOMED,2,1,2,25,26,0.08,0.08,0.04,v1.0,
109,和平區,IND_PRO_FIN,2,1,2,35,36,0.05714,0.05714,0.02857,v1.0,
109,和平區,IND_TRADE_LOG,2,1,2,40,41,0.05,0.05,0.025,v1.0,
109,和平區,IND_TOUR_CULT,1,1,1,25,25,0.04,0.04,0.04,v1.0,
110,中區,IND_MFG,14,11,17,380,383,0.03684,0.04474,0.02895,v1.0,
110,中區,IND_ICT,13,4,11,150,159,0.08667,0.07333,0.02667,v1.0,
110,中區,IND_SEM,6,2,9,98,102,0.06122,0.09184,0.02041,v1.0,
110,中區,IND_BIOMED,5,2,6,74,77,0.06757,0.08108,0.02703,v1.0,
110,中區,IND_PRO_FIN,10,6,10,181,185,0.05525,0.05525,0.03315,v1.0,
110,中區,IND_TRADE_LOG,8,6,8,201,203,0.0398,0.0398,0.02985,v1.0,
110,中區,IND_TOUR_CULT,6,4,5,120,122,0.05,0.04167,0.03333,v1.0,
110,東區,IND_MFG,18,16,27,572,574,0.03147,0.0472,0.02797,v1.0,
110,東區,IND_ICT,19,5,17,224,238,0.08482,0.07589,0.02232,v1.0,
110,東區,IND_SEM,9,2,14,147,154,0.06122,0.09524,0.01361,v1.0,
110,東區,IND_BIOMED,7,3,8,111,115,0.06306,0.07207,0.02703,v1.0,
110,東區,IND_PRO_FIN,14,8,12,271,277,0.05166,0.04428,0.02952,v1.0,
110,東區,IND_TRADE_LOG,11,10,9,303,304,0.0363,0.0297,0.033,v1.0,
110,東區,IND_TOUR_CULT,9,7,7,180,182,0.05,0.03889,0.03889,v1.0,
110,南區,IND_MFG,71,49,79,1909,1931,0.03719,0.04138,0.02567,v1.0,
110,南區,IND_ICT,69,18,58,748,799,0.09225,0.07754,0.02406,v1.0,
110,南區,IND_SEM,30,9,47,491,512,0.0611,0.09572,0.01833,v1.0,
110,南區,IND_BIOMED,24,8,27,369,385,0.06504,0.07317,0.02168,v1.0,
110,南區,IND_PRO_FIN,46,27,42,908,927,0.05066,0.04626,0.02974,v1.0,
110,南區,IND_TRADE_LOG,38,28,44,1006,1016,0.03777,0.04374,0.02783,v1.0,
110,南區,IND_TOUR_CULT,32,19,25,600,613,0.05333,0.04167,0.03167,v1.0,
110,西區,IND_MFG,104,76,124,3029,3057,0.03433,0.04094,0.02509,v1.0,
110,西區,IND_ICT,103,33,89,1198,1268,0.08598,0.07429,0.02755,v1.0,
110,西區,IND_SEM,50,15,78,782,817,0.06394,0.09974,0.01918,v1.0,
110,西區,IND_BIOMED,38,14,44,594,618,0.06397,0.07407,0.02357,v1.0,
110,西區,IND_PRO_FIN,72,41,73,1451,1482,0.04962,0.05031,0.02826,v1.0,
110,西區,IND_TRADE_LOG,60,55,66,1615,1620,0.03715,0.04087,0.03406,v1.0,
110,西區,IND_TOUR_CULT,49,31,40,959,977,0.05109,0.04171,0.03233,v1.0,
110,北區,IND_MFG,97,73,116,2655,2679,0.03653,0.04369,0.0275,v1.0,
110,北區,IND_ICT,92,27,78,1049,1114,0.0877,0.07436,0.02574,v1.0,
110,北區,IND_SEM,42,14,65,688,716,0.06105,0.09448,0.02035,v1.0,
110,北區,IND_BIOMED,34,10,37,518,542,0.06564,0.07143,0.01931,v1.0,
110,北區,IND_PRO_FIN,68,41,56,1267,1294,0.05367,0.0442,0.03236,v1.0,
110,北區,IND_TRADE_LOG,48,47,62,1413,1414,0.03397,0.04388,0.03326,v1.0,
110,北區,IND_TOUR_CULT,43,30,30,837,850,0.05137,0.03584,0.03584,v1.0,
110,西屯區,IND_MFG,342,227,365,8057,8172,0.04245,0.0453,0.02817,v1.0,
110,西屯區,IND_ICT,341,77,247,3215,3479,0.10607,0.07683,0.02395,v1.0,
110,西屯區,IND_SEM,157,32,189,2078,2203,0.07555,0.09095,0.0154,v1.0,
110,西屯區,IND_BIOMED,129,34,118,1569,1664,0.08222,0.07521,0.02167,v1.0,
110,西屯區,IND_PRO_FIN,242,107,188,3826,3961,0.06325,0.04914,0.02797,v1.0,
110,西屯區,IND_TRADE_LOG,190,132,169,4266,4324,0.04454,0.03962,0.03094,v1.0,
110,西屯區,IND_TOUR_CULT,159,93,83,2521,2587,0.06307,0.03292,0.03689,v1.0,
110,南屯區,IND_MFG,216,149,213,4975,5042,0.04342,0.04281,0.02995,v1.0,
110,南屯區,IND_ICT,216,40,160,1980,2156,0.10909,0.08081,0.0202,v1.0,
110,南屯區,IND_SEM,93,23,122,1292,1362,0.07198,0.09443,0.0178,v1.0,
110,南屯區,IND_BIOMED,79,22,71,975,1032,0.08103,0.07282,0.02256,v1.0,
110,南屯區,IND_PRO_FIN,147,62,110,2380,2465,0.06176,0.04622,0.02605,v1.0,
110,南屯區,IND_TRADE_LOG,117,82,93,2650,2685,0.04415,0.03509,0.03094,v1.0,
110,南屯區,IND_TOUR_CULT,101,63,55,1577,1615,0.06405,0.03488,0.03995,v1.0,
110,北屯區,IND_MFG,250,151,244,5735,5834,0.04359,0.04255,0.02633,v1.0,
110,北屯區,IND_ICT,246,56,175,2292,2482,0.10733,0.07635,0.02443,v1.0,
110,北屯區,IND_SEM,119,30,143,1495,1584,0.0796,0.09565,0.02007,v1.0,
110,北屯區,IND_BIOMED,89,29,84,1128,1188,0.0789,0.07447,0.02571,v1.0,
110,北屯區,IND_PRO_FIN,170,83,147,2742,2829,0.062,0.05361,0.03027,v1.0,
110,北屯區,IND_TRADE_LOG,137,107,125,3053,3083,0.04487,0.04094,0.03505,v1.0,
110,北屯區,IND_TOUR_CULT,115,61,60,1808,1862,0.06361,0.03319,0.03374,v1.0,
110,豐原區,IND_MFG,66,56,80,1905,1915,0.03465,0.04199,0.0294,v1.0,
110,豐原區,IND_ICT,66,19,55,749,796,0.08812,0.07343,0.02537,v1.0,
110,豐原區,IND_SEM,31,10,48,491,512,0.06314,0.09776,0.02037,v1.0,
110,豐原區,IND_BIOMED,25,8,28,368,385,0.06793,0.07609,0.02174,v1.0,
110,豐原區,IND_PRO_FIN,44,27,45,908,925,0.04846,0.04956,0.02974,v1.0,
110,豐原區,IND_TRADE_LOG,39,31,35,1008,1016,0.03869,0.03472,0.03075,v1.0,
110,豐原區,IND_TOUR_CULT,32,22,23,600,610,0.05333,0.03833,0.03667,v1.0,
110,東勢區,IND_MFG,5,5,6,152,152,0.03289,0.03947,0.03289,v1.0,
110,東勢區,IND_ICT,5,1,5,60,64,0.08333,0.08333,0.01667,v1.0,
110,東勢區,IND_SEM,2,1,4,38,39,0.05263,0.10526,0.02632,v1.0,
110,東勢區,IND_BIOMED,2,1,2,29,30,0.06897,0.06897,0.03448,v1.0,
110,東勢區,IND_PRO_FIN,4,2,3,72,74,0.05556,0.04167,0.02778,v1.0,
110,東勢區,IND_TRADE_LOG,3,2,3,80,81,0.0375,0.0375,0.025,v1.0,
110,東勢區,IND_TOUR_CULT,2,2,2,47,47,0.04255,0.04255,0.04255,v1.0,
110,大甲區,IND_MFG,28,23,31,760,765,0.03684,0.04079,0.03026,v1.0,
110,大甲區,IND_ICT,28,7,23,300,321,0.09333,0.07667,0.02333,v1.0,
110,大甲區,IND_SEM,13,3,20,196,206,0.06633,0.10204,0.01531,v1.0,
110,大甲區,IND_BIOMED,10,3,11,147,154,0.06803,0.07483,0.02041,v1.0,
110,大甲區,IND_PRO_FIN,18,10,16,363,371,0.04959,0.04408,0.02755,v1.0,
110,大甲區,IND_TRADE_LOG,15,15,16,405,405,0.03704,0.03951,0.03704,v1.0,
110,大甲區,IND_TOUR_CULT,12,8,10,239,243,0.05021,0.04184,0.03347,v1.0,
110,清水區,IND_MFG,20,15,25,572,577,0.03497,0.04371,0.02622,v1.0,
110,清水區,IND_ICT,20,6,18,227,241,0.08811,0.0793,0.02643,v1.0,
110,清水區,IND_SEM,9,2,15,146,153,0.06164,0.10274,0.0137,v1.0,
110,清水區,IND_BIOMED,7,2,8,111,116,0.06306,0.07207,0.01802,v1.0,
110,清水區,IND_PRO_FIN,14,9,14,271,276,0.05166,0.05166,0.03321,v1.0,
110,清水區,IND_TRADE_LOG,11,10,11,300,301,0.03667,0.03667,0.03333,v1.0,
110,清水區,IND_TOUR_CULT,9,6,7,179,182,0.05028,0.03911,0.03352,v1.0,
110,沙鹿區,IND_MFG,18,18,27,575,575,0.0313,0.04696,0.0313,v1.0,
110,沙鹿區,IND_ICT,19,6,17,225,238,0.08444,0.07556,0.02667,v1.0,
110,沙鹿區,IND_SEM,9,3,14,147,153,0.06122,0.09524,0.02041,v1.0,
110,沙鹿區,IND_BIOMED,7,2,8,111,116,0.06306,0.07207,0.01802,v1.0,
110,沙鹿區,IND_PRO_FIN,14,9,13,269,274,0.05204,0.04833,0.03346,v1.0,
110,沙鹿區,IND_TRADE_LOG,11,10,12,301,302,0.03654,0.03987,0.03322,v1.0,
110,沙鹿區,IND_TOUR_CULT,10,6,8,179,183,0.05587,0.04469,0.03352,v1.0,
110,梧棲區,IND_MFG,39,33,51,1140,1146,0.03421,0.04474,0.02895,v1.0,
110,梧棲區,IND_ICT,41,10,36,450,481,0.09111,0.08,0.02222,v1.0,
110,梧棲區,IND_SEM,19,6,29,294,307,0.06463,0.09864,0.02041,v1.0,
110,梧棲區,IND_BIOMED,15,5,17,220,230,0.06818,0.07727,0.02273,v1.0,
110,梧棲區,IND_PRO_FIN,30,15,27,540,555,0.05556,0.05,0.02778,v1.0,
110,梧棲區,IND_TRADE_LOG,23,19,26,605,609,0.03802,0.04298,0.0314,v1.0,
110,梧棲區,IND_TOUR_CULT,19,13,13,358,364,0.05307,0.03631,0.03631,v1.0,
110,后里區,IND_MFG,29,21,32,761,769,0.03811,0.04205,0.0276,v1.0,
110,后里區,IND_ICT,25,8,24,300,317,0.08333,0.08,0.02667,v1.0,
110,后里區,IND_SEM,13,4,19,195,204,0.06667,0.09744,0.02051,v1.0,
110,后里區,IND_BIOMED,10,3,12,147,154,0.06803,0.08163,0.02041,v1.0,
110,后里區,IND_PRO_FIN,19,11,18,362,370,0.05249,0.04972,0.03039,v1.0,
110,后里區,IND_TRADE_LOG,15,14,16,402,403,0.03731,0.0398,0.03483,v1.0,
110,后里區,IND_TOUR_CULT,12,8,9,239,243,0.05021,0.03766,0.03347,v1.0,
110,神岡區,IND_MFG,21,15,21,571,577,0.03678,0.03678,0.02627,v1.0,
110,神岡區,IND_ICT,20,5,19,225,240,0.08889,0.08444,0.02222,v1.0,
110,神岡區,IND_SEM,9,2,15,146,153,0.06164,0.10274,0.0137,v1.0,
110,神岡區,IND_BIOMED,7,2,8,110,115,0.06364,0.07273,0.01818,v1.0,
110,神岡區,IND_PRO_FIN,14,8,14,271,277,0.05166,0.05166,0.02952,v1.0,
110,神岡區,IND_TRADE_LOG,11,10,11,302,303,0.03642,0.03642,0.03311,v1.0,
110,神岡區,IND_TOUR_CULT,9,7,7,180,182,0.05,0.03889,0.03889,v1.0,
110,潭子區,IND_MFG,84,61,86,2287,2310,0.03673,0.0376,0.02667,v1.0,
110,潭子區,IND_ICT,87,21,71,905,971,0.09613,0.07845,0.0232,v1.0,
110,潭子區,IND_SEM,41,12,55,593,622,0.06914,0.09275,0.02024,v1.0,
110,潭子區,IND_BIOMED,33,10,35,446,469,0.07399,0.07848,0.02242,v1.0,
110,潭子區,IND_PRO_FIN,64,33,54,1090,1121,0.05872,0.04954,0.03028,v1.0,
110,潭子區,IND_TRADE_LOG,53,41,52,1219,1231,0.04348,0.04266,0.03363,v1.0,
110,潭子區,IND_TOUR_CULT,42,27,27,722,737,0.05817,0.0374,0.0374,v1.0,
110,大雅區,IND_MFG,72,53,91,1912,1931,0.03766,0.04759,0.02772,v1.0,
110,大雅區,IND_ICT,71,17,59,757,811,0.09379,0.07794,0.02246,v1.0,
110,大雅區,IND_SEM,35,8,47,495,522,0.07071,0.09495,0.01616,v1.0,
110,大雅區,IND_BIOMED,26,6,27,371,391,0.07008,0.07278,0.01617,v1.0,
110,大雅區,IND_PRO_FIN,50,28,46,907,929,0.05513,0.05072,0.03087,v1.0,
110,大雅區,IND_TRADE_LOG,43,33,37,1012,1022,0.04249,0.03656,0.03261,v1.0,
110,大雅區,IND_TOUR_CULT,34,23,21,600,611,0.05667,0.035,0.03833,v1.0,
110,新社區,IND_MFG,4,3,5,115,116,0.03478,0.04348,0.02609,v1.0,
110,新社區,IND_ICT,4,1,3,44,47,0.09091,0.06818,0.02273,v1.0,
110,新社區,IND_SEM,2,1,3,29,30,0.06897,0.10345,0.03448,v1.0,
110,新社區,IND_BIOMED,2,1,2,26,27,0.07692,0.07692,0.03846,v1.0,
110,新社區,IND_PRO_FIN,3,2,3,55,56,0.05455,0.05455,0.03636,v1.0,
110,新社區,IND_TRADE_LOG,2,2,2,61,61,0.03279,0.03279,0.03279,v1.0,
110,新社區,IND_TOUR_CULT,2,1,1,36,37,0.05556,0.02778,0.02778,v1.0,
110,石岡區,IND_MFG,4,3,5,114,115,0.03509,0.04386,0.02632,v1.0,
110,石岡區,IND_ICT,4,1,4,45,48,0.08889,0.08889,0.02222,v1.0,
110,石岡區,IND_SEM,2,1,3,30,31,0.06667,0.1,0.03333,v1.0,
110,石岡區,IND_BIOMED,2,1,2,26,27,0.07692,0.07692,0.03846,v1.0,
110,石岡區,IND_PRO_FIN,3,2,2,54,55,0.05556,0.03704,0.03704,v1.0,
110,石岡區,IND_TRADE_LOG,3,2,3,60,61,0.05,0.05,0.03333,v1.0,
110,石岡區,IND_TOUR_CULT,2,1,1,36,37,0.05556,0.02778,0.02778,v1.0,
110,外埔區,IND_MFG,6,5,8,191,192,0.03141,0.04188,0.02618,v1.0,
110,外埔區,IND_ICT,7,2,6,74,79,0.09459,0.08108,0.02703,v1.0,
110,外埔區,IND_SEM,3,1,5,49,51,0.06122,0.10204,0.02041,v1.0,
110,外埔區,IND_BIOMED,2,1,3,36,37,0.05556,0.08333,0.02778,v1.0,
110,外埔區,IND_PRO_FIN,5,3,5,89,91,0.05618,0.05618,0.03371,v1.0,
110,外埔區,IND_TRADE_LOG,4,3,4,101,102,0.0396,0.0396,0.0297,v1.0,
110,外埔區,IND_TOUR_CULT,3,2,3,60,61,0.05,0.05,0.03333,v1.0,
110,大安區,IND_MFG,4,3,5,114,115,0.03509,0.04386,0.02632,v1.0,
110,大安區,IND_ICT,4,1,3,44,47,0.09091,0.06818,0.02273,v1.0,
110,大安區,IND_SEM,2,1,3,30,31,0.06667,0.1,0.03333,v1.0,
110,大安區,IND_BIOMED,2,0,2,26,28,0.07692,0.07692,0.0,v1.0,
110,大安區,IND_PRO_FIN,3,2,2,55,56,0.05455,0.03636,0.03636,v1.0,
110,大安區,IND_TRADE_LOG,2,2,2,60,60,0.03333,0.03333,0.03333,v1.0,
110,大安區,IND_TOUR_CULT,2,1,1,36,37,0.05556,0.02778,0.02778,v1.0,
110,烏日區,IND_MFG,46,29,48,1145,1162,0.04017,0.04192,0.02533,v1.0,
110,烏日區,IND_ICT,45,9,35,452,488,0.09956,0.07743,0.01991,v1.0,
110,烏日區,IND_SEM,20,6,30,296,310,0.06757,0.10135,0.02027,v1.0,
110,烏日區,IND_BIOMED,16,5,16,221,232,0.0724,0.0724,0.02262,v1.0,
110,烏日區,IND_PRO_FIN,34,16,27,547,565,0.06216,0.04936,0.02925,v1.0,
110,烏日區,IND_TRADE_LOG,27,20,24,606,613,0.04455,0.0396,0.033,v1.0,
110,烏日區,IND_TOUR_CULT,20,13,14,362,369,0.05525,0.03867,0.03591,v1.0,
110,大肚區,IND_MFG,14,11,16,382,385,0.03665,0.04188,0.0288,v1.0,
110,大肚區,IND_ICT,13,3,12,149,159,0.08725,0.08054,0.02013,v1.0,
110,大肚區,IND_SEM,6,2,10,98,102,0.06122,0.10204,0.02041,v1.0,
110,大肚區,IND_BIOMED,4,2,6,73,75,0.05479,0.08219,0.0274,v1.0,
110,大肚區,IND_PRO_FIN,10,5,8,181,186,0.05525,0.0442,0.02762,v1.0,
110,大肚區,IND_TRADE_LOG,7,7,7,200,200,0.035,0.035,0.035,v1.0,
110,大肚區,IND_TOUR_CULT,6,4,5,120,122,0.05,0.04167,0.03333,v1.0,
110,龍井區,IND_MFG,14,11,16,380,383,0.03684,0.04211,0.02895,v1.0,
110,龍井區,IND_ICT,14,4,12,150,160,0.09333,0.08,0.02667,v1.0,
110,龍井區,IND_SEM,6,2,10,98,102,0.06122,0.10204,0.02041,v1.0,
110,龍井區,IND_BIOMED,5,2,5,72,75,0.06944,0.06944,0.02778,v1.0,
110,龍井區,IND_PRO_FIN,9,5,9,181,185,0.04972,0.04972,0.02762,v1.0,
110,龍井區,IND_TRADE_LOG,8,7,8,201,202,0.0398,0.0398,0.03483,v1.0,
110,龍井區,IND_TOUR_CULT,6,4,5,120,122,0.05,0.04167,0.03333,v1.0,
110,霧峰區,IND_MFG,13,11,17,378,380,0.03439,0.04497,0.0291,v1.0,
110,霧峰區,IND_ICT,13,4,12,149,158,0.08725,0.08054,0.02685,v1.0,
110,霧峰區,IND_SEM,6,2,10,98,102,0.06122,0.10204,0.02041,v1.0,
110,霧峰區,IND_BIOMED,5,2,5,73,76,0.06849,0.06849,0.0274,v1.0,
110,霧峰區,IND_PRO_FIN,9,6,8,181,184,0.04972,0.0442,0.03315,v1.0,
110,霧峰區,IND_TRADE_LOG,7,6,7,201,202,0.03483,0.03483,0.02985,v1.0,
110,霧峰區,IND_TOUR_CULT,6,5,4,120,121,0.05,0.03333,0.04167,v1.0,
110,太平區,IND_MFG,57,50,61,1523,1530,0.03743,0.04005,0.03283,v1.0,
110,太平區,IND_ICT,54,11,46,600,643,0.09,0.07667,0.01833,v1.0,
110,太平區,IND_SEM,26,6,36,393,413,0.06616,0.0916,0.01527,v1.0,
110,太平區,IND_BIOMED,20,7,24,295,308,0.0678,0.08136,0.02373,v1.0,
110,太平區,IND_PRO_FIN,39,22,36,724,741,0.05387,0.04972,0.03039,v1.0,
110,太平區,IND_TRADE_LOG,32,27,32,811,816,0.03946,0.03946,0.03329,v1.0,
110,太平區,IND_TOUR_CULT,25,17,17,481,489,0.05198,0.03534,0.03534,v1.0,
110,大里區,IND_MFG,72,59,95,2280,2293,0.03158,0.04167,0.02588,v1.0,
110,大里區,IND_ICT,77,24,71,899,952,0.08565,0.07898,0.0267,v1.0,
110,大里區,IND_SEM,38,9,54,591,620,0.0643,0.09137,0.01523,v1.0,
110,大里區,IND_BIOMED,30,10,32,444,464,0.06757,0.07207,0.02252,v1.0,
110,大里區,IND_PRO_FIN,58,32,49,1089,1115,0.05326,0.045,0.02938,v1.0,
110,大里區,IND_TRADE_LOG,43,41,45,1211,1213,0.03551,0.03716,0.03386,v1.0,
110,大里區,IND_TOUR_CULT,35,25,28,719,729,0.04868,0.03894,0.03477,v1.0,
110,和平區,IND_MFG,3,2,3,76,77,0.03947,0.03947,0.02632,v1.0,
110,和平區,IND_ICT,3,1,2,29,31,0.10345,0.06897,0.03448,v1.0,
110,和平區,IND_SEM,2,0,3,27,29,0.07407,0.11111,0.0,v1.0,
110,和平區,IND_BIOMED,2,0,2,26,28,0.07692,0.07692,0.0,v1.0,
110,和平區,IND_PRO_FIN,2,1,2,36,37,0.05556,0.05556,0.02778,v1.0,
110,和平區,IND_TRADE_LOG,1,1,2,41,41,0.02439,0.04878,0.02439,v1.0,
110,和平區,IND_TOUR_CULT,1,1,1,25,25,0.04,0.04,0.04,v1.0,
111,中區,IND_MFG,12,10,19,383,385,0.03133,0.04961,0.02611,v1.0,
111,中區,IND_ICT,15,4,13,159,170,0.09434,0.08176,0.02516,v1.0,
111,中區,IND_SEM,7,2,10,102,107,0.06863,0.09804,0.01961,v1.0,
111,中區,IND_BIOMED,5,2,6,77,80,0.06494,0.07792,0.02597,v1.0,
111,中區,IND_PRO_FIN,10,5,8,185,190,0.05405,0.04324,0.02703,v1.0,
111,中區,IND_TRADE_LOG,9,7,7,203,205,0.04433,0.03448,0.03448,v1.0,
111,中區,IND_TOUR_CULT,7,4,4,122,125,0.05738,0.03279,0.03279,v1.0,
111,東區,IND_MFG,22,16,23,574,580,0.03833,0.04007,0.02787,v1.0,
111,東區,IND_ICT,21,5,18,238,254,0.08824,0.07563,0.02101,v1.0,
111,東區,IND_SEM,10,3,15,154,161,0.06494,0.0974,0.01948,v1.0,
111,東區,IND_BIOMED,8,3,8,115,120,0.06957,0.06957,0.02609,v1.0,
111,東區,IND_PRO_FIN,15,8,12,277,284,0.05415,0.04332,0.02888,v1.0,
111,東區,IND_TRADE_LOG,12,11,11,304,305,0.03947,0.03618,0.03618,v1.0,
111,東區,IND_TOUR_CULT,10,6,7,182,186,0.05495,0.03846,0.03297,v1.0,
111,南區,IND_MFG,68,56,82,1931,1943,0.03521,0.04247,0.029,v1.0,
111,南區,IND_ICT,71,17,63,799,853,0.08886,0.07885,0.02128,v1.0,
111,南區,IND_SEM,33,8,48,512,537,0.06445,0.09375,0.01562,v1.0,
111,南區,IND_BIOMED,27,9,30,385,403,0.07013,0.07792,0.02338,v1.0,
111,南區,IND_PRO_FIN,47,29,44,927,945,0.0507,0.04746,0.03128,v1.0,
111,南區,IND_TRADE_LOG,38,34,47,1016,1020,0.0374,0.04626,0.03346,v1.0,
111,南區,IND_TOUR_CULT,33,22,23,613,624,0.05383,0.03752,0.03589,v1.0,
111,西區,IND_MFG,104,91,135,3057,3070,0.03402,0.04416,0.02977,v1.0,
111,西區,IND_ICT,114,26,94,1268,1356,0.08991,0.07413,0.0205,v1.0,
111,西區,IND_SEM,54,11,76,817,860,0.0661,0.09302,0.01346,v1.0,
111,西區,IND_BIOMED,43,14,51,618,647,0.06958,0.08252,0.02265,v1.0,
111,西區,IND_PRO_FIN,81,43,71,1482,1520,0.05466,0.04791,0.02901,v1.0,
111,西區,IND_TRADE_LOG,63,54,62,1620,1629,0.03889,0.03827,0.03333,v1.0,
111,西區,IND_TOUR_CULT,53,36,35,977,994,0.05425,0.03582,0.03685,v1.0,
111,北區,IND_MFG,91,78,106,2679,2692,0.03397,0.03957,0.02912,v1.0,
111,北區,IND_ICT,100,27,87,1114,1187,0.08977,0.0781,0.02424,v1.0,
111,北區,IND_SEM,48,13,70,716,751,0.06704,0.09777,0.01816,v1.0,
111,北區,IND_BIOMED,38,13,43,542,567,0.07011,0.07934,0.02399,v1.0,
111,北區,IND_PRO_FIN,69,35,57,1294,1328,0.05332,0.04405,0.02705,v1.0,
111,北區,IND_TRADE_LOG,52,46,53,1414,1420,0.03678,0.03748,0.03253,v1.0,
111,北區,IND_TOUR_CULT,45,30,34,850,865,0.05294,0.04,0.03529,v1.0,
111,西屯區,IND_MFG,346,197,345,8172,8321,0.04234,0.04222,0.02411,v1.0,
111,西屯區,IND_ICT,378,75,270,3479,3782,0.10865,0.07761,0.02156,v1.0,
111,西屯區,IND_SEM,175,45,222,2203,2333,0.07944,0.10077,0.02043,v1.0,
111,西屯區,IND_BIOMED,137,37,132,1664,1764,0.08233,0.07933,0.02224,v1.0,
111,西屯區,IND_PRO_FIN,252,112,183,3961,4101,0.06362,0.0462,0.02828,v1.0,
111,西屯區,IND_TRADE_LOG,191,144,171,4324,4371,0.04417,0.03955,0.0333,v1.0,
111,西屯區,IND_TOUR_CULT,167,97,102,2587,2657,0.06455,0.03943,0.0375,v1.0,
111,南屯區,IND_MFG,218,115,189,5042,5145,0.04324,0.03749,0.02281,v1.0,
111,南屯區,IND_ICT,242,51,159,2156,2347,0.11224,0.07375,0.02365,v1.0,
111,南屯區,IND_SEM,103,26,123,1362,1439,0.07562,0.09031,0.01909,v1.0,
111,南屯區,IND_BIOMED,87,17,76,1032,1102,0.0843,0.07364,0.01647,v1.0,
111,南屯區,IND_PRO_FIN,156,64,121,2465,2557,0.06329,0.04909,0.02596,v1.0,
111,南屯區,IND_TRADE_LOG,121,92,105,2685,2714,0.04507,0.03911,0.03426,v1.0,
111,南屯區,IND_TOUR_CULT,104,60,57,1615,1659,0.0644,0.03529,0.03715,v1.0,
111,北屯區,IND_MFG,240,152,245,5834,5922,0.04114,0.042,0.02605,v1.0,
111,北屯區,IND_ICT,272,59,187,2482,2695,0.10959,0.07534,0.02377,v1.0,
111,北屯區,IND_SEM,129,23,146,1584,1690,0.08144,0.09217,0.01452,v1.0,
111,北屯區,IND_BIOMED,102,25,88,1188,1265,0.08586,0.07407,0.02104,v1.0,
111,北屯區,IND_PRO_FIN,188,92,131,2829,2925,0.06645,0.04631,0.03252,v1.0,
111,北屯區,IND_TRADE_LOG,142,115,116,3083,3110,0.04606,0.03763,0.0373,v1.0,
111,北屯區,IND_TOUR_CULT,118,66,75,1862,1914,0.06337,0.04028,0.03545,v1.0,
111,豐原區,IND_MFG,70,54,89,1915,1931,0.03655,0.04648,0.0282,v1.0,
111,豐原區,IND_ICT,71,18,63,796,849,0.0892,0.07915,0.02261,v1.0,
111,豐原區,IND_SEM,35,9,49,512,538,0.06836,0.0957,0.01758,v1.0,
111,豐原區,IND_BIOMED,26,8,27,385,403,0.06753,0.07013,0.02078,v1.0,
111,豐原區,IND_PRO_FIN,51,25,43,925,951,0.05514,0.04649,0.02703,v1.0,
111,豐原區,IND_TRADE_LOG,39,35,43,1016,1020,0.03839,0.04232,0.03445,v1.0,
111,豐原區,IND_TOUR_CULT,34,20,22,610,624,0.05574,0.03607,0.03279,v1.0,
111,東勢區,IND_MFG,6,4,6,152,154,0.03947,0.03947,0.02632,v1.0,
111,東勢區,IND_ICT,6,2,5,64,68,0.09375,0.07812,0.03125,v1.0,
111,東勢區,IND_SEM,3,1,4,39,41,0.07692,0.10256,0.02564,v1.0,
111,東勢區,IND_BIOMED,2,1,2,30,31,0.06667,0.06667,0.03333,v1.0,
111,東勢區,IND_PRO_FIN,4,2,4,74,76,0.05405,0.05405,0.02703,v1.0,
111,東勢區,IND_TRADE_LOG,3,3,3,81,81,0.03704,0.03704,0.03704,v1.0,
111,東勢區,IND_TOUR_CULT,2,2,2,47,47,0.04255,0.04255,0.04255,v1.0,
111,大甲區,IND_MFG,26,22,31,765,769,0.03399,0.04052,0.02876,v1.0,
111,大甲區,IND_ICT,30,7,26,321,344,0.09346,0.081,0.02181,v1.0,
111,大甲區,IND_SEM,13,4,20,206,215,0.06311,0.09709,0.01942,v1.0,
111,大甲區,IND_BIOMED,11,4,12,154,161,0.07143,0.07792,0.02597,v1.0,
111,大甲區,IND_PRO_FIN,20,11,19,371,380,0.05391,0.05121,0.02965,v1.0,
111,大甲區,IND_TRADE_LOG,14,13,16,405,406,0.03457,0.03951,0.0321,v1.0,
111,大甲區,IND_TOUR_CULT,13,9,10,243,247,0.0535,0.04115,0.03704,v1.0,
111,清水區,IND_MFG,20,18,25,577,579,0.03466,0.04333,0.0312,v1.0,
111,清水區,IND_ICT,22,6,21,241,257,0.09129,0.08714,0.0249,v1.0,
111,清水區,IND_SEM,9,3,15,153,159,0.05882,0.09804,0.01961,v1.0,
111,清水區,IND_BIOMED,8,3,9,116,121,0.06897,0.07759,0.02586,v1.0,
111,清水區,IND_PRO_FIN,14,8,13,276,282,0.05072,0.0471,0.02899,v1.0,
111,清水區,IND_TRADE_LOG,11,11,12,301,301,0.03654,0.03987,0.03654,v1.0,
111,清水區,IND_TOUR_CULT,10,7,6,182,185,0.05495,0.03297,0.03846,v1.0,
111,沙鹿區,IND_MFG,21,16,23,575,580,0.03652,0.04,0.02783,v1.0,
111,沙鹿區,IND_ICT,22,6,18,238,254,0.09244,0.07563,0.02521,v1.0,
111,沙鹿區,IND_SEM,10,2,15,153,161,0.06536,0.09804,0.01307,v1.0,
111,沙鹿區,IND_BIOMED,8,2,9,116,122,0.06897,0.07759,0.01724,v1.0,
111,沙鹿區,IND_PRO_FIN,16,8,13,274,282,0.05839,0.04745,0.0292,v1.0,
111,沙鹿區,IND_TRADE_LOG,12,9,10,302,305,0.03974,0.03311,0.0298,v1.0,
111,沙鹿區,IND_TOUR_CULT,9,6,8,183,186,0.04918,0.04372,0.03279,v1.0,
111,梧棲區,IND_MFG,45,33,46,1146,1158,0.03927,0.04014,0.0288,v1.0,
111,梧棲區,IND_ICT,45,14,40,481,512,0.09356,0.08316,0.02911,v1.0,
111,梧棲區,IND_SEM,21,6,30,307,322,0.0684,0.09772,0.01954,v1.0,
111,梧棲區,IND_BIOMED,16,5,17,230,241,0.06957,0.07391,0.02174,v1.0,
111,梧棲區,IND_PRO_FIN,30,16,26,555,569,0.05405,0.04685,0.02883,v1.0,
111,梧棲區,IND_TRADE_LOG,23,20,25,609,612,0.03777,0.04105,0.03284,v1.0,
111,梧棲區,IND_TOUR_CULT,20,13,13,364,371,0.05495,0.03571,0.03571,v1.0,
111,后里區,IND_MFG,25,21,28,769,773,0.03251,0.03641,0.02731,v1.0,
111,后里區,IND_ICT,29,8,26,317,338,0.09148,0.08202,0.02524,v1.0,
111,后里區,IND_SEM,13,4,21,204,213,0.06373,0.10294,0.01961,v1.0,
111,后里區,IND_BIOMED,11,3,11,154,162,0.07143,0.07143,0.01948,v1.0,
111,后里區,IND_PRO_FIN,19,12,19,370,377,0.05135,0.05135,0.03243,v1.0,
111,后里區,IND_TRADE_LOG,16,12,15,403,407,0.0397,0.03722,0.02978,v1.0,
111,后里區,IND_TOUR_CULT,13,9,8,243,247,0.0535,0.03292,0.03704,v1.0,
111,神岡區,IND_MFG,20,14,23,577,583,0.03466,0.03986,0.02426,v1.0,
111,神岡區,IND_ICT,22,5,18,240,257,0.09167,0.075,0.02083,v1.0,
111,神岡區,IND_SEM,9,3,15,153,159,0.05882,0.09804,0.01961,v1.0,
111,神岡區,IND_BIOMED,8,2,8,115,121,0.06957,0.06957,0.01739,v1.0,
111,神岡區,IND_PRO_FIN,15,8,12,277,284,0.05415,0.04332,0.02888,v1.0,
111,神岡區,IND_TRADE_LOG,12,10,13,303,305,0.0396,0.0429,0.033,v1.0,
111,神岡區,IND_TOUR_CULT,10,6,6,182,186,0.05495,0.03297,0.03297,v1.0,
111,潭子區,IND_MFG,86,69,100,2310,2327,0.03723,0.04329,0.02987,v1.0,
111,潭子區,IND_ICT,96,23,80,971,1044,0.09887,0.08239,0.02369,v1.0,
111,潭子區,IND_SEM,44,8,58,622,658,0.07074,0.09325,0.01286,v1.0,
111,潭子區,IND_BIOMED,36,10,36,469,495,0.07676,0.07676,0.02132,v1.0,
111,潭子區,IND_PRO_FIN,66,29,56,1121,1158,0.05888,0.04996,0.02587,v1.0,
111,潭子區,IND_TRADE_LOG,49,38,51,1231,1242,0.03981,0.04143,0.03087,v1.0,
111,潭子區,IND_TOUR_CULT,44,26,25,737,755,0.0597,0.03392,0.03528,v1.0,
111,大雅區,IND_MFG,73,59,72,1931,1945,0.0378,0.03729,0.03055,v1.0,
111,大雅區,IND_ICT,81,20,61,811,872,0.09988,0.07522,0.02466,v1.0,
111,大雅區,IND_SEM,38,9,49,522,551,0.0728,0.09387,0.01724,v1.0,
111,大雅區,IND_BIOMED,30,9,30,391,412,0.07673,0.07673,0.02302,v1.0,
111,大雅區,IND_PRO_FIN,54,27,42,929,956,0.05813,0.04521,0.02906,v1.0,
111,大雅區,IND_TRADE_LOG,40,35,31,1022,1027,0.03914,0.03033,0.03425,v1.0,
111,大雅區,IND_TOUR_CULT,37,20,19,611,628,0.06056,0.0311,0.03273,v1.0,
111,新社區,IND_MFG,4,3,6,116,117,0.03448,0.05172,0.02586,v1.0,
111,新社區,IND_ICT,4,1,4,47,50,0.08511,0.08511,0.02128,v1.0,
111,新社區,IND_SEM,2,1,3,30,31,0.06667,0.1,0.03333,v1.0,
111,新社區,IND_BIOMED,2,1,2,27,28,0.07407,0.07407,0.03704,v1.0,
111,新社區,IND_PRO_FIN,3,2,3,56,57,0.05357,0.05357,0.03571,v1.0,
111,新社區,IND_TRADE_LOG,2,2,3,61,61,0.03279,0.04918,0.03279,v1.0,
111,新社區,IND_TOUR_CULT,2,1,2,37,38,0.05405,0.05405,0.02703,v1.0,
111,石岡區,IND_MFG,4,3,5,115,116,0.03478,0.04348,0.02609,v1.0,
111,石岡區,IND_ICT,4,1,4,48,51,0.08333,0.08333,0.02083,v1.0,
111,石岡區,IND_SEM,2,1,3,31,32,0.06452,0.09677,0.03226,v1.0,
111,石岡區,IND_BIOMED,2,1,2,27,28,0.07407,0.07407,0.03704,v1.0,
111,石岡區,IND_PRO_FIN,3,2,3,55,56,0.05455,0.05455,0.03636,v1.0,
111,石岡區,IND_TRADE_LOG,2,2,3,61,61,0.03279,0.04918,0.03279,v1.0,
111,石岡區,IND_TOUR_CULT,2,1,1,37,38,0.05405,0.02703,0.02703,v1.0,
111,外埔區,IND_MFG,7,5,7,192,194,0.03646,0.03646,0.02604,v1.0,
111,外埔區,IND_ICT,7,2,6,79,84,0.08861,0.07595,0.02532,v1.0,
111,外埔區,IND_SEM,3,1,5,51,53,0.05882,0.09804,0.01961,v1.0,
111,外埔區,IND_BIOMED,3,1,3,37,39,0.08108,0.08108,0.02703,v1.0,
111,外埔區,IND_PRO_FIN,5,3,4,91,93,0.05495,0.04396,0.03297,v1.0,
111,外埔區,IND_TRADE_LOG,4,3,4,102,103,0.03922,0.03922,0.02941,v1.0,
111,外埔區,IND_TOUR_CULT,3,2,3,61,62,0.04918,0.04918,0.03279,v1.0,
111,大安區,IND_MFG,4,3,5,115,116,0.03478,0.04348,0.02609,v1.0,
111,大安區,IND_ICT,4,1,4,47,50,0.08511,0.08511,0.02128,v1.0,
111,大安區,IND_SEM,2,1,3,31,32,0.06452,0.09677,0.03226,v1.0,
111,大安區,IND_BIOMED,2,1,2,28,29,0.07143,0.07143,0.03571,v1.0,
111,大安區,IND_PRO_FIN,3,2,3,56,57,0.05357,0.05357,0.03571,v1.0,
111,大安區,IND_TRADE_LOG,2,2,2,60,60,0.03333,0.03333,0.03333,v1.0,
111,大安區,IND_TOUR_CULT,2,1,2,37,38,0.05405,0.05405,0.02703,v1.0,
111,烏日區,IND_MFG,45,30,49,1162,1177,0.03873,0.04217,0.02582,v1.0,
111,烏日區,IND_ICT,50,13,36,488,525,0.10246,0.07377,0.02664,v1.0,
111,烏日區,IND_SEM,22,6,30,310,326,0.07097,0.09677,0.01935,v1.0,
111,烏日區,IND_BIOMED,17,5,18,232,244,0.07328,0.07759,0.02155,v1.0,
111,烏日區,IND_PRO_FIN,34,17,25,565,582,0.06018,0.04425,0.03009,v1.0,
111,烏日區,IND_TRADE_LOG,27,19,22,613,621,0.04405,0.03589,0.031,v1.0,
111,烏日區,IND_TOUR_CULT,22,13,14,369,378,0.05962,0.03794,0.03523,v1.0,
111,大肚區,IND_MFG,14,12,17,385,387,0.03636,0.04416,0.03117,v1.0,
111,大肚區,IND_ICT,15,4,12,159,170,0.09434,0.07547,0.02516,v1.0,
111,大肚區,IND_SEM,7,2,10,102,107,0.06863,0.09804,0.01961,v1.0,
111,大肚區,IND_BIOMED,5,1,6,75,79,0.06667,0.08,0.01333,v1.0,
111,大肚區,IND_PRO_FIN,10,5,9,186,191,0.05376,0.04839,0.02688,v1.0,
111,大肚區,IND_TRADE_LOG,8,7,8,200,201,0.04,0.04,0.035,v1.0,
111,大肚區,IND_TOUR_CULT,6,4,5,122,124,0.04918,0.04098,0.03279,v1.0,
111,龍井區,IND_MFG,14,10,17,383,387,0.03655,0.04439,0.02611,v1.0,
111,龍井區,IND_ICT,15,4,12,160,171,0.09375,0.075,0.025,v1.0,
111,龍井區,IND_SEM,7,2,10,102,107,0.06863,0.09804,0.01961,v1.0,
111,龍井區,IND_BIOMED,5,2,6,75,78,0.06667,0.08,0.02667,v1.0,
111,龍井區,IND_PRO_FIN,10,5,8,185,190,0.05405,0.04324,0.02703,v1.0,
111,龍井區,IND_TRADE_LOG,7,7,8,202,202,0.03465,0.0396,0.03465,v1.0,
111,龍井區,IND_TOUR_CULT,6,4,5,122,124,0.04918,0.04098,0.03279,v1.0,
111,霧峰區,IND_MFG,14,11,15,380,383,0.03684,0.03947,0.02895,v1.0,
111,霧峰區,IND_ICT,15,4,13,158,169,0.09494,0.08228,0.02532,v1.0,
111,霧峰區,IND_SEM,7,2,9,102,107,0.06863,0.08824,0.01961,v1.0,
111,霧峰區,IND_BIOMED,5,2,5,76,79,0.06579,0.06579,0.02632,v1.0,
111,霧峰區,IND_PRO_FIN,10,6,9,184,188,0.05435,0.04891,0.03261,v1.0,
111,霧峰區,IND_TRADE_LOG,8,7,9,202,203,0.0396,0.04455,0.03465,v1.0,
111,霧峰區,IND_TOUR_CULT,7,4,5,121,124,0.05785,0.04132,0.03306,v1.0,
111,太平區,IND_MFG,52,49,60,1530,1533,0.03399,0.03922,0.03203,v1.0,
111,太平區,IND_ICT,58,16,50,643,685,0.0902,0.07776,0.02488,v1.0,
111,太平區,IND_SEM,27,7,42,413,433,0.06538,0.10169,0.01695,v1.0,
111,太平區,IND_BIOMED,21,6,22,308,323,0.06818,0.07143,0.01948,v1.0,
111,太平區,IND_PRO_FIN,39,21,35,741,759,0.05263,0.04723,0.02834,v1.0,
111,太平區,IND_TRADE_LOG,29,27,28,816,818,0.03554,0.03431,0.03309,v1.0,
111,太平區,IND_TOUR_CULT,25,17,20,489,497,0.05112,0.0409,0.03476,v1.0,
111,大里區,IND_MFG,72,61,94,2293,2304,0.0314,0.04099,0.0266,v1.0,
111,大里區,IND_ICT,87,19,78,952,1020,0.09139,0.08193,0.01996,v1.0,
111,大里區,IND_SEM,40,12,59,620,648,0.06452,0.09516,0.01935,v1.0,
111,大里區,IND_BIOMED,32,10,34,464,486,0.06897,0.07328,0.02155,v1.0,
111,大里區,IND_PRO_FIN,58,32,57,1115,1141,0.05202,0.05112,0.0287,v1.0,
111,大里區,IND_TRADE_LOG,50,38,47,1213,1225,0.04122,0.03875,0.03133,v1.0,
111,大里區,IND_TOUR_CULT,37,23,24,729,743,0.05075,0.03292,0.03155,v1.0,
111,和平區,IND_MFG,3,2,3,77,78,0.03896,0.03896,0.02597,v1.0,
111,和平區,IND_ICT,3,1,2,31,33,0.09677,0.06452,0.03226,v1.0,
111,和平區,IND_SEM,2,1,3,29,30,0.06897,0.10345,0.03448,v1.0,
111,和平區,IND_BIOMED,2,1,2,28,29,0.07143,0.07143,0.03571,v1.0,
111,和平區,IND_PRO_FIN,2,1,2,37,38,0.05405,0.05405,0.02703,v1.0,
111,和平區,IND_TRADE_LOG,2,1,2,41,42,0.04878,0.04878,0.02439,v1.0,
111,和平區,IND_TOUR_CULT,1,1,1,25,25,0.04,0.04,0.04,v1.0,
112,中區,IND_MFG,14,11,16,385,388,0.03636,0.04156,0.02857,v1.0,
112,中區,IND_ICT,16,4,13,170,182,0.09412,0.07647,0.02353,v1.0,
112,中區,IND_SEM,7,2,10,107,112,0.06542,0.09346,0.01869,v1.0,
112,中區,IND_BIOMED,5,2,6,80,83,0.0625,0.075,0.025,v1.0,
112,中區,IND_PRO_FIN,10,5,9,190,195,0.05263,0.04737,0.02632,v1.0,
112,中區,IND_TRADE_LOG,7,7,8,205,205,0.03415,0.03902,0.03415,v1.0,
112,中區,IND_TOUR_CULT,7,4,5,125,128,0.056,0.04,0.032,v1.0,
112,東區,IND_MFG,20,15,25,580,585,0.03448,0.0431,0.02586,v1.0,
112,東區,IND_ICT,25,7,19,254,272,0.09843,0.0748,0.02756,v1.0,
112,東區,IND_SEM,11,3,15,161,169,0.06832,0.09317,0.01863,v1.0,
112,東區,IND_BIOMED,8,3,9,120,125,0.06667,0.075,0.025,v1.0,
112,東區,IND_PRO_FIN,15,9,14,284,290,0.05282,0.0493,0.03169,v1.0,
112,東區,IND_TRADE_LOG,10,9,13,305,306,0.03279,0.04262,0.02951,v1.0,
112,東區,IND_TOUR_CULT,11,6,8,186,191,0.05914,0.04301,0.03226,v1.0,
112,南區,IND_MFG,63,54,75,1943,1952,0.03242,0.0386,0.02779,v1.0,
112,南區,IND_ICT,81,23,69,853,911,0.09496,0.08089,0.02696,v1.0,
112,南區,IND_SEM,38,9,51,537,566,0.07076,0.09497,0.01676,v1.0,
112,南區,IND_BIOMED,27,10,29,403,420,0.067,0.07196,0.02481,v1.0,
112,南區,IND_PRO_FIN,54,26,42,945,973,0.05714,0.04444,0.02751,v1.0,
112,南區,IND_TRADE_LOG,37,32,41,1020,1025,0.03627,0.0402,0.03137,v1.0,
112,南區,IND_TOUR_CULT,35,22,23,624,637,0.05609,0.03686,0.03526,v1.0,
112,西區,IND_MFG,105,83,129,3070,3092,0.0342,0.04202,0.02704,v1.0,
112,西區,IND_ICT,129,32,105,1356,1453,0.09513,0.07743,0.0236,v1.0,
112,西區,IND_SEM,58,16,87,860,902,0.06744,0.10116,0.0186,v1.0,
112,西區,IND_BIOMED,45,14,50,647,678,0.06955,0.07728,0.02164,v1.0,
112,西區,IND_PRO_FIN,86,44,75,1520,1562,0.05658,0.04934,0.02895,v1.0,
112,西區,IND_TRADE_LOG,60,50,56,1629,1639,0.03683,0.03438,0.03069,v1.0,
112,西區,IND_TOUR_CULT,52,38,38,994,1008,0.05231,0.03823,0.03823,v1.0,
112,北區,IND_MFG,102,78,118,2692,2716,0.03789,0.04383,0.02897,v1.0,
112,北區,IND_ICT,108,27,91,1187,1268,0.09099,0.07666,0.02275,v1.0,
112,北區,IND_SEM,50,13,72,751,788,0.06658,0.09587,0.01731,v1.0,
112,北區,IND_BIOMED,38,11,44,567,594,0.06702,0.0776,0.0194,v1.0,
112,北區,IND_PRO_FIN,73,36,72,1328,1365,0.05497,0.05422,0.02711,v1.0,
112,北區,IND_TRADE_LOG,44,50,54,1420,1414,0.03099,0.03803,0.03521,v1.0,
112,北區,IND_TOUR_CULT,51,31,30,865,885,0.05896,0.03468,0.03584,v1.0,
112,西屯區,IND_MFG,327,277,347,8321,8371,0.0393,0.0417,0.03329,v1.0,
112,西屯區,IND_ICT,424,94,298,3782,4112,0.11211,0.07879,0.02485,v1.0,
112,西屯區,IND_SEM,196,43,225,2333,2486,0.08401,0.09644,0.01843,v1.0,
112,西屯區,IND_BIOMED,149,38,134,1764,1875,0.08447,0.07596,0.02154,v1.0,
112,西屯區,IND_PRO_FIN,274,122,192,4101,4253,0.06681,0.04682,0.02975,v1.0,
112,西屯區,IND_TRADE_LOG,191,144,185,4371,4418,0.0437,0.04232,0.03294,v1.0,
112,西屯區,IND_TOUR_CULT,168,88,111,2657,2737,0.06323,0.04178,0.03312,v1.0,
112,南屯區,IND_MFG,200,158,207,5145,5187,0.03887,0.04023,0.03071,v1.0,
112,南屯區,IND_ICT,260,61,205,2347,2546,0.11078,0.08735,0.02599,v1.0,
112,南屯區,IND_SEM,118,27,138,1439,1530,0.082,0.0959,0.01876,v1.0,
112,南屯區,IND_BIOMED,95,25,85,1102,1172,0.08621,0.07713,0.02269,v1.0,
112,南屯區,IND_PRO_FIN,168,73,121,2557,2652,0.0657,0.04732,0.02855,v1.0,
112,南屯區,IND_TRADE_LOG,118,93,115,2714,2739,0.04348,0.04237,0.03427,v1.0,
112,南屯區,IND_TOUR_CULT,101,59,66,1659,1701,0.06088,0.03978,0.03556,v1.0,
112,北屯區,IND_MFG,238,179,242,5922,5981,0.04019,0.04086,0.03023,v1.0,
112,北屯區,IND_ICT,315,67,204,2695,2943,0.11688,0.0757,0.02486,v1.0,
112,北屯區,IND_SEM,135,28,155,1690,1797,0.07988,0.09172,0.01657,v1.0,
112,北屯區,IND_BIOMED,110,29,98,1265,1346,0.08696,0.07747,0.02292,v1.0,
112,北屯區,IND_PRO_FIN,196,81,145,2925,3040,0.06701,0.04957,0.02769,v1.0,
112,北屯區,IND_TRADE_LOG,139,107,129,3110,3142,0.04469,0.04148,0.03441,v1.0,
112,北屯區,IND_TOUR_CULT,132,68,77,1914,1978,0.06897,0.04023,0.03553,v1.0,
112,豐原區,IND_MFG,68,51,81,1931,1948,0.03521,0.04195,0.02641,v1.0,
112,豐原區,IND_ICT,80,19,64,849,910,0.09423,0.07538,0.02238,v1.0,
112,豐原區,IND_SEM,36,9,50,538,565,0.06691,0.09294,0.01673,v1.0,
112,豐原區,IND_BIOMED,27,9,30,403,421,0.067,0.07444,0.02233,v1.0,
112,豐原區,IND_PRO_FIN,50,29,48,951,972,0.05258,0.05047,0.03049,v1.0,
112,豐原區,IND_TRADE_LOG,34,32,37,1020,1022,0.03333,0.03627,0.03137,v1.0,
112,豐原區,IND_TOUR_CULT,33,22,25,624,635,0.05288,0.04006,0.03526,v1.0,
112,東勢區,IND_MFG,5,5,6,154,154,0.03247,0.03896,0.03247,v1.0,
112,東勢區,IND_ICT,6,2,5,68,72,0.08824,0.07353,0.02941,v1.0,
112,東勢區,IND_SEM,3,0,4,41,44,0.07317,0.09756,0.0,v1.0,
112,東勢區,IND_BIOMED,2,1,2,31,32,0.06452,0.06452,0.03226,v1.0,
112,東勢區,IND_PRO_FIN,4,2,4,76,78,0.05263,0.05263,0.02632,v1.0,
112,東勢區,IND_TRADE_LOG,3,3,3,81,81,0.03704,0.03704,0.03704,v1.0,
112,東勢區,IND_TOUR_CULT,3,2,2,47,48,0.06383,0.04255,0.04255,v1.0,
112,大甲區,IND_MFG,25,19,32,769,775,0.03251,0.04161,0.02471,v1.0,
112,大甲區,IND_ICT,32,8,26,344,368,0.09302,0.07558,0.02326,v1.0,
112,大甲區,IND_SEM,15,4,20,215,226,0.06977,0.09302,0.0186,v1.0,
112,大甲區,IND_BIOMED,11,3,12,161,169,0.06832,0.07453,0.01863,v1.0,
112,大甲區,IND_PRO_FIN,21,10,19,380,391,0.05526,0.05,0.02632,v1.0,
112,大甲區,IND_TRADE_LOG,14,12,15,406,408,0.03448,0.03695,0.02956,v1.0,
112,大甲區,IND_TOUR_CULT,13,9,9,247,251,0.05263,0.03644,0.03644,v1.0,
112,清水區,IND_MFG,20,17,25,579,582,0.03454,0.04318,0.02936,v1.0,
112,清水區,IND_ICT,24,6,20,257,275,0.09339,0.07782,0.02335,v1.0,
112,清水區,IND_SEM,11,2,15,159,168,0.06918,0.09434,0.01258,v1.0,
112,清水區,IND_BIOMED,8,3,10,121,126,0.06612,0.08264,0.02479,v1.0,
112,清水區,IND_PRO_FIN,16,8,15,282,290,0.05674,0.05319,0.02837,v1.0,
112,清水區,IND_TRADE_LOG,11,10,11,301,302,0.03654,0.03654,0.03322,v1.0,
112,清水區,IND_TOUR_CULT,10,6,8,185,189,0.05405,0.04324,0.03243,v1.0,
112,沙鹿區,IND_MFG,19,17,24,580,582,0.03276,0.04138,0.02931,v1.0,
112,沙鹿區,IND_ICT,23,6,18,254,271,0.09055,0.07087,0.02362,v1.0,
112,沙鹿區,IND_SEM,10,3,15,161,168,0.06211,0.09317,0.01863,v1.0,
112,沙鹿區,IND_BIOMED,8,3,10,122,127,0.06557,0.08197,0.02459,v1.0,
112,沙鹿區,IND_PRO_FIN,15,8,14,282,289,0.05319,0.04965,0.02837,v1.0,
112,沙鹿區,IND_TRADE_LOG,12,10,12,305,307,0.03934,0.03934,0.03279,v1.0,
112,沙鹿區,IND_TOUR_CULT,10,7,6,186,189,0.05376,0.03226,0.03763,v1.0,
112,梧棲區,IND_MFG,39,30,46,1158,1167,0.03368,0.03972,0.02591,v1.0,
112,梧棲區,IND_ICT,50,14,38,512,548,0.09766,0.07422,0.02734,v1.0,
112,梧棲區,IND_SEM,21,6,32,322,337,0.06522,0.09938,0.01863,v1.0,
112,梧棲區,IND_BIOMED,17,5,18,241,253,0.07054,0.07469,0.02075,v1.0,
112,梧棲區,IND_PRO_FIN,31,17,26,569,583,0.05448,0.04569,0.02988,v1.0,
112,梧棲區,IND_TRADE_LOG,21,19,23,612,614,0.03431,0.03758,0.03105,v1.0,
112,梧棲區,IND_TOUR_CULT,19,15,14,371,375,0.05121,0.03774,0.04043,v1.0,
112,后里區,IND_MFG,27,21,32,773,779,0.03493,0.0414,0.02717,v1.0,
112,后里區,IND_ICT,32,7,27,338,363,0.09467,0.07988,0.02071,v1.0,
112,后里區,IND_SEM,15,4,21,213,224,0.07042,0.09859,0.01878,v1.0,
112,后里區,IND_BIOMED,12,4,12,162,170,0.07407,0.07407,0.02469,v1.0,
112,后里區,IND_PRO_FIN,21,11,18,377,387,0.0557,0.04775,0.02918,v1.0,
112,后里區,IND_TRADE_LOG,15,12,18,407,410,0.03686,0.04423,0.02948,v1.0,
112,后里區,IND_TOUR_CULT,13,9,10,247,251,0.05263,0.04049,0.03644,v1.0,
112,神岡區,IND_MFG,20,16,25,583,587,0.03431,0.04288,0.02744,v1.0,
112,神岡區,IND_ICT,25,6,19,257,276,0.09728,0.07393,0.02335,v1.0,
112,神岡區,IND_SEM,11,3,14,159,167,0.06918,0.08805,0.01887,v1.0,
112,神岡區,IND_BIOMED,9,3,9,121,127,0.07438,0.07438,0.02479,v1.0,
112,神岡區,IND_PRO_FIN,15,8,13,284,291,0.05282,0.04577,0.02817,v1.0,
112,神岡區,IND_TRADE_LOG,11,10,13,305,306,0.03607,0.04262,0.03279,v1.0,
112,神岡區,IND_TOUR_CULT,10,7,7,186,189,0.05376,0.03763,0.03763,v1.0,
112,潭子區,IND_MFG,91,60,109,2327,2358,0.03911,0.04684,0.02578,v1.0,
112,潭子區,IND_ICT,108,25,77,1044,1127,0.10345,0.07375,0.02395,v1.0,
112,潭子區,IND_SEM,50,12,65,658,696,0.07599,0.09878,0.01824,v1.0,
112,潭子區,IND_BIOMED,38,10,37,495,523,0.07677,0.07475,0.0202,v1.0,
112,潭子區,IND_PRO_FIN,74,34,50,1158,1198,0.0639,0.04318,0.02936,v1.0,
112,潭子區,IND_TRADE_LOG,55,41,48,1242,1256,0.04428,0.03865,0.03301,v1.0,
112,潭子區,IND_TOUR_CULT,45,28,28,755,772,0.0596,0.03709,0.03709,v1.0,
112,大雅區,IND_MFG,63,49,91,1945,1959,0.03239,0.04679,0.02519,v1.0,
112,大雅區,IND_ICT,91,22,67,872,941,0.10436,0.07683,0.02523,v1.0,
112,大雅區,IND_SEM,39,12,54,551,578,0.07078,0.098,0.02178,v1.0,
112,大雅區,IND_BIOMED,31,9,31,412,434,0.07524,0.07524,0.02184,v1.0,
112,大雅區,IND_PRO_FIN,58,26,46,956,988,0.06067,0.04812,0.0272,v1.0,
112,大雅區,IND_TRADE_LOG,42,33,46,1027,1036,0.0409,0.04479,0.03213,v1.0,
112,大雅區,IND_TOUR_CULT,39,21,21,628,646,0.0621,0.03344,0.03344,v1.0,
112,新社區,IND_MFG,4,3,5,117,118,0.03419,0.04274,0.02564,v1.0,
112,新社區,IND_ICT,5,1,4,50,54,0.1,0.08,0.02,v1.0,
112,新社區,IND_SEM,2,1,3,31,32,0.06452,0.09677,0.03226,v1.0,
112,新社區,IND_BIOMED,2,1,2,28,29,0.07143,0.07143,0.03571,v1.0,
112,新社區,IND_PRO_FIN,3,2,3,57,58,0.05263,0.05263,0.03509,v1.0,
112,新社區,IND_TRADE_LOG,2,2,2,61,61,0.03279,0.03279,0.03279,v1.0,
112,新社區,IND_TOUR_CULT,2,1,1,38,39,0.05263,0.02632,0.02632,v1.0,
112,石岡區,IND_MFG,4,3,5,116,117,0.03448,0.0431,0.02586,v1.0,
112,石岡區,IND_ICT,5,1,4,51,55,0.09804,0.07843,0.01961,v1.0,
112,石岡區,IND_SEM,2,0,3,32,34,0.0625,0.09375,0.0,v1.0,
112,石岡區,IND_BIOMED,2,1,2,28,29,0.07143,0.07143,0.03571,v1.0,
112,石岡區,IND_PRO_FIN,3,2,3,56,57,0.05357,0.05357,0.03571,v1.0,
112,石岡區,IND_TRADE_LOG,2,2,3,61,61,0.03279,0.04918,0.03279,v1.0,
112,石岡區,IND_TOUR_CULT,2,1,1,38,39,0.05263,0.02632,0.02632,v1.0,
112,外埔區,IND_MFG,6,6,8,194,194,0.03093,0.04124,0.03093,v1.0,
112,外埔區,IND_ICT,8,2,7,84,90,0.09524,0.08333,0.02381,v1.0,
112,外埔區,IND_SEM,4,1,5,53,56,0.07547,0.09434,0.01887,v1.0,
112,外埔區,IND_BIOMED,3,1,3,39,41,0.07692,0.07692,0.02564,v1.0,
112,外埔區,IND_PRO_FIN,5,3,5,93,95,0.05376,0.05376,0.03226,v1.0,
112,外埔區,IND_TRADE_LOG,4,4,4,103,103,0.03883,0.03883,0.03883,v1.0,
112,外埔區,IND_TOUR_CULT,4,2,2,62,64,0.06452,0.03226,0.03226,v1.0,
112,大安區,IND_MFG,4,3,5,116,117,0.03448,0.0431,0.02586,v1.0,
112,大安區,IND_ICT,5,1,4,50,54,0.1,0.08,0.02,v1.0,
112,大安區,IND_SEM,2,1,3,32,33,0.0625,0.09375,0.03125,v1.0,
112,大安區,IND_BIOMED,2,1,2,29,30,0.06897,0.06897,0.03448,v1.0,
112,大安區,IND_PRO_FIN,3,2,3,57,58,0.05263,0.05263,0.03509,v1.0,
112,大安區,IND_TRADE_LOG,2,2,2,60,60,0.03333,0.03333,0.03333,v1.0,
112,大安區,IND_TOUR_CULT,2,1,1,38,39,0.05263,0.02632,0.02632,v1.0,
112,烏日區,IND_MFG,47,35,56,1177,1189,0.03993,0.04758,0.02974,v1.0,
112,烏日區,IND_ICT,55,12,40,525,568,0.10476,0.07619,0.02286,v1.0,
112,烏日區,IND_SEM,25,7,32,326,344,0.07669,0.09816,0.02147,v1.0,
112,烏日區,IND_BIOMED,19,6,17,244,257,0.07787,0.06967,0.02459,v1.0,
112,烏日區,IND_PRO_FIN,34,17,27,582,599,0.05842,0.04639,0.02921,v1.0,
112,烏日區,IND_TRADE_LOG,27,21,30,621,627,0.04348,0.04831,0.03382,v1.0,
112,烏日區,IND_TOUR_CULT,23,14,15,378,387,0.06085,0.03968,0.03704,v1.0,
112,大肚區,IND_MFG,13,11,18,387,389,0.03359,0.04651,0.02842,v1.0,
112,大肚區,IND_ICT,16,4,14,170,182,0.09412,0.08235,0.02353,v1.0,
112,大肚區,IND_SEM,7,2,10,107,112,0.06542,0.09346,0.01869,v1.0,
112,大肚區,IND_BIOMED,5,2,6,79,82,0.06329,0.07595,0.02532,v1.0,
112,大肚區,IND_PRO_FIN,11,6,10,191,196,0.05759,0.05236,0.03141,v1.0,
112,大肚區,IND_TRADE_LOG,8,6,7,201,203,0.0398,0.03483,0.02985,v1.0,
112,大肚區,IND_TOUR_CULT,7,4,5,124,127,0.05645,0.04032,0.03226,v1.0,
112,龍井區,IND_MFG,13,11,14,387,389,0.03359,0.03618,0.02842,v1.0,
112,龍井區,IND_ICT,17,4,14,171,184,0.09942,0.08187,0.02339,v1.0,
112,龍井區,IND_SEM,7,2,10,107,112,0.06542,0.09346,0.01869,v1.0,
112,龍井區,IND_BIOMED,6,2,6,78,82,0.07692,0.07692,0.02564,v1.0,
112,龍井區,IND_PRO_FIN,10,6,8,190,194,0.05263,0.04211,0.03158,v1.0,
112,龍井區,IND_TRADE_LOG,7,7,7,202,202,0.03465,0.03465,0.03465,v1.0,
112,龍井區,IND_TOUR_CULT,7,4,5,124,127,0.05645,0.04032,0.03226,v1.0,
112,霧峰區,IND_MFG,13,12,15,383,384,0.03394,0.03916,0.03133,v1.0,
112,霧峰區,IND_ICT,16,4,13,169,181,0.09467,0.07692,0.02367,v1.0,
112,霧峰區,IND_SEM,7,2,10,107,112,0.06542,0.09346,0.01869,v1.0,
112,霧峰區,IND_BIOMED,5,2,6,79,82,0.06329,0.07595,0.02532,v1.0,
112,霧峰區,IND_PRO_FIN,10,5,10,188,193,0.05319,0.05319,0.0266,v1.0,
112,霧峰區,IND_TRADE_LOG,7,7,7,203,203,0.03448,0.03448,0.03448,v1.0,
112,霧峰區,IND_TOUR_CULT,7,4,5,124,127,0.05645,0.04032,0.03226,v1.0,
112,太平區,IND_MFG,53,47,70,1533,1539,0.03457,0.04566,0.03066,v1.0,
112,太平區,IND_ICT,65,16,51,685,734,0.09489,0.07445,0.02336,v1.0,
112,太平區,IND_SEM,29,7,40,433,455,0.06697,0.09238,0.01617,v1.0,
112,太平區,IND_BIOMED,23,7,24,323,339,0.07121,0.0743,0.02167,v1.0,
112,太平區,IND_PRO_FIN,40,21,36,759,778,0.0527,0.04743,0.02767,v1.0,
112,太平區,IND_TRADE_LOG,31,24,34,818,825,0.0379,0.04156,0.02934,v1.0,
112,太平區,IND_TOUR_CULT,26,17,17,497,506,0.05231,0.03421,0.03421,v1.0,
112,大里區,IND_MFG,76,60,87,2304,2320,0.03299,0.03776,0.02604,v1.0,
112,大里區,IND_ICT,95,25,80,1020,1090,0.09314,0.07843,0.02451,v1.0,
112,大里區,IND_SEM,43,11,63,648,680,0.06636,0.09722,0.01698,v1.0,
112,大里區,IND_BIOMED,34,12,39,486,508,0.06996,0.08025,0.02469,v1.0,
112,大里區,IND_PRO_FIN,59,35,58,1141,1165,0.05171,0.05083,0.03067,v1.0,
112,大里區,IND_TRADE_LOG,41,44,51,1225,1222,0.03347,0.04163,0.03592,v1.0,
112,大里區,IND_TOUR_CULT,39,28,26,743,754,0.05249,0.03499,0.03769,v1.0,
112,和平區,IND_MFG,3,2,3,78,79,0.03846,0.03846,0.02564,v1.0,
112,和平區,IND_ICT,3,1,2,33,35,0.09091,0.06061,0.0303,v1.0,
112,和平區,IND_SEM,2,1,3,30,31,0.06667,0.1,0.03333,v1.0,
112,和平區,IND_BIOMED,2,1,2,29,30,0.06897,0.06897,0.03448,v1.0,
112,和平區,IND_PRO_FIN,2,1,2,38,39,0.05263,0.05263,0.02632,v1.0,
112,和平區,IND_TRADE_LOG,2,1,2,42,43,0.04762,0.04762,0.02381,v1.0,
112,和平區,IND_TOUR_CULT,1,1,1,25,25,0.04,0.04,0.04,v1.0,
113,中區,IND_MFG,12,11,17,388,389,0.03093,0.04381,0.02835,v1.0,
113,中區,IND_ICT,17,5,15,182,194,0.09341,0.08242,0.02747,v1.0,
113,中區,IND_SEM,8,2,11,112,118,0.07143,0.09821,0.01786,v1.0,
113,中區,IND_BIOMED,6,2,6,83,87,0.07229,0.07229,0.0241,v1.0,
113,中區,IND_PRO_FIN,10,5,9,195,200,0.05128,0.04615,0.02564,v1.0,
113,中區,IND_TRADE_LOG,7,6,8,205,206,0.03415,0.03902,0.02927,v1.0,
113,中區,IND_TOUR_CULT,7,4,5,128,131,0.05469,0.03906,0.03125,v1.0,
113,東區,IND_MFG,19,17,25,585,587,0.03248,0.04274,0.02906,v1.0,
113,東區,IND_ICT,27,7,22,272,292,0.09926,0.08088,0.02574,v1.0,
113,東區,IND_SEM,11,3,17,169,177,0.06509,0.10059,0.01775,v1.0,
113,東區,IND_BIOMED,9,3,9,125,131,0.072,0.072,0.024,v1.0,
113,東區,IND_PRO_FIN,16,10,15,290,296,0.05517,0.05172,0.03448,v1.0,
113,東區,IND_TRADE_LOG,10,10,11,306,306,0.03268,0.03595,0.03268,v1.0,
113,東區,IND_TOUR_CULT,11,7,7,191,195,0.05759,0.03665,0.03665,v1.0,
113,南區,IND_MFG,58,52,86,1952,1958,0.02971,0.04406,0.02664,v1.0,
113,南區,IND_ICT,93,20,77,911,984,0.10209,0.08452,0.02195,v1.0,
113,南區,IND_SEM,39,10,56,566,595,0.0689,0.09894,0.01767,v1.0,
113,南區,IND_BIOMED,30,8,32,420,442,0.07143,0.07619,0.01905,v1.0,
113,南區,IND_PRO_FIN,54,27,45,973,1000,0.0555,0.04625,0.02775,v1.0,
113,南區,IND_TRADE_LOG,39,35,36,1025,1029,0.03805,0.03512,0.03415,v1.0,
113,南區,IND_TOUR_CULT,36,23,24,637,650,0.05651,0.03768,0.03611,v1.0,
113,西區,IND_MFG,102,93,135,3092,3101,0.03299,0.04366,0.03008,v1.0,
113,西區,IND_ICT,143,32,111,1453,1564,0.09842,0.07639,0.02202,v1.0,
113,西區,IND_SEM,62,18,95,902,946,0.06874,0.10532,0.01996,v1.0,
113,西區,IND_BIOMED,47,16,48,678,709,0.06932,0.0708,0.0236,v1.0,
113,西區,IND_PRO_FIN,88,45,78,1562,1605,0.05634,0.04994,0.02881,v1.0,
113,西區,IND_TRADE_LOG,57,54,66,1639,1642,0.03478,0.04027,0.03295,v1.0,
113,西區,IND_TOUR_CULT,53,34,38,1008,1027,0.05258,0.0377,0.03373,v1.0,
113,北區,IND_MFG,89,78,138,2716,2727,0.03277,0.05081,0.02872,v1.0,
113,北區,IND_ICT,124,32,102,1268,1360,0.09779,0.08044,0.02524,v1.0,
113,北區,IND_SEM,56,17,77,788,827,0.07107,0.09772,0.02157,v1.0,
113,北區,IND_BIOMED,42,12,45,594,624,0.07071,0.07576,0.0202,v1.0,
113,北區,IND_PRO_FIN,77,38,62,1365,1404,0.05641,0.04542,0.02784,v1.0,
113,北區,IND_TRADE_LOG,49,49,59,1414,1414,0.03465,0.04173,0.03465,v1.0,
113,北區,IND_TOUR_CULT,48,30,34,885,903,0.05424,0.03842,0.0339,v1.0,
113,西屯區,IND_MFG,306,229,346,8371,8448,0.03655,0.04133,0.02736,v1.0,
113,西屯區,IND_ICT,512,87,326,4112,4537,0.12451,0.07928,0.02116,v1.0,
113,西屯區,IND_SEM,209,55,246,2486,2640,0.08407,0.09895,0.02212,v1.0,
113,西屯區,IND_BIOMED,158,48,130,1875,1985,0.08427,0.06933,0.0256,v1.0,
113,西屯區,IND_PRO_FIN,287,128,193,4253,4412,0.06748,0.04538,0.0301,v1.0,
113,西屯區,IND_TRADE_LOG,165,149,172,4418,4434,0.03735,0.03893,0.03373,v1.0,
113,西屯區,IND_TOUR_CULT,194,96,96,2737,2835,0.07088,0.03507,0.03507,v1.0,
113,南屯區,IND_MFG,193,136,222,5187,5244,0.03721,0.0428,0.02622,v1.0,
113,南屯區,IND_ICT,302,64,191,2546,2784,0.11862,0.07502,0.02514,v1.0,
113,南屯區,IND_SEM,133,28,146,1530,1635,0.08693,0.09542,0.0183,v1.0,
113,南屯區,IND_BIOMED,99,26,87,1172,1245,0.08447,0.07423,0.02218,v1.0,
113,南屯區,IND_PRO_FIN,191,85,118,2652,2758,0.07202,0.04449,0.03205,v1.0,
113,南屯區,IND_TRADE_LOG,122,100,109,2739,2761,0.04454,0.0398,0.03651,v1.0,
113,南屯區,IND_TOUR_CULT,119,59,67,1701,1761,0.06996,0.03939,0.03469,v1.0,
113,北屯區,IND_MFG,248,160,271,5981,6069,0.04146,0.04531,0.02675,v1.0,
113,北屯區,IND_ICT,344,66,228,2943,3221,0.11689,0.07747,0.02243,v1.0,
113,北屯區,IND_SEM,153,31,179,1797,1919,0.08514,0.09961,0.01725,v1.0,
113,北屯區,IND_BIOMED,118,32,101,1346,1432,0.08767,0.07504,0.02377,v1.0,
113,北屯區,IND_PRO_FIN,189,89,140,3040,3140,0.06217,0.04605,0.02928,v1.0,
113,北屯區,IND_TRADE_LOG,141,92,118,3142,3191,0.04488,0.03756,0.02928,v1.0,
113,北屯區,IND_TOUR_CULT,139,65,71,1978,2052,0.07027,0.03589,0.03286,v1.0,
113,豐原區,IND_MFG,60,52,81,1948,1956,0.0308,0.04158,0.02669,v1.0,
113,豐原區,IND_ICT,86,24,73,910,972,0.09451,0.08022,0.02637,v1.0,
113,豐原區,IND_SEM,40,10,52,565,595,0.0708,0.09204,0.0177,v1.0,
113,豐原區,IND_BIOMED,30,10,32,421,441,0.07126,0.07601,0.02375,v1.0,
113,豐原區,IND_PRO_FIN,52,29,47,972,995,0.0535,0.04835,0.02984,v1.0,
113,豐原區,IND_TRADE_LOG,39,35,42,1022,1026,0.03816,0.0411,0.03425,v1.0,
113,豐原區,IND_TOUR_CULT,36,23,27,635,648,0.05669,0.04252,0.03622,v1.0,
113,東勢區,IND_MFG,5,5,7,154,154,0.03247,0.04545,0.03247,v1.0,
113,東勢區,IND_ICT,7,2,6,72,77,0.09722,0.08333,0.02778,v1.0,
113,東勢區,IND_SEM,3,1,4,44,46,0.06818,0.09091,0.02273,v1.0,
113,東勢區,IND_BIOMED,2,1,3,32,33,0.0625,0.09375,0.03125,v1.0,
113,東勢區,IND_PRO_FIN,4,2,4,78,80,0.05128,0.05128,0.02564,v1.0,
113,東勢區,IND_TRADE_LOG,3,3,3,81,81,0.03704,0.03704,0.03704,v1.0,
113,東勢區,IND_TOUR_CULT,3,2,2,48,49,0.0625,0.04167,0.04167,v1.0,
113,大甲區,IND_MFG,24,22,29,775,777,0.03097,0.03742,0.02839,v1.0,
113,大甲區,IND_ICT,37,10,28,368,395,0.10054,0.07609,0.02717,v1.0,
113,大甲區,IND_SEM,16,4,22,226,238,0.0708,0.09735,0.0177,v1.0,
113,大甲區,IND_BIOMED,12,4,12,169,177,0.07101,0.07101,0.02367,v1.0,
113,大甲區,IND_PRO_FIN,22,10,19,391,403,0.05627,0.04859,0.02558,v1.0,
113,大甲區,IND_TRADE_LOG,14,13,17,408,409,0.03431,0.04167,0.03186,v1.0,
113,大甲區,IND_TOUR_CULT,15,9,9,251,257,0.05976,0.03586,0.03586,v1.0,
113,清水區,IND_MFG,17,17,25,582,582,0.02921,0.04296,0.02921,v1.0,
113,清水區,IND_ICT,27,7,22,275,295,0.09818,0.08,0.02545,v1.0,
113,清水區,IND_SEM,12,2,16,168,178,0.07143,0.09524,0.0119,v1.0,
113,清水區,IND_BIOMED,9,3,9,126,132,0.07143,0.07143,0.02381,v1.0,
113,清水區,IND_PRO_FIN,16,8,15,290,298,0.05517,0.05172,0.02759,v1.0,
113,清水區,IND_TRADE_LOG,10,10,12,302,302,0.03311,0.03974,0.03311,v1.0,
113,清水區,IND_TOUR_CULT,11,6,7,189,194,0.0582,0.03704,0.03175,v1.0,
113,沙鹿區,IND_MFG,20,15,26,582,587,0.03436,0.04467,0.02577,v1.0,
113,沙鹿區,IND_ICT,27,6,21,271,292,0.09963,0.07749,0.02214,v1.0,
113,沙鹿區,IND_SEM,12,3,17,168,177,0.07143,0.10119,0.01786,v1.0,
113,沙鹿區,IND_BIOMED,9,3,10,127,133,0.07087,0.07874,0.02362,v1.0,
113,沙鹿區,IND_PRO_FIN,16,10,15,289,295,0.05536,0.0519,0.0346,v1.0,
113,沙鹿區,IND_TRADE_LOG,11,11,12,307,307,0.03583,0.03909,0.03583,v1.0,
113,沙鹿區,IND_TOUR_CULT,11,6,7,189,194,0.0582,0.03704,0.03175,v1.0,
113,梧棲區,IND_MFG,41,36,46,1167,1172,0.03513,0.03942,0.03085,v1.0,
113,梧棲區,IND_ICT,55,14,40,548,589,0.10036,0.07299,0.02555,v1.0,
113,梧棲區,IND_SEM,22,7,33,337,352,0.06528,0.09792,0.02077,v1.0,
113,梧棲區,IND_BIOMED,18,7,19,253,264,0.07115,0.0751,0.02767,v1.0,
113,梧棲區,IND_PRO_FIN,32,19,26,583,596,0.05489,0.0446,0.03259,v1.0,
113,梧棲區,IND_TRADE_LOG,24,22,24,614,616,0.03909,0.03909,0.03583,v1.0,
113,梧棲區,IND_TOUR_CULT,22,13,13,375,384,0.05867,0.03467,0.03467,v1.0,
113,后里區,IND_MFG,27,23,37,779,783,0.03466,0.0475,0.02953,v1.0,
113,后里區,IND_ICT,35,8,30,363,390,0.09642,0.08264,0.02204,v1.0,
113,后里區,IND_SEM,16,5,22,224,235,0.07143,0.09821,0.02232,v1.0,
113,后里區,IND_BIOMED,13,4,13,170,179,0.07647,0.07647,0.02353,v1.0,
113,后里區,IND_PRO_FIN,21,9,19,387,399,0.05426,0.0491,0.02326,v1.0,
113,后里區,IND_TRADE_LOG,14,13,16,410,411,0.03415,0.03902,0.03171,v1.0,
113,后里區,IND_TOUR_CULT,15,10,9,251,256,0.05976,0.03586,0.03984,v1.0,
113,神岡區,IND_MFG,21,16,24,587,592,0.03578,0.04089,0.02726,v1.0,
113,神岡區,IND_ICT,27,7,21,276,296,0.09783,0.07609,0.02536,v1.0,
113,神岡區,IND_SEM,11,3,15,167,175,0.06587,0.08982,0.01796,v1.0,
113,神岡區,IND_BIOMED,9,3,9,127,133,0.07087,0.07087,0.02362,v1.0,
113,神岡區,IND_PRO_FIN,16,9,14,291,298,0.05498,0.04811,0.03093,v1.0,
113,神岡區,IND_TRADE_LOG,11,10,12,306,307,0.03595,0.03922,0.03268,v1.0,
113,神岡區,IND_TOUR_CULT,11,6,7,189,194,0.0582,0.03704,0.03175,v1.0,
113,潭子區,IND_MFG,83,64,88,2358,2377,0.0352,0.03732,0.02714,v1.0,
113,潭子區,IND_ICT,122,27,87,1127,1222,0.10825,0.0772,0.02396,v1.0,
113,潭子區,IND_SEM,54,14,68,696,736,0.07759,0.0977,0.02011,v1.0,
113,潭子區,IND_BIOMED,41,10,37,523,554,0.07839,0.07075,0.01912,v1.0,
113,潭子區,IND_PRO_FIN,72,33,56,1198,1237,0.0601,0.04674,0.02755,v1.0,
113,潭子區,IND_TRADE_LOG,46,42,47,1256,1260,0.03662,0.03742,0.03344,v1.0,
113,潭子區,IND_TOUR_CULT,50,26,28,772,796,0.06477,0.03627,0.03368,v1.0,
113,大雅區,IND_MFG,66,52,82,1959,1973,0.03369,0.04186,0.02654,v1.0,
113,大雅區,IND_ICT,104,22,68,941,1023,0.11052,0.07226,0.02338,v1.0,
113,大雅區,IND_SEM,45,14,56,578,609,0.07785,0.09689,0.02422,v1.0,
113,大雅區,IND_BIOMED,35,9,31,434,460,0.08065,0.07143,0.02074,v1.0,
113,大雅區,IND_PRO_FIN,57,27,47,988,1018,0.05769,0.04757,0.02733,v1.0,
113,大雅區,IND_TRADE_LOG,42,34,39,1036,1044,0.04054,0.03764,0.03282,v1.0,
113,大雅區,IND_TOUR_CULT,40,22,28,646,664,0.06192,0.04334,0.03406,v1.0,
113,新社區,IND_MFG,4,3,5,118,119,0.0339,0.04237,0.02542,v1.0,
113,新社區,IND_ICT,5,1,4,54,58,0.09259,0.07407,0.01852,v1.0,
113,新社區,IND_SEM,2,1,3,32,33,0.0625,0.09375,0.03125,v1.0,
113,新社區,IND_BIOMED,2,1,2,29,30,0.06897,0.06897,0.03448,v1.0,
113,新社區,IND_PRO_FIN,3,2,3,58,59,0.05172,0.05172,0.03448,v1.0,
113,新社區,IND_TRADE_LOG,2,2,2,61,61,0.03279,0.03279,0.03279,v1.0,
113,新社區,IND_TOUR_CULT,2,1,1,39,40,0.05128,0.02564,0.02564,v1.0,
113,石岡區,IND_MFG,4,4,6,117,117,0.03419,0.05128,0.03419,v1.0,
113,石岡區,IND_ICT,6,1,4,55,60,0.10909,0.07273,0.01818,v1.0,
113,石岡區,IND_SEM,2,1,3,34,35,0.05882,0.08824,0.02941,v1.0,
113,石岡區,IND_BIOMED,2,1,2,29,30,0.06897,0.06897,0.03448,v1.0,
113,石岡區,IND_PRO_FIN,3,2,3,57,58,0.05263,0.05263,0.03509,v1.0,
113,石岡區,IND_TRADE_LOG,2,2,3,61,61,0.03279,0.04918,0.03279,v1.0,
113,石岡區,IND_TOUR_CULT,2,1,2,39,40,0.05128,0.05128,0.02564,v1.0,
113,外埔區,IND_MFG,6,6,8,194,194,0.03093,0.04124,0.03093,v1.0,
113,外埔區,IND_ICT,9,2,7,90,97,0.1,0.07778,0.02222,v1.0,
113,外埔區,IND_SEM,4,1,5,56,59,0.07143,0.08929,0.01786,v1.0,
113,外埔區,IND_BIOMED,3,1,3,41,43,0.07317,0.07317,0.02439,v1.0,
113,外埔區,IND_PRO_FIN,5,3,5,95,97,0.05263,0.05263,0.03158,v1.0,
113,外埔區,IND_TRADE_LOG,4,3,3,103,104,0.03883,0.02913,0.02913,v1.0,
113,外埔區,IND_TOUR_CULT,4,2,2,64,66,0.0625,0.03125,0.03125,v1.0,
113,大安區,IND_MFG,4,3,5,117,118,0.03419,0.04274,0.02564,v1.0,
113,大安區,IND_ICT,5,1,4,54,58,0.09259,0.07407,0.01852,v1.0,
113,大安區,IND_SEM,2,1,3,33,34,0.06061,0.09091,0.0303,v1.0,
113,大安區,IND_BIOMED,2,1,2,30,31,0.06667,0.06667,0.03333,v1.0,
113,大安區,IND_PRO_FIN,3,1,3,58,60,0.05172,0.05172,0.01724,v1.0,
113,大安區,IND_TRADE_LOG,2,2,2,60,60,0.03333,0.03333,0.03333,v1.0,
113,大安區,IND_TOUR_CULT,3,1,1,39,41,0.07692,0.02564,0.02564,v1.0,
113,烏日區,IND_MFG,42,33,51,1189,1198,0.03532,0.04289,0.02775,v1.0,
113,烏日區,IND_ICT,62,14,43,568,616,0.10915,0.0757,0.02465,v1.0,
113,烏日區,IND_SEM,26,6,34,344,364,0.07558,0.09884,0.01744,v1.0,
113,烏日區,IND_BIOMED,20,6,19,257,271,0.07782,0.07393,0.02335,v1.0,
113,烏日區,IND_PRO_FIN,36,16,29,599,619,0.0601,0.04841,0.02671,v1.0,
113,烏日區,IND_TRADE_LOG,25,23,26,627,629,0.03987,0.04147,0.03668,v1.0,
113,烏日區,IND_TOUR_CULT,24,14,15,387,397,0.06202,0.03876,0.03618,v1.0,
113,大肚區,IND_MFG,14,11,15,389,392,0.03599,0.03856,0.02828,v1.0,
113,大肚區,IND_ICT,18,4,14,182,196,0.0989,0.07692,0.02198,v1.0,
113,大肚區,IND_SEM,8,2,11,112,118,0.07143,0.09821,0.01786,v1.0,
113,大肚區,IND_BIOMED,6,2,6,82,86,0.07317,0.07317,0.02439,v1.0,
113,大肚區,IND_PRO_FIN,11,6,9,196,201,0.05612,0.04592,0.03061,v1.0,
113,大肚區,IND_TRADE_LOG,7,6,9,203,204,0.03448,0.04433,0.02956,v1.0,
113,大肚區,IND_TOUR_CULT,7,4,4,127,130,0.05512,0.0315,0.0315,v1.0,
113,龍井區,IND_MFG,13,11,16,389,391,0.03342,0.04113,0.02828,v1.0,
113,龍井區,IND_ICT,18,4,15,184,198,0.09783,0.08152,0.02174,v1.0,
113,龍井區,IND_SEM,8,2,10,112,118,0.07143,0.08929,0.01786,v1.0,
113,龍井區,IND_BIOMED,6,2,6,82,86,0.07317,0.07317,0.02439,v1.0,
113,龍井區,IND_PRO_FIN,11,5,10,194,200,0.0567,0.05155,0.02577,v1.0,
113,龍井區,IND_TRADE_LOG,8,7,8,202,203,0.0396,0.0396,0.03465,v1.0,
113,龍井區,IND_TOUR_CULT,8,4,4,127,131,0.06299,0.0315,0.0315,v1.0,
113,霧峰區,IND_MFG,12,10,16,384,386,0.03125,0.04167,0.02604,v1.0,
113,霧峰區,IND_ICT,18,4,14,181,195,0.09945,0.07735,0.0221,v1.0,
113,霧峰區,IND_SEM,8,2,10,112,118,0.07143,0.08929,0.01786,v1.0,
113,霧峰區,IND_BIOMED,6,2,6,82,86,0.07317,0.07317,0.02439,v1.0,
113,霧峰區,IND_PRO_FIN,11,6,10,193,198,0.05699,0.05181,0.03109,v1.0,
113,霧峰區,IND_TRADE_LOG,8,7,7,203,204,0.03941,0.03448,0.03448,v1.0,
113,霧峰區,IND_TOUR_CULT,7,5,5,127,129,0.05512,0.03937,0.03937,v1.0,
113,太平區,IND_MFG,52,38,66,1539,1553,0.03379,0.04288,0.02469,v1.0,
113,太平區,IND_ICT,71,18,57,734,787,0.09673,0.07766,0.02452,v1.0,
113,太平區,IND_SEM,31,10,47,455,476,0.06813,0.1033,0.02198,v1.0,
113,太平區,IND_BIOMED,25,7,25,339,357,0.07375,0.07375,0.02065,v1.0,
113,太平區,IND_PRO_FIN,41,23,38,778,796,0.0527,0.04884,0.02956,v1.0,
113,太平區,IND_TRADE_LOG,27,27,33,825,825,0.03273,0.04,0.03273,v1.0,
113,太平區,IND_TOUR_CULT,27,17,18,506,516,0.05336,0.03557,0.0336,v1.0,
113,大里區,IND_MFG,84,59,101,2320,2345,0.03621,0.04353,0.02543,v1.0,
113,大里區,IND_ICT,109,29,80,1090,1170,0.1,0.07339,0.02661,v1.0,
113,大里區,IND_SEM,47,14,65,680,713,0.06912,0.09559,0.02059,v1.0,
113,大里區,IND_BIOMED,35,11,36,508,532,0.0689,0.07087,0.02165,v1.0,
113,大里區,IND_PRO_FIN,67,27,51,1165,1205,0.05751,0.04378,0.02318,v1.0,
113,大里區,IND_TRADE_LOG,42,43,50,1222,1221,0.03437,0.04092,0.03519,v1.0,
113,大里區,IND_TOUR_CULT,42,28,28,754,768,0.0557,0.03714,0.03714,v1.0,
113,和平區,IND_MFG,2,2,3,79,79,0.02532,0.03797,0.02532,v1.0,
113,和平區,IND_ICT,3,1,3,35,37,0.08571,0.08571,0.02857,v1.0,
113,和平區,IND_SEM,2,1,3,31,32,0.06452,0.09677,0.03226,v1.0,
113,和平區,IND_BIOMED,2,1,2,30,31,0.06667,0.06667,0.03333,v1.0,
113,和平區,IND_PRO_FIN,2,1,2,39,40,0.05128,0.05128,0.02564,v1.0,
113,和平區,IND_TRADE_LOG,1,1,2,43,43,0.02326,0.04651,0.02326,v1.0,
113,和平區,IND_TOUR_CULT,1,1,1,25,25,0.04,0.04,0.04,v1.0,
