event,event_month,events,classified,classified_share
capital_increase,2013-03,10,8,0.8
capital_increase,2013-04,19,11,0.5789473684210527
capital_increase,2013-05,34,24,0.7058823529411765
capital_increase,2013-06,49,37,0.7551020408163265
capital_increase,2013-07,57,39,0.6842105263157895
capital_increase,2013-08,86,59,0.686046511627907
capital_increase,2013-09,76,50,0.6578947368421053
capital_increase,2013-10,99,70,0.7070707070707071
capital_increase,2013-11,108,73,0.6759259259259259
capital_increase,2013-12,125,93,0.744
capital_increase,2014-01,129,86,0.6666666666666666
capital_increase,2014-02,58,40,0.6896551724137931
capital_increase,2014-03,129,85,0.6589147286821705
capital_increase,2014-04,123,76,0.6178861788617886
capital_increase,2014-05,121,90,0.743801652892562
capital_increase,2014-06,130,92,0.7076923076923077
capital_increase,2014-07,175,138,0.7885714285714286
capital_increase,2014-08,185,140,0.7567567567567568
capital_increase,2014-09,171,134,0.783625730994152
capital_increase,2014-10,181,135,0.7458563535911602
capital_increase,2014-11,206,157,0.7621359223300971
capital_increase,2014-12,266,194,0.7293233082706767
capital_increase,2015-01,179,139,0.776536312849162
capital_increase,2015-02,134,107,0.7985074626865671
capital_increase,2015-03,151,109,0.7218543046357616
capital_increase,2015-04,141,101,0.7163120567375887
capital_increase,2015-05,150,105,0.7
capital_increase,2015-06,218,152,0.6972477064220184
capital_increase,2015-07,251,193,0.7689243027888446
capital_increase,2015-08,194,141,0.7268041237113402
capital_increase,2015-09,183,131,0.7158469945355191
capital_increase,2015-10,205,149,0.7268292682926829
capital_increase,2015-11,218,158,0.7247706422018348
capital_increase,2015-12,265,197,0.7433962264150943
capital_increase,2016-01,205,159,0.775609756097561
capital_increase,2016-02,100,77,0.77
capital_increase,2016-03,194,136,0.7010309278350515
capital_increase,2016-04,159,125,0.7861635220125787
capital_increase,2016-05,170,126,0.7411764705882353
capital_increase,2016-06,229,178,0.777292576419214
capital_increase,2016-07,191,152,0.7958115183246073
capital_increase,2016-08,295,218,0.7389830508474576
capital_increase,2016-09,191,156,0.8167539267015707
capital_increase,2016-10,228,175,0.7675438596491229
capital_increase,2016-11,260,195,0.75
capital_increase,2016-12,340,269,0.7911764705882353
capital_increase,2017-01,259,207,0.7992277992277992
capital_increase,2017-02,137,95,0.6934306569343066
capital_increase,2017-03,234,180,0.7692307692307693
capital_increase,2017-04,188,149,0.7925531914893617
capital_increase,2017-05,218,161,0.7385321100917431
capital_increase,2017-06,244,197,0.8073770491803278
capital_increase,2017-07,294,239,0.8129251700680272
capital_increase,2017-08,293,226,0.7713310580204779
capital_increase,2017-09,248,194,0.782258064516129
capital_increase,2017-10,207,169,0.8164251207729468
capital_increase,2017-11,258,201,0.7790697674418605
capital_increase,2017-12,299,255,0.8528428093645485
capital_increase,2018-01,248,197,0.7943548387096774
capital_increase,2018-02,161,126,0.782608695652174
capital_increase,2018-03,215,161,0.7488372093023256
capital_increase,2018-04,184,138,0.75
capital_increase,2018-05,221,174,0.7873303167420814
capital_increase,2018-06,218,176,0.8073394495412844
capital_increase,2018-07,268,232,0.8656716417910447
capital_increase,2018-08,311,257,0.8263665594855305
capital_increase,2018-09,271,219,0.8081180811808119
capital_increase,2018-10,326,271,0.8312883435582822
capital_increase,2018-11,334,287,0.8592814371257484
capital_increase,2018-12,434,374,0.8617511520737328
capital_increase,2019-01,331,265,0.8006042296072508
capital_increase,2019-02,123,110,0.8943089430894309
capital_increase,2019-03,245,200,0.8163265306122449
capital_increase,2019-04,263,213,0.8098859315589354
capital_increase,2019-05,242,205,0.8471074380165289
capital_increase,2019-06,242,211,0.871900826446281
capital_increase,2019-07,322,267,0.8291925465838509
capital_increase,2019-08,324,283,0.8734567901234568
capital_increase,2019-09,273,233,0.8534798534798534
capital_increase,2019-10,305,270,0.8852459016393442
capital_increase,2019-11,274,247,0.9014598540145985
capital_increase,2019-12,369,318,0.8617886178861789
capital_increase,2020-01,258,232,0.8992248062015504
capital_increase,2020-02,187,162,0.8663101604278075
capital_increase,2020-03,252,208,0.8253968253968254
capital_increase,2020-04,285,251,0.8807017543859649
capital_increase,2020-05,244,213,0.8729508196721312
capital_increase,2020-06,229,197,0.8602620087336245
capital_increase,2020-07,327,266,0.8134556574923547
capital_increase,2020-08,320,270,0.84375
capital_increase,2020-09,363,312,0.859504132231405
capital_increase,2020-10,301,269,0.893687707641196
capital_increase,2020-11,366,327,0.8934426229508197
capital_increase,2020-12,471,415,0.881104033970276
capital_increase,2021-01,339,293,0.8643067846607669
capital_increase,2021-02,228,196,0.8596491228070176
capital_increase,2021-03,339,288,0.8495575221238938
capital_increase,2021-04,313,270,0.8626198083067093
capital_increase,2021-05,271,231,0.8523985239852399
capital_increase,2021-06,278,233,0.8381294964028777
capital_increase,2021-07,335,286,0.8537313432835821
capital_increase,2021-08,353,310,0.8781869688385269
capital_increase,2021-09,345,305,0.8840579710144928
capital_increase,2021-10,338,286,0.8461538461538461
capital_increase,2021-11,379,342,0.9023746701846965
capital_increase,2021-12,443,395,0.891647855530474
capital_increase,2022-01,382,346,0.9057591623036649
capital_increase,2022-02,165,140,0.8484848484848485
capital_increase,2022-03,384,348,0.90625
capital_increase,2022-04,290,266,0.9172413793103448
capital_increase,2022-05,319,259,0.8119122257053292
capital_increase,2022-06,320,280,0.875
capital_increase,2022-07,345,300,0.8695652173913043
capital_increase,2022-08,422,386,0.9146919431279621
capital_increase,2022-09,309,279,0.9029126213592233
capital_increase,2022-10,346,315,0.9104046242774566
capital_increase,2022-11,383,347,0.9060052219321149
capital_increase,2022-12,456,422,0.9254385964912281
capital_increase,2023-01,277,253,0.9133574007220217
capital_increase,2023-02,221,196,0.8868778280542986
capital_increase,2023-03,344,307,0.8924418604651163
capital_increase,2023-04,256,236,0.921875
capital_increase,2023-05,333,300,0.9009009009009009
capital_increase,2023-06,376,347,0.9228723404255319
capital_increase,2023-07,437,409,0.9359267734553776
capital_increase,2023-08,483,448,0.927536231884058
capital_increase,2023-09,378,354,0.9365079365079365
capital_increase,2023-10,391,364,0.9309462915601023
capital_increase,2023-11,432,400,0.9259259259259259
capital_increase,2023-12,521,498,0.9558541266794626
capital_increase,2024-01,446,414,0.9282511210762332
capital_increase,2024-02,189,185,0.9788359788359788
capital_increase,2024-03,383,361,0.9425587467362925
capital_increase,2024-04,332,302,0.9096385542168675
capital_increase,2024-05,395,366,0.9265822784810127
capital_increase,2024-06,339,321,0.9469026548672567
capital_increase,2024-07,423,395,0.933806146572104
capital_increase,2024-08,445,420,0.9438202247191011
capital_increase,2024-09,336,313,0.9315476190476191
capital_increase,2024-10,369,344,0.9322493224932249
capital_increase,2024-11,451,431,0.9556541019955654
capital_increase,2024-12,489,472,0.9652351738241309
capital_increase,2025-01,293,278,0.9488054607508533
capital_increase,2025-02,247,238,0.9635627530364372
capital_increase,2025-03,394,376,0.9543147208121827
capital_increase,2025-04,326,307,0.941717791411043
capital_increase,2025-05,338,318,0.9408284023668639
capital_increase,2025-06,307,290,0.9446254071661238
capital_increase,2025-07,312,305,0.9775641025641025
capital_increase,2025-10,393,382,0.9720101781170484
capital_increase,2025-11,349,343,0.9828080229226361
capital_increase,2025-12,514,501,0.9747081712062257
capital_increase,2026-01,405,402,0.9925925925925926
capital_increase,2026-02,223,222,0.9955156950672646
capital_increase,2026-03,322,320,0.9937888198757764
capital_increase,2026-04,330,325,0.9848484848484849
capital_increase,2026-05,280,277,0.9892857142857143
capital_increase,2026-06,350,346,0.9885714285714285
capital_increase,2026-07,398,395,0.992462311557789
capital_increase,2026-08,378,376,0.9947089947089947
dissolved,2013-01,3,0,0.0
dissolved,2013-02,123,0,0.0
dissolved,2013-03,198,0,0.0
dissolved,2013-04,171,0,0.0
dissolved,2013-05,144,0,0.0
dissolved,2013-06,232,0,0.0
dissolved,2013-07,230,0,0.0
dissolved,2013-08,218,0,0.0
dissolved,2013-09,194,0,0.0
dissolved,2013-10,173,0,0.0
dissolved,2013-11,152,0,0.0
dissolved,2013-12,260,0,0.0
dissolved,2014-01,207,0,0.0
dissolved,2014-02,138,0,0.0
dissolved,2014-03,179,0,0.0
dissolved,2014-04,181,0,0.0
dissolved,2014-05,132,0,0.0
dissolved,2014-06,237,1,0.004219409282700422
dissolved,2014-07,231,0,0.0
dissolved,2014-08,179,0,0.0
dissolved,2014-09,206,0,0.0
dissolved,2014-10,206,0,0.0
dissolved,2014-11,171,0,0.0
dissolved,2014-12,317,0,0.0
dissolved,2015-01,199,0,0.0
dissolved,2015-02,116,0,0.0
dissolved,2015-03,195,0,0.0
dissolved,2015-04,174,0,0.0
dissolved,2015-05,172,0,0.0
dissolved,2015-06,275,0,0.0
dissolved,2015-07,247,0,0.0
dissolved,2015-08,233,0,0.0
dissolved,2015-09,222,0,0.0
dissolved,2015-10,219,0,0.0
dissolved,2015-11,198,0,0.0
dissolved,2015-12,367,0,0.0
dissolved,2016-01,203,0,0.0
dissolved,2016-02,127,0,0.0
dissolved,2016-03,195,0,0.0
dissolved,2016-04,181,0,0.0
dissolved,2016-05,195,0,0.0
dissolved,2016-06,212,0,0.0
dissolved,2016-07,266,0,0.0
dissolved,2016-08,240,0,0.0
dissolved,2016-09,213,0,0.0
dissolved,2016-10,207,0,0.0
dissolved,2016-11,232,0,0.0
dissolved,2016-12,322,0,0.0
dissolved,2017-01,211,0,0.0
dissolved,2017-02,153,0,0.0
dissolved,2017-03,258,0,0.0
dissolved,2017-04,164,1,0.006097560975609756
dissolved,2017-05,153,0,0.0
dissolved,2017-06,284,0,0.0
dissolved,2017-07,239,0,0.0
dissolved,2017-08,231,0,0.0
dissolved,2017-09,211,0,0.0
dissolved,2017-10,183,0,0.0
dissolved,2017-11,231,0,0.0
dissolved,2017-12,354,0,0.0
dissolved,2018-01,244,0,0.0
dissolved,2018-02,127,0,0.0
dissolved,2018-03,261,0,0.0
dissolved,2018-04,172,0,0.0
dissolved,2018-05,195,0,0.0
dissolved,2018-06,275,0,0.0
dissolved,2018-07,261,0,0.0
dissolved,2018-08,278,0,0.0
dissolved,2018-09,205,0,0.0
dissolved,2018-10,275,0,0.0
dissolved,2018-11,313,0,0.0
dissolved,2018-12,465,0,0.0
dissolved,2019-01,351,0,0.0
dissolved,2019-02,188,0,0.0
dissolved,2019-03,223,0,0.0
dissolved,2019-04,217,0,0.0
dissolved,2019-05,242,0,0.0
dissolved,2019-06,279,0,0.0
dissolved,2019-07,347,0,0.0
dissolved,2019-08,249,0,0.0
dissolved,2019-09,229,0,0.0
dissolved,2019-10,227,0,0.0
dissolved,2019-11,207,0,0.0
dissolved,2019-12,384,0,0.0
dissolved,2020-01,208,0,0.0
dissolved,2020-02,219,0,0.0
dissolved,2020-03,280,0,0.0
dissolved,2020-04,235,0,0.0
dissolved,2020-05,192,0,0.0
dissolved,2020-06,307,0,0.0
dissolved,2020-07,357,0,0.0
dissolved,2020-08,264,0,0.0
dissolved,2020-09,242,0,0.0
dissolved,2020-10,209,0,0.0
dissolved,2020-11,212,0,0.0
dissolved,2020-12,362,0,0.0
dissolved,2021-01,232,0,0.0
dissolved,2021-02,133,0,0.0
dissolved,2021-03,258,0,0.0
dissolved,2021-04,217,0,0.0
dissolved,2021-05,166,0,0.0
dissolved,2021-06,290,0,0.0
dissolved,2021-07,306,0,0.0
dissolved,2021-08,277,0,0.0
dissolved,2021-09,248,0,0.0
dissolved,2021-10,234,0,0.0
dissolved,2021-11,234,0,0.0
dissolved,2021-12,389,2,0.005141388174807198
dissolved,2022-01,254,0,0.0
dissolved,2022-02,152,1,0.006578947368421052
dissolved,2022-03,296,0,0.0
dissolved,2022-04,225,1,0.0044444444444444444
dissolved,2022-05,215,1,0.004651162790697674
dissolved,2022-06,290,0,0.0
dissolved,2022-07,290,0,0.0
dissolved,2022-08,308,1,0.003246753246753247
dissolved,2022-09,258,0,0.0
dissolved,2022-10,251,0,0.0
dissolved,2022-11,254,0,0.0
dissolved,2022-12,371,0,0.0
dissolved,2023-01,232,0,0.0
dissolved,2023-02,213,0,0.0
dissolved,2023-03,301,0,0.0
dissolved,2023-04,191,1,0.005235602094240838
dissolved,2023-05,226,0,0.0
dissolved,2023-06,304,0,0.0
dissolved,2023-07,331,0,0.0
dissolved,2023-08,356,0,0.0
dissolved,2023-09,238,0,0.0
dissolved,2023-10,245,0,0.0
dissolved,2023-11,277,0,0.0
dissolved,2023-12,378,0,0.0
dissolved,2024-01,276,0,0.0
dissolved,2024-02,175,0,0.0
dissolved,2024-03,259,0,0.0
dissolved,2024-04,235,0,0.0
dissolved,2024-05,274,0,0.0
dissolved,2024-06,294,0,0.0
dissolved,2024-07,330,0,0.0
dissolved,2024-08,345,0,0.0
dissolved,2024-09,273,0,0.0
dissolved,2024-10,256,0,0.0
dissolved,2024-11,274,0,0.0
dissolved,2024-12,459,0,0.0
dissolved,2025-01,230,0,0.0
dissolved,2025-02,267,0,0.0
dissolved,2025-03,270,1,0.003703703703703704
dissolved,2025-04,230,0,0.0
dissolved,2025-05,282,1,0.0035460992907801418
dissolved,2025-06,348,2,0.005747126436781609
dissolved,2025-07,325,1,0.003076923076923077
dissolved,2025-09,8,0,0.0
dissolved,2025-10,256,0,0.0
dissolved,2025-11,261,0,0.0
dissolved,2025-12,471,1,0.0021231422505307855
dissolved,2026-01,354,1,0.002824858757062147
dissolved,2026-02,150,0,0.0
dissolved,2026-03,305,1,0.003278688524590164
dissolved,2026-04,275,1,0.0036363636363636364
dissolved,2026-05,269,6,0.022304832713754646
dissolved,2026-06,399,2,0.005012531328320802
dissolved,2026-07,376,7,0.018617021276595744
dissolved,2026-08,310,11,0.035483870967741936
new,2013-01,6,3,0.5
new,2013-02,272,142,0.5220588235294118
new,2013-03,538,270,0.5018587360594795
new,2013-04,557,273,0.49012567324955114
new,2013-05,558,259,0.46415770609318996
new,2013-06,501,254,0.5069860279441117
new,2013-07,593,276,0.4654300168634064
new,2013-08,532,226,0.424812030075188
new,2013-09,464,224,0.4827586206896552
new,2013-10,506,227,0.44861660079051385
new,2013-11,487,233,0.4784394250513347
new,2013-12,551,278,0.5045372050816697
new,2014-01,497,244,0.4909456740442656
new,2014-02,404,209,0.5173267326732673
new,2014-03,591,309,0.5228426395939086
new,2014-04,583,289,0.4957118353344768
new,2014-05,548,271,0.49452554744525545
new,2014-06,555,286,0.5153153153153153
new,2014-07,610,324,0.5311475409836065
new,2014-08,525,264,0.5028571428571429
new,2014-09,531,277,0.5216572504708098
new,2014-10,594,309,0.5202020202020202
new,2014-11,529,271,0.5122873345935728
new,2014-12,609,322,0.5287356321839081
new,2015-01,509,270,0.5304518664047151
new,2015-02,404,204,0.504950495049505
new,2015-03,609,308,0.5057471264367817
new,2015-04,641,347,0.5413416536661466
new,2015-05,590,313,0.5305084745762711
new,2015-06,673,357,0.5304606240713224
new,2015-07,600,312,0.52
new,2015-08,560,285,0.5089285714285714
new,2015-09,506,262,0.5177865612648221
new,2015-10,561,299,0.5329768270944741
new,2015-11,584,312,0.5342465753424658
new,2015-12,604,315,0.5215231788079471
new,2016-01,592,315,0.5320945945945946
new,2016-02,333,182,0.5465465465465466
new,2016-03,612,336,0.5490196078431373
new,2016-04,598,323,0.540133779264214
new,2016-05,591,323,0.5465313028764806
new,2016-06,579,329,0.5682210708117443
new,2016-07,615,355,0.5772357723577236
new,2016-08,663,348,0.5248868778280543
new,2016-09,533,290,0.5440900562851783
new,2016-10,612,327,0.5343137254901961
new,2016-11,609,322,0.5287356321839081
new,2016-12,627,373,0.594896331738437
new,2017-01,540,284,0.5259259259259259
new,2017-02,458,258,0.5633187772925764
new,2017-03,722,410,0.5678670360110804
new,2017-04,618,316,0.511326860841424
new,2017-05,622,336,0.5401929260450161
new,2017-06,743,375,0.5047106325706595
new,2017-07,656,352,0.5365853658536586
new,2017-08,689,383,0.555878084179971
new,2017-09,620,354,0.5709677419354838
new,2017-10,539,309,0.5732838589981447
new,2017-11,634,352,0.555205047318612
new,2017-12,567,335,0.5908289241622575
new,2018-01,614,352,0.5732899022801303
new,2018-02,402,228,0.5671641791044776
new,2018-03,669,385,0.5754857997010463
new,2018-04,557,307,0.5511669658886894
new,2018-05,652,389,0.5966257668711656
new,2018-06,596,356,0.5973154362416108
new,2018-07,612,347,0.5669934640522876
new,2018-08,567,349,0.6155202821869489
new,2018-09,448,254,0.5669642857142857
new,2018-10,605,354,0.5851239669421487
new,2018-11,483,283,0.5859213250517599
new,2018-12,499,285,0.5711422845691383
new,2019-01,535,309,0.577570093457944
new,2019-02,342,207,0.6052631578947368
new,2019-03,570,333,0.5842105263157895
new,2019-04,626,364,0.5814696485623003
new,2019-05,616,368,0.5974025974025974
new,2019-06,486,316,0.6502057613168725
new,2019-07,634,391,0.6167192429022083
new,2019-08,547,346,0.6325411334552102
new,2019-09,530,349,0.6584905660377358
new,2019-10,677,457,0.6750369276218612
new,2019-11,548,323,0.5894160583941606
new,2019-12,630,368,0.5841269841269842
new,2020-01,500,299,0.598
new,2020-02,562,329,0.5854092526690391
new,2020-03,719,450,0.6258692628650904
new,2020-04,589,382,0.6485568760611206
new,2020-05,531,347,0.6534839924670434
new,2020-06,641,400,0.62402496099844
new,2020-07,665,424,0.637593984962406
new,2020-08,649,397,0.6117103235747303
new,2020-09,698,444,0.6361031518624641
new,2020-10,648,422,0.6512345679012346
new,2020-11,738,494,0.6693766937669376
new,2020-12,847,576,0.680047225501771
new,2021-01,679,444,0.6539027982326951
new,2021-02,426,253,0.5938967136150235
new,2021-03,774,497,0.6421188630490956
new,2021-04,775,513,0.6619354838709678
new,2021-05,653,429,0.6569678407350689
new,2021-06,642,417,0.6495327102803738
new,2021-07,713,428,0.6002805049088359
new,2021-08,672,447,0.6651785714285714
new,2021-09,583,426,0.7307032590051458
new,2021-10,608,424,0.6973684210526315
new,2021-11,681,460,0.6754772393538914
new,2021-12,785,534,0.6802547770700637
new,2022-01,675,488,0.7229629629629629
new,2022-02,468,336,0.717948717948718
new,2022-03,927,661,0.7130528586839266
new,2022-04,718,483,0.6727019498607242
new,2022-05,684,474,0.6929824561403509
new,2022-06,640,465,0.7265625
new,2022-07,579,412,0.7115716753022453
new,2022-08,684,508,0.7426900584795322
new,2022-09,566,421,0.7438162544169611
new,2022-10,571,427,0.7478108581436077
new,2022-11,628,449,0.714968152866242
new,2022-12,661,484,0.7322239031770046
new,2023-01,389,289,0.7429305912596401
new,2023-02,558,422,0.7562724014336918
new,2023-03,864,582,0.6736111111111112
new,2023-04,595,455,0.7647058823529411
new,2023-05,735,549,0.746938775510204
new,2023-06,692,533,0.7702312138728323
new,2023-07,698,528,0.7564469914040115
new,2023-08,716,562,0.7849162011173184
new,2023-09,563,433,0.7690941385435168
new,2023-10,619,471,0.7609046849757674
new,2023-11,676,529,0.7825443786982249
new,2023-12,625,511,0.8176
new,2024-01,665,543,0.8165413533834587
new,2024-02,428,335,0.7827102803738317
new,2024-03,718,561,0.7813370473537604
new,2024-04,765,622,0.8130718954248366
new,2024-05,690,556,0.8057971014492754
new,2024-06,654,529,0.808868501529052
new,2024-07,704,562,0.7982954545454546
new,2024-08,725,593,0.8179310344827586
new,2024-09,650,548,0.8430769230769231
new,2024-10,627,532,0.8484848484848485
new,2024-11,666,550,0.8258258258258259
new,2024-12,657,537,0.817351598173516
new,2025-01,507,418,0.8244575936883629
new,2025-02,541,463,0.8558225508317929
new,2025-03,702,586,0.8347578347578347
new,2025-04,620,541,0.8725806451612903
new,2025-05,667,570,0.8545727136431784
new,2025-06,710,620,0.8732394366197183
new,2025-07,647,591,0.9134466769706336
new,2025-09,42,40,0.9523809523809523
new,2025-10,566,522,0.9222614840989399
new,2025-11,524,477,0.9103053435114504
new,2025-12,651,607,0.9324116743471582
new,2026-01,575,533,0.9269565217391305
new,2026-02,317,303,0.9558359621451105
new,2026-03,554,530,0.9566787003610109
new,2026-04,554,529,0.9548736462093863
new,2026-05,579,563,0.9723661485319517
new,2026-06,567,558,0.9841269841269841
new,2026-07,580,558,0.9620689655172414
new,2026-08,487,463,0.9507186858316222
