year,industry,employees,factories,revenue_thousand_twd
2012,其他化學製品製造業,7016.0,328.0,38353508.0
2012,其他製造業,12796.0,533.0,34555248.0
2012,其他運輸工具及其零件製造業,19792.0,421.0,105959882.0
2012,化學材料及肥料製造業,3383.0,132.0,53707969.0
2012,印刷及資料儲存媒體複製業,4812.0,325.0,14015621.0
2012,基本金屬製造業,10311.0,267.0,144686448.0
2012,塑膠製品製造業,23189.0,1428.0,71858468.0
2012,家具製造業,4693.0,300.0,13986179.0
2012,成衣及服飾品製造業,2464.0,87.0,5429319.0
2012,木竹製品製造業,1927.0,238.0,5563769.0
2012,機械設備製造業,77343.0,4324.0,288051797.0
2012,橡膠製品製造業,3289.0,167.0,8186957.0
2012,汽車及其零件製造業,9744.0,387.0,31315578.0
2012,產業用機械設備維修及安裝業,456.0,37.0,1753065.0
2012,皮革、毛皮及其製品製造業,4552.0,285.0,11789207.0
2012,石油及煤製品製造業,336.0,19.0,83896703.0
2012,紙漿、紙及紙製品製造業,5688.0,220.0,35785427.0
2012,紡織業,5118.0,263.0,18255682.0
2012,藥品及醫用化學製品製造業,3564.0,47.0,8658069.0
2012,金屬製品製造業,56551.0,3757.0,175405156.0
2012,電力設備及配備製造業,10047.0,475.0,42212500.0
2012,電子零組件製造業,57364.0,229.0,425016512.0
2012,電腦、電子產品及光學製品製造業,26741.0,281.0,106741723.0
2012,非製造業,9.0,4.0,45808.0
2012,非金屬礦物製品製造業,4736.0,223.0,26215153.0
2012,食品製造業,13655.0,570.0,87157898.0
2012,飲料及菸草製造業,1718.0,49.0,22158380.0
2018,其他化學製品製造業,7930.0,334.0,40901880.0
2018,其他製造業,15192.0,561.0,41749226.0
2018,其他運輸工具及其零件製造業,24113.0,539.0,126454952.0
2018,化學材料及肥料製造業,5254.0,144.0,63856085.0
2018,印刷及資料儲存媒體複製業,6285.0,358.0,17862397.0
2018,基本金屬製造業,11794.0,303.0,180405830.0
2018,塑膠製品製造業,27353.0,1599.0,79470878.0
2018,家具製造業,8168.0,413.0,21946273.0
2018,成衣及服飾品製造業,2564.0,99.0,5324882.0
2018,木竹製品製造業,2819.0,309.0,7567566.0
2018,機械設備製造業,94790.0,5061.0,360648251.0
2018,橡膠製品製造業,3622.0,205.0,8779187.0
2018,汽車及其零件製造業,11434.0,457.0,41761893.0
2018,產業用機械設備維修及安裝業,484.0,35.0,2107544.0
2018,皮革、毛皮及其製品製造業,4454.0,259.0,9586286.0
2018,石油及煤製品製造業,388.0,15.0,51358700.0
2018,紙漿、紙及紙製品製造業,6179.0,268.0,39618915.0
2018,紡織業,4911.0,268.0,16332019.0
2018,藥品及醫用化學製品製造業,4222.0,46.0,11135704.0
2018,金屬製品製造業,83457.0,5351.0,257106765.0
2018,電力設備及配備製造業,12355.0,519.0,49244043.0
2018,電子零組件製造業,54265.0,229.0,489221198.0
2018,電腦、電子產品及光學製品製造業,23283.0,290.0,109683385.0
2018,非製造業,3.0,1.0,0.0
2018,非金屬礦物製品製造業,8233.0,264.0,56972063.0
2018,食品製造業,19621.0,721.0,103554459.0
2018,飲料及菸草製造業,1737.0,48.0,25600178.0
2019,其他化學製品製造業,8181.0,336.0,38055997.0
2019,其他製造業,15348.0,562.0,46536751.0
2019,其他運輸工具及其零件製造業,25470.0,556.0,143389680.0
2019,化學材料及肥料製造業,5138.0,144.0,60805541.0
2019,基本金屬製造業,11771.0,301.0,158333508.0
2019,塑膠製品製造業,28666.0,1622.0,79408981.0
2019,家具製造業,7966.0,425.0,21799473.0
2019,成衣及服飾品製造業,2579.0,99.0,6475036.0
2019,木竹製品製造業,2859.0,308.0,8209219.0
2019,機械設備製造業,91894.0,5059.0,315265577.0
2019,橡膠製品製造業,3693.0,203.0,8328656.0
2019,汽車及其零件製造業,11267.0,464.0,40873625.0
2019,產業用機械設備維修及安裝業,494.0,34.0,2428605.0
2019,皮革、毛皮及其製品製造業,4474.0,258.0,9013296.0
2019,石油及煤製品製造業,495.0,17.0,63952074.0
2019,紙漿、紙及紙製品製造業,6076.0,267.0,36326528.0
2019,紡織業,4902.0,272.0,14663126.0
2019,藥品及醫用化學製品製造業,4360.0,48.0,12238340.0
2019,金屬製品製造業,86137.0,5584.0,248193824.0
2019,電力設備及配備製造業,12183.0,515.0,45448582.0
2019,電子零組件製造業,55352.0,224.0,458498007.0
2019,電腦、電子產品及光學製品製造業,23349.0,296.0,119016840.0
2019,非製造業,23.0,2.0,0.0
2019,非金屬礦物製品製造業,8296.0,260.0,56999235.0
2019,飲料及菸草製造業,1799.0,51.0,23560979.0
2020,其他化學製品製造業,8476.0,341.0,39352935.0
2020,其他製造業,15689.0,574.0,41871377.0
2020,其他運輸工具及其零件製造業,26662.0,563.0,141131253.0
2020,化學材料及肥料製造業,4893.0,139.0,59409108.0
2020,基本金屬製造業,11129.0,264.0,147227282.0
2020,塑膠製品製造業,28448.0,1610.0,80401853.0
2020,家具製造業,8006.0,418.0,22819965.0
2020,成衣及服飾品製造業,2471.0,101.0,6430047.0
2020,木竹製品製造業,2821.0,310.0,8208066.0
2020,機械設備製造業,90602.0,5000.0,309526855.0
2020,橡膠製品製造業,3494.0,206.0,7826055.0
2020,汽車及其零件製造業,11247.0,472.0,41156941.0
2020,產業用機械設備維修及安裝業,490.0,37.0,2474239.0
2020,皮革、毛皮及其製品製造業,4115.0,249.0,7915711.0
2020,石油及煤製品製造業,574.0,15.0,47389547.0
2020,紙漿、紙及紙製品製造業,6403.0,272.0,38306643.0
2020,紡織業,5245.0,298.0,13028562.0
2020,藥品及醫用化學製品製造業,4542.0,46.0,13049019.0
2020,金屬製品製造業,85910.0,5608.0,248093988.0
2020,電力設備及配備製造業,12224.0,525.0,44496165.0
2020,電子零組件製造業,53966.0,221.0,504567366.0
2020,電腦、電子產品及光學製品製造業,23763.0,301.0,107239319.0
2020,非製造業,30.0,5.0,160860.0
2020,非金屬礦物製品製造業,7920.0,250.0,59399599.0
2020,飲料及菸草製造業,1838.0,50.0,24167455.0
2022,其他化學製品製造業,8417.0,330.0,44097854.0
2022,其他製造業,16017.0,564.0,47702024.0
2022,其他運輸工具及其零件製造業,29633.0,579.0,227685311.0
2022,化學材料及肥料製造業,4675.0,141.0,83846588.0
2022,印刷及資料儲存媒體複製業,6086.0,344.0,17866744.0
2022,基本金屬製造業,11894.0,296.0,206517114.0
2022,塑膠製品製造業,29671.0,1566.0,85683466.0
2022,家具製造業,7529.0,390.0,22743057.0
2022,成衣及服飾品製造業,2513.0,97.0,5216758.0
2022,木竹製品製造業,2571.0,283.0,8158207.0
2022,機械設備製造業,89485.0,4928.0,370102028.0
2022,橡膠製品製造業,3406.0,192.0,8943810.0
2022,汽車及其零件製造業,11216.0,470.0,49244691.0
2022,產業用機械設備維修及安裝業,427.0,33.0,2962404.0
2022,皮革、毛皮及其製品製造業,3652.0,231.0,8916764.0
2022,石油及煤製品製造業,564.0,17.0,79173014.0
2022,紙漿、紙及紙製品製造業,6403.0,261.0,43126368.0
2022,紡織業,4736.0,284.0,16399043.0
2022,藥品及醫用化學製品製造業,4539.0,47.0,18912451.0
2022,金屬製品製造業,87111.0,5638.0,304628045.0
2022,電力設備及配備製造業,13085.0,505.0,64647924.0
2022,電子零組件製造業,58151.0,216.0,709918119.0
2022,電腦、電子產品及光學製品製造業,24809.0,300.0,105032891.0
2022,非製造業,26.0,4.0,55725.0
2022,非金屬礦物製品製造業,8344.0,257.0,58089636.0
2022,食品製造業,22048.0,765.0,142714137.0
2022,飲料及菸草製造業,1727.0,49.0,24158868.0
2023,其他化學製品製造業,8436.0,,
2023,其他製造業,16013.0,,
2023,其他運輸工具及其零件製造業,26849.0,,
2023,化學材料及肥料製造業,4232.0,,
2023,印刷及資料儲存媒體複製業,6011.0,,
2023,基本金屬製造業,11524.0,,
2023,塑膠製品製造業,25376.0,,
2023,家具製造業,7284.0,,
2023,成衣及服飾品製造業,2279.0,,
2023,木竹製品製造業,2382.0,,
2023,機械設備製造業,85796.0,,
2023,橡膠製品製造業,3195.0,,
2023,汽車及其零件製造業,10730.0,,
2023,產業用機械設備維修及安裝業,504.0,,
2023,皮革、毛皮及其製品製造業,3398.0,,
2023,石油及煤製品製造業,521.0,,
2023,紙漿、紙及紙製品製造業,6517.0,,
2023,紡織業,4620.0,,
2023,藥品及醫用化學製品製造業,4654.0,,
2023,金屬製品製造業,84672.0,,
2023,電力設備及配備製造業,12248.0,,
2023,電子零組件製造業,55165.0,,
2023,電腦、電子產品及光學製品製造業,24775.0,,
2023,非製造業,23.0,,
2023,非金屬礦物製品製造業,7879.0,,
2023,食品製造業,23174.0,,
2023,飲料及菸草製造業,1733.0,,
2024,其他化學製品製造業,8406.0,324.0,43267581.0
2024,其他製造業,16048.0,573.0,48404116.0
2024,其他運輸工具及其零件製造業,25407.0,572.0,138575841.0
2024,化學材料及肥料製造業,3802.0,142.0,68579968.0
2024,印刷及資料儲存媒體複製業,6029.0,339.0,16856154.0
2024,基本金屬製造業,11652.0,291.0,168755156.0
2024,塑膠製品製造業,25279.0,1552.0,74447545.0
2024,家具製造業,7170.0,379.0,22200365.0
2024,成衣及服飾品製造業,2372.0,100.0,4307716.0
2024,木竹製品製造業,2439.0,284.0,7551728.0
2024,機械設備製造業,84741.0,4905.0,307125753.0
2024,橡膠製品製造業,3136.0,197.0,6954037.0
2024,汽車及其零件製造業,10311.0,473.0,39703622.0
2024,產業用機械設備維修及安裝業,532.0,34.0,2386872.0
2024,皮革、毛皮及其製品製造業,3470.0,223.0,7787019.0
2024,石油及煤製品製造業,537.0,16.0,72571061.0
2024,紙漿、紙及紙製品製造業,6498.0,272.0,39934954.0
2024,紡織業,4656.0,276.0,15266372.0
2024,藥品及醫用化學製品製造業,4642.0,46.0,18118435.0
2024,金屬製品製造業,84290.0,5682.0,271199881.0
2024,電力設備及配備製造業,12583.0,501.0,60677832.0
2024,電子零組件製造業,54796.0,215.0,701863040.0
2024,電腦、電子產品及光學製品製造業,24404.0,296.0,111128574.0
2024,非製造業,23.0,5.0,36639.0
2024,非金屬礦物製品製造業,7648.0,265.0,67152888.0
2024,食品製造業,24085.0,801.0,143969993.0
2024,飲料及菸草製造業,1794.0,46.0,21640190.0
