roc_year,quarter,source_pdf,period,is_quarter_total,new_seekers,active_seekers,new_openings,active_openings,new_seekers_placed,active_seekers_placed,new_openings_filled,active_openings_filled,openings_per_seeker,placement_rate_pct,fill_rate_pct,scope_period
109,1,109Q1.pdf,2020-01,False,2458.0,8240.0,3011.0,5487.0,234.0,2103.0,670.0,2697.0,1.22,85.55,89.57,before_2022
109,1,109Q1.pdf,2020-02,False,3260.0,8473.0,5028.0,7234.0,385.0,2044.0,709.0,2383.0,1.54,62.69,47.39,before_2022
109,1,109Q1.pdf,2020-03,False,3360.0,9067.0,5916.0,10140.0,557.0,2468.0,2255.0,5037.0,1.76,73.45,85.14,before_2022
109,1,109Q1.pdf,2020Q1,True,9078.0,25780.0,13955.0,22861.0,1176.0,6615.0,3634.0,10117.0,1.53,72.86,72.49,before_2022
109,2,109Q2.pdf,2020-04,False,4566.0,10652.0,4012.0,6914.0,317.0,2267.0,808.0,3266.0,0.88,49.65,81.41,before_2022
109,2,109Q2.pdf,2020-05,False,3959.0,11648.0,5629.0,8573.0,401.0,2913.0,1870.0,4109.0,1.42,73.58,72.99,before_2022
109,2,109Q2.pdf,2020-06,False,4207.0,12251.0,4948.0,8399.0,497.0,3309.0,1040.0,3852.0,1.18,78.65,77.85,before_2022
109,2,109Q2.pdf,2020Q2,True,12732.0,34551.0,14589.0,23886.0,1215.0,8489.0,3718.0,11227.0,1.15,66.67,76.96,before_2022
109,3,109Q3.pdf,2020-07,False,4198.0,12171.0,5807.0,9554.0,965.0,3819.0,1997.0,4979.0,1.38,90.97,85.74,before_2022
109,3,109Q3.pdf,2020-08,False,3800.0,11303.0,6956.0,10548.0,489.0,3088.0,2072.0,4781.0,1.83,81.26,68.73,before_2022
109,3,109Q3.pdf,2020-09,False,4068.0,11546.0,6263.0,11080.0,797.0,3516.0,1985.0,5711.0,1.54,86.43,91.19,before_2022
109,3,109Q3.pdf,2020Q3,True,12066.0,35020.0,19026.0,31182.0,2251.0,10423.0,6054.0,15471.0,1.58,86.38,81.32,before_2022
109,4,109Q4.pdf,2020-10,False,3556.0,10814.0,5800.0,9857.0,633.0,3116.0,1574.0,5271.0,1.63,87.63,90.88,before_2022
109,4,109Q4.pdf,2020-11,False,3493.0,10539.0,5204.0,9224.0,455.0,2751.0,1327.0,3975.0,1.48,78.76,76.38,before_2022
109,4,109Q4.pdf,2020-12,False,3215.0,10346.0,4494.0,8168.0,331.0,2821.0,1060.0,4301.0,1.39,87.74,95.71,before_2022
109,4,109Q4.pdf,2020Q4,True,10264.0,31699.0,15498.0,27249.0,1419.0,8688.0,3961.0,13547.0,1.5,84.65,87.41,before_2022
110,1,110Q1.pdf,2021-01,False,3483.0,10255.0,5344.0,8813.0,415.0,3136.0,1569.0,4262.0,1.53,90.04,79.75,before_2022
110,1,110Q1.pdf,2021-02,False,3332.0,9787.0,5205.0,8912.0,328.0,2460.0,934.0,3932.0,1.56,73.83,75.54,before_2022
110,1,110Q1.pdf,2021-03,False,4048.0,10913.0,11906.0,16012.0,610.0,3489.0,4331.0,7984.0,2.94,86.19,67.06,before_2022
110,1,110Q1.pdf,2021Q1,True,10863.0,30955.0,22455.0,33737.0,1353.0,9085.0,6834.0,16178.0,2.07,83.63,72.05,before_2022
110,2,110Q2.pdf,2021-04,False,4122.0,10807.0,7567.0,14839.0,659.0,3120.0,2004.0,6739.0,1.84,75.69,89.06,before_2022
110,2,110Q2.pdf,2021-05,False,4024.0,11124.0,6842.0,11887.0,458.0,3095.0,1451.0,5308.0,1.7,76.91,77.58,before_2022
110,2,110Q2.pdf,2021-06,False,5802.0,12929.0,5543.0,10436.0,532.0,2950.0,684.0,3741.0,0.96,50.84,67.49,before_2022
110,2,110Q2.pdf,2021Q2,True,13948.0,34860.0,19952.0,37162.0,1649.0,9165.0,4139.0,15788.0,1.43,65.71,79.13,before_2022
110,3,110Q3.pdf,2021-07,False,5056.0,14131.0,5869.0,10414.0,814.0,3919.0,939.0,4987.0,1.16,77.51,84.97,before_2022
110,3,110Q3.pdf,2021-08,False,3774.0,12937.0,7981.0,12766.0,377.0,3461.0,1195.0,4552.0,2.11,91.71,57.04,before_2022
110,3,110Q3.pdf,2021-09,False,3985.0,11636.0,6506.0,13028.0,533.0,3333.0,1419.0,5692.0,1.63,83.64,87.49,before_2022
110,3,110Q3.pdf,2021Q3,True,12815.0,38704.0,20356.0,36208.0,1724.0,10713.0,3553.0,15231.0,1.59,83.6,74.82,before_2022
110,4,110Q4.pdf,2021-10,False,3614.0,10636.0,6158.0,11039.0,391.0,2509.0,1146.0,5372.0,1.7,69.42,87.24,before_2022
110,4,110Q4.pdf,2021-11,False,3720.0,10669.0,7095.0,11879.0,417.0,3005.0,1479.0,5658.0,1.91,80.78,79.75,before_2022
110,4,110Q4.pdf,2021-12,False,3367.0,10019.0,4838.0,10370.0,298.0,2653.0,833.0,5499.0,1.44,78.79,113.66,before_2022
110,4,110Q4.pdf,2021Q4,True,10701.0,31324.0,18091.0,33288.0,1106.0,8167.0,3458.0,16529.0,1.69,76.32,91.37,before_2022
111,1,111Q1.pdf,2022-01,False,3431.0,9818.0,5994.0,9729.0,341.0,3028.0,756.0,4077.0,1.75,88.25,68.02,from_2022
111,1,111Q1.pdf,2022-02,False,3294.0,9152.0,6286.0,11350.0,296.0,2104.0,1125.0,4221.0,1.91,63.87,67.15,from_2022
111,1,111Q1.pdf,2022-03,False,4170.0,10538.0,11771.0,16856.0,622.0,3279.0,5504.0,9780.0,2.82,78.63,83.09,from_2022
111,1,111Q1.pdf,2022Q1,True,10895.0,29508.0,24051.0,37935.0,1259.0,8411.0,7385.0,18078.0,2.21,77.2,75.17,from_2022
111,2,111Q2.pdf,2022-04,False,4005.0,10599.0,7204.0,12963.0,416.0,2898.0,1896.0,6268.0,1.8,72.36,87.01,from_2022
111,2,111Q2.pdf,2022-05,False,4534.0,11395.0,6289.0,11257.0,455.0,3223.0,1020.0,5087.0,1.39,71.09,80.89,from_2022
111,2,111Q2.pdf,2022-06,False,4406.0,11849.0,7490.0,12406.0,748.0,3647.0,2192.0,6046.0,1.7,82.77,80.72,from_2022
111,2,111Q2.pdf,2022Q2,True,12945.0,33843.0,20983.0,36626.0,1619.0,9768.0,5108.0,17401.0,1.62,75.46,82.93,from_2022
111,3,111Q3.pdf,2022-07,False,4462.0,12000.0,6757.0,11973.0,402.0,3657.0,1470.0,6075.0,1.51,81.96,89.91,from_2022
111,3,111Q3.pdf,2022-08,False,4337.0,11950.0,5698.0,10822.0,516.0,3641.0,1155.0,5235.0,1.31,83.95,91.87,from_2022
111,3,111Q3.pdf,2022-09,False,4258.0,11735.0,5872.0,10146.0,369.0,3241.0,1078.0,4503.0,1.38,76.12,76.69,from_2022
111,3,111Q3.pdf,2022Q3,True,13057.0,35685.0,18327.0,32941.0,1287.0,10539.0,3703.0,15813.0,1.4,80.72,86.28,from_2022
111,4,111Q4.pdf,2022-10,False,4247.0,11689.0,7928.0,12505.0,389.0,3181.0,2089.0,5138.0,1.87,74.9,64.81,from_2022
111,4,111Q4.pdf,2022-11,False,3911.0,11354.0,6319.0,11723.0,390.0,3234.0,804.0,5149.0,1.62,82.69,81.48,from_2022
111,4,111Q4.pdf,2022-12,False,3386.0,10657.0,4702.0,10175.0,323.0,3150.0,1459.0,5987.0,1.39,93.03,127.33,from_2022
111,4,111Q4.pdf,2022Q4,True,11544.0,33700.0,18949.0,34403.0,1102.0,9565.0,4352.0,16274.0,1.64,82.86,85.88,from_2022
112,1,112Q1.pdf,2023-01,False,5007.0,15996.0,4733.0,9322.0,369.0,3697.0,780.0,3948.0,0.95,73.84,83.41,from_2022
112,1,112Q1.pdf,2023-02,False,5886.0,16932.0,7606.0,11418.0,651.0,4559.0,1736.0,5688.0,1.29,77.45,74.78,from_2022
112,1,112Q1.pdf,2023-03,False,6244.0,17433.0,8819.0,14385.0,887.0,5188.0,1926.0,6460.0,1.41,83.09,73.25,from_2022
112,1,112Q1.pdf,2023Q1,True,17137.0,50361.0,21158.0,35125.0,1907.0,13444.0,4442.0,16096.0,1.23,78.45,76.08,from_2022
112,2,112Q2.pdf,2023-04,False,5724.0,16931.0,10309.0,16971.0,708.0,4448.0,3762.0,8160.0,1.8,77.71,79.15,from_2022
112,2,112Q2.pdf,2023-05,False,5973.0,17450.0,10677.0,16854.0,906.0,4833.0,2899.0,7932.0,1.79,80.91,74.29,from_2022
112,2,112Q2.pdf,2023-06,False,6417.0,18121.0,8572.0,15993.0,1017.0,5066.0,1537.0,6883.0,1.34,78.95,80.3,from_2022
112,2,112Q2.pdf,2023Q2,True,18114.0,52502.0,29558.0,49818.0,2631.0,14347.0,8198.0,22975.0,1.63,79.2,77.73,from_2022
112,3,112Q3.pdf,2023-07,False,5770.0,17756.0,8344.0,15004.0,801.0,4724.0,1479.0,6564.0,1.45,81.87,78.67,from_2022
112,3,112Q3.pdf,2023-08,False,6343.0,18297.0,10323.0,16624.0,627.0,4807.0,2536.0,7108.0,1.63,75.78,68.86,from_2022
112,3,112Q3.pdf,2023-09,False,5841.0,18195.0,9252.0,16669.0,672.0,4345.0,1212.0,7067.0,1.58,74.39,76.38,from_2022
112,3,112Q3.pdf,2023Q3,True,17954.0,54248.0,27919.0,48297.0,2100.0,13876.0,5227.0,20739.0,1.56,77.29,74.28,from_2022
112,4,112Q4.pdf,2023-10,False,6024.0,18692.0,8920.0,16537.0,557.0,4595.0,1944.0,6771.0,1.48,76.28,75.91,from_2022
112,4,112Q4.pdf,2023-11,False,5825.0,18685.0,6192.0,12852.0,515.0,4544.0,596.0,6369.0,1.06,78.01,102.86,from_2022
112,4,112Q4.pdf,2023-12,False,5496.0,18416.0,6973.0,12285.0,510.0,4474.0,1409.0,5295.0,1.27,81.4,75.94,from_2022
112,4,112Q4.pdf,2023Q4,True,17345.0,55793.0,22085.0,41674.0,1582.0,13613.0,3949.0,18435.0,1.27,78.48,83.47,from_2022
113,1,113Q1.pdf,2024-01,False,6089.0,18798.0,8481.0,13678.0,486.0,4510.0,1449.0,6169.0,1.39,74.07,72.74,from_2022
113,1,113Q1.pdf,2024-02,False,5241.0,18412.0,6888.0,13672.0,383.0,4117.0,1315.0,5483.0,1.31,78.55,79.6,from_2022
113,1,113Q1.pdf,2024-03,False,5901.0,19208.0,12492.0,17723.0,565.0,4922.0,4400.0,9792.0,2.12,83.41,78.39,from_2022
113,1,113Q1.pdf,2024Q1,True,17231.0,56418.0,27861.0,45073.0,1434.0,13549.0,7164.0,21444.0,1.62,78.63,76.97,from_2022
113,2,113Q2.pdf,2024-04,False,5686.0,18952.0,9806.0,17480.0,646.0,4833.0,1753.0,7971.0,1.72,85.0,81.29,from_2022
113,2,113Q2.pdf,2024-05,False,5975.0,19057.0,11219.0,19169.0,734.0,4669.0,1491.0,8400.0,1.88,78.14,74.87,from_2022
113,2,113Q2.pdf,2024-06,False,6318.0,19519.0,8725.0,18394.0,879.0,5087.0,937.0,6839.0,1.38,80.52,78.38,from_2022
113,2,113Q2.pdf,2024Q2,True,17979.0,57528.0,29750.0,55043.0,2259.0,14589.0,4181.0,23210.0,1.65,81.14,78.02,from_2022
113,3,113Q3.pdf,2024-07,False,6053.0,19433.0,8717.0,16305.0,796.0,4886.0,1079.0,7163.0,1.44,80.72,82.17,from_2022
113,3,113Q3.pdf,2024-08,False,7082.0,20428.0,9647.0,17001.0,838.0,5714.0,913.0,6849.0,1.36,80.68,71.0,from_2022
113,3,113Q3.pdf,2024-09,False,6879.0,20276.0,9979.0,18642.0,771.0,5364.0,1101.0,6837.0,1.45,77.98,68.51,from_2022
113,3,113Q3.pdf,2024Q3,True,20014.0,60137.0,28343.0,51948.0,2405.0,15964.0,3093.0,20849.0,1.42,79.76,73.56,from_2022
113,4,113Q4.pdf,2024-10,False,6545.0,20327.0,7523.0,16172.0,602.0,5440.0,825.0,6640.0,1.15,83.12,88.26,from_2022
113,4,113Q4.pdf,2024-11,False,6396.0,20159.0,6660.0,13243.0,648.0,5272.0,656.0,5874.0,1.04,82.43,88.2,from_2022
113,4,113Q4.pdf,2024-12,False,5038.0,18665.0,5358.0,11180.0,358.0,4429.0,598.0,4642.0,1.06,87.91,86.64,from_2022
113,4,113Q4.pdf,2024Q4,True,17979.0,59151.0,19541.0,40595.0,1608.0,15141.0,2079.0,17156.0,1.09,84.21,87.79,from_2022
114,1,114Q1.pdf,2025-01,False,5843.0,18690.0,8080.0,12650.0,468.0,4828.0,952.0,6083.0,1.38,82.63,75.28,from_2022
114,1,114Q1.pdf,2025-02,False,5901.0,18570.0,8905.0,15916.0,568.0,4551.0,1888.0,6907.0,1.51,77.12,77.56,from_2022
114,1,114Q1.pdf,2025-03,False,6321.0,19578.0,13102.0,19850.0,553.0,5259.0,3692.0,9775.0,2.07,83.2,74.61,from_2022
114,1,114Q1.pdf,2025Q1,True,18065.0,56838.0,30087.0,48416.0,1589.0,14638.0,6532.0,22765.0,1.67,81.03,75.66,from_2022
114,2,114Q2.pdf,2025-04,False,6716.0,20231.0,10127.0,19043.0,534.0,5035.0,1426.0,8031.0,1.51,74.97,79.3,from_2022
114,2,114Q2.pdf,2025-05,False,6392.0,20585.0,8819.0,17232.0,471.0,5194.0,1290.0,7192.0,1.38,81.26,81.55,from_2022
114,2,114Q2.pdf,2025-06,False,7782.0,22138.0,11490.0,18689.0,1417.0,6232.0,2005.0,8204.0,1.48,80.08,71.4,from_2022
114,2,114Q2.pdf,2025Q2,True,20890.0,62954.0,30436.0,54964.0,2422.0,16461.0,4721.0,23427.0,1.46,78.8,76.97,from_2022
114,3,114Q3.pdf,2025-07,False,6803.0,21661.0,9053.0,18159.0,480.0,5462.0,960.0,7570.0,1.33,80.29,83.62,from_2022
114,3,114Q3.pdf,2025-08,False,6488.0,21555.0,10289.0,18201.0,475.0,5470.0,789.0,6810.0,1.59,84.31,66.19,from_2022
114,3,114Q3.pdf,2025-09,False,6433.0,21162.0,9312.0,18556.0,553.0,4993.0,790.0,7754.0,1.45,77.62,83.27,from_2022
114,3,114Q3.pdf,2025Q3,True,19724.0,64378.0,28654.0,54916.0,1508.0,15925.0,2539.0,22134.0,1.45,80.74,77.25,from_2022
114,4,114Q4.pdf,2025-10,False,6535.0,21348.0,9770.0,17934.0,489.0,5137.0,598.0,7146.0,1.5,78.61,73.14,from_2022
114,4,114Q4.pdf,2025-11,False,6053.0,20612.0,6036.0,14676.0,502.0,4594.0,324.0,6018.0,1.0,75.9,99.7,from_2022
114,4,114Q4.pdf,2025-12,False,5955.0,20592.0,4239.0,9750.0,380.0,4618.0,457.0,3455.0,0.71,77.55,81.51,from_2022
114,4,114Q4.pdf,2025Q4,True,18543.0,62552.0,20045.0,42360.0,1371.0,14349.0,1379.0,16619.0,1.08,77.38,82.91,from_2022
115,1,115Q1.pdf,2026-01,False,6449.0,20890.0,8394.0,11997.0,421.0,4889.0,964.0,5538.0,1.3,75.81,65.98,from_2022
115,1,115Q1.pdf,2026-02,False,5649.0,20335.0,7609.0,14844.0,302.0,4328.0,775.0,5007.0,1.35,76.62,65.8,from_2022
115,1,115Q1.pdf,2026-03,False,6896.0,21985.0,12692.0,19340.0,534.0,5390.0,3497.0,9299.0,1.84,78.16,73.27,from_2022
115,1,115Q1.pdf,2026Q1,True,18994.0,63210.0,28695.0,46181.0,1257.0,14607.0,5236.0,19844.0,1.51,76.9,69.15,from_2022
115,2,115Q2.pdf,2026-04,False,6426.0,21972.0,10572.0,19374.0,547.0,5362.0,1438.0,8448.0,1.65,83.44,79.91,from_2022
115,2,115Q2.pdf,2026-05,False,6634.0,22127.0,7856.0,16880.0,578.0,5188.0,1010.0,5641.0,1.18,78.2,71.8,from_2022
115,2,115Q2.pdf,2026-06,False,7074.0,22719.0,11255.0,17915.0,1166.0,5812.0,1519.0,7946.0,1.59,82.16,70.6,from_2022
115,2,115Q2.pdf,2026Q2,True,20134.0,66818.0,29683.0,54169.0,2291.0,16362.0,3967.0,22035.0,1.47,81.27,74.23,from_2022
