roc_year,quarter,source_pdf,rank,industry,new_openings
109,1,109Q1.pdf,1,電子零組件製造業,2624.0
109,1,109Q1.pdf,2,機械設備製造業,1095.0
109,1,109Q1.pdf,3,餐飲業,953.0
109,1,109Q1.pdf,4,金屬製品製造業,909.0
109,1,109Q1.pdf,5,居住型照顧服務業,713.0
109,1,109Q1.pdf,6,電腦、電子產品及光學製品製造業,593.0
109,1,109Q1.pdf,7,食品及飼品製造業,592.0
109,1,109Q1.pdf,9,塑膠製品製造業,486.0
109,1,109Q1.pdf,10,其他運輸工具製造業,451.0
109,1,109Q1.pdf,12,住宿業,299.0
109,1,109Q1.pdf,14,金融服務業,286.0
109,1,109Q1.pdf,15,化學原材料、肥料、氮化合物、塑,247.0
109,1,109Q1.pdf,16,教育業,196.0
109,1,109Q1.pdf,17,基本金屬製造業,186.0
109,1,109Q1.pdf,19,專門營造業,173.0
109,1,109Q1.pdf,20,其他化學製品製造業,170.0
109,2,109Q2.pdf,1,電子零組件製造業,2745.0
109,2,109Q2.pdf,2,機械設備製造業,1213.0
109,2,109Q2.pdf,3,金屬製品製造業,1021.0
109,2,109Q2.pdf,4,公共行政及國防；強制性社會安全,800.0
109,2,109Q2.pdf,5,居住型照顧服務業,765.0
109,2,109Q2.pdf,6,食品及飼品製造業,557.0
109,2,109Q2.pdf,7,塑膠製品製造業,532.0
109,2,109Q2.pdf,9,專門營造業,516.0
109,2,109Q2.pdf,10,電腦、電子產品及光學製品製造業,493.0
109,2,109Q2.pdf,11,餐飲業,492.0
109,2,109Q2.pdf,12,其他運輸工具製造業,425.0
109,2,109Q2.pdf,14,保全及偵探業,266.0
109,2,109Q2.pdf,15,運動、娛樂及休閒服務業,249.0
109,2,109Q2.pdf,17,陸上運輸業,212.0
109,2,109Q2.pdf,18,資訊服務業,201.0
109,2,109Q2.pdf,19,基本金屬製造業,199.0
109,2,109Q2.pdf,20,橡膠製品製造業,191.0
109,3,109Q3.pdf,1,電子零組件製造業,2376.0
109,3,109Q3.pdf,2,機械設備製造業,1986.0
109,3,109Q3.pdf,3,餐飲業,1655.0
109,3,109Q3.pdf,4,金屬製品製造業,1513.0
109,3,109Q3.pdf,5,其他運輸工具製造業,1149.0
109,3,109Q3.pdf,6,電腦、電子產品及光學製品製造業,1040.0
109,3,109Q3.pdf,7,居住型照顧服務業,846.0
109,3,109Q3.pdf,9,食品及飼品製造業,671.0
109,3,109Q3.pdf,10,塑膠製品製造業,528.0
109,3,109Q3.pdf,12,住宿業,412.0
109,3,109Q3.pdf,13,其他專業、科學及技術服務業,404.0
109,3,109Q3.pdf,14,公共行政及國防；強制性社會安全,382.0
109,3,109Q3.pdf,15,專門營造業,360.0
109,3,109Q3.pdf,16,電力設備及配備製造業,293.0
109,3,109Q3.pdf,17,保全及偵探業,292.0
109,3,109Q3.pdf,18,醫療保健業,286.0
109,3,109Q3.pdf,19,其他製造業,259.0
109,3,109Q3.pdf,20,陸上運輸業,232.0
109,4,109Q4.pdf,1,電子零組件製造業,2099.0
109,4,109Q4.pdf,2,機械設備製造業,1780.0
109,4,109Q4.pdf,3,金屬製品製造業,1378.0
109,4,109Q4.pdf,4,餐飲業,979.0
109,4,109Q4.pdf,5,居住型照顧服務業,928.0
109,4,109Q4.pdf,6,其他運輸工具製造業,856.0
109,4,109Q4.pdf,7,食品及飼品製造業,796.0
109,4,109Q4.pdf,8,電腦、電子產品及光學製品製造業,752.0
109,4,109Q4.pdf,9,塑膠製品製造業,584.0
109,4,109Q4.pdf,11,教育業,364.0
109,4,109Q4.pdf,12,專門營造業,360.0
109,4,109Q4.pdf,13,保全及偵探業,295.0
109,4,109Q4.pdf,15,陸上運輸業,228.0
109,4,109Q4.pdf,16,其他專業、科學及技術服務業,219.0
109,4,109Q4.pdf,18,建築工程業,215.0
109,4,109Q4.pdf,19,汽車及其零件製造業,198.0
109,4,109Q4.pdf,20,住宿業,181.0
110,1,110Q1.pdf,1,電子零組件製造業,4352.0
110,1,110Q1.pdf,2,機械設備製造業,1787.0
110,1,110Q1.pdf,3,電腦、電子產品及光學製品製造業,1636.0
110,1,110Q1.pdf,4,金屬製品製造業,1551.0
110,1,110Q1.pdf,5,其他運輸工具製造業,1535.0
110,1,110Q1.pdf,6,餐飲業,952.0
110,1,110Q1.pdf,7,食品及飼品製造業,887.0
110,1,110Q1.pdf,8,其他製造業,834.0
110,1,110Q1.pdf,9,居住型照顧服務業,802.0
110,1,110Q1.pdf,11,公共行政及國防；強制性社會安全,690.0
110,1,110Q1.pdf,12,金融服務業,526.0
110,1,110Q1.pdf,14,專門營造業,370.0
110,1,110Q1.pdf,15,塑膠製品製造業,360.0
110,1,110Q1.pdf,16,化學原材料、肥料、氮化合物、塑,302.0
110,1,110Q1.pdf,17,電力設備及配備製造業,285.0
110,1,110Q1.pdf,18,陸上運輸業,252.0
110,1,110Q1.pdf,19,保全及偵探業,246.0
110,2,110Q2.pdf,1,機械設備製造業,3027.0
110,2,110Q2.pdf,2,電子零組件製造業,2589.0
110,2,110Q2.pdf,3,金屬製品製造業,2047.0
110,2,110Q2.pdf,4,公共行政及國防；強制性社會安全,1225.0
110,2,110Q2.pdf,5,電腦、電子產品及光學製品製造業,1112.0
110,2,110Q2.pdf,6,其他運輸工具製造業,912.0
110,2,110Q2.pdf,7,食品及飼品製造業,844.0
110,2,110Q2.pdf,8,居住型照顧服務業,630.0
110,2,110Q2.pdf,9,塑膠製品製造業,579.0
110,2,110Q2.pdf,11,其他製造業,531.0
110,2,110Q2.pdf,12,陸上運輸業,528.0
110,2,110Q2.pdf,13,餐飲業,416.0
110,2,110Q2.pdf,14,人力仲介及供應業,273.0
110,2,110Q2.pdf,15,電力設備及配備製造業,270.0
110,2,110Q2.pdf,17,保全及偵探業,259.0
110,2,110Q2.pdf,18,專門營造業,258.0
110,2,110Q2.pdf,19,汽車及其零件製造業,237.0
110,2,110Q2.pdf,20,運動、娛樂及休閒服務業,229.0
110,3,110Q3.pdf,1,機械設備製造業,3337.0
110,3,110Q3.pdf,2,電腦、電子產品及光學製品製造業,2429.0
110,3,110Q3.pdf,3,金屬製品製造業,2365.0
110,3,110Q3.pdf,4,電子零組件製造業,1753.0
110,3,110Q3.pdf,5,公共行政及國防；強制性社會安全,904.0
110,3,110Q3.pdf,6,其他運輸工具製造業,884.0
110,3,110Q3.pdf,7,居住型照顧服務業,792.0
110,3,110Q3.pdf,8,餐飲業,721.0
110,3,110Q3.pdf,9,食品及飼品製造業,620.0
110,3,110Q3.pdf,10,塑膠製品製造業,490.0
110,3,110Q3.pdf,11,其他製造業,394.0
110,3,110Q3.pdf,12,汽車及其零件製造業,363.0
110,3,110Q3.pdf,13,非金屬礦物製品製造業,338.0
110,3,110Q3.pdf,15,基本金屬製造業,300.0
110,3,110Q3.pdf,16,陸上運輸業,257.0
110,3,110Q3.pdf,17,專門營造業,252.0
110,3,110Q3.pdf,19,電力設備及配備製造業,240.0
110,3,110Q3.pdf,20,住宿業,220.0
110,4,110Q4.pdf,1,電子零組件製造業,2420.0
110,4,110Q4.pdf,2,電腦、電子產品及光學製品製造業,2301.0
110,4,110Q4.pdf,3,機械設備製造業,2107.0
110,4,110Q4.pdf,4,金屬製品製造業,1561.0
110,4,110Q4.pdf,5,其他運輸工具製造業,910.0
110,4,110Q4.pdf,6,居住型照顧服務業,844.0
110,4,110Q4.pdf,7,餐飲業,830.0
110,4,110Q4.pdf,8,食品及飼品製造業,556.0
110,4,110Q4.pdf,9,塑膠製品製造業,546.0
110,4,110Q4.pdf,11,其他製造業,429.0
110,4,110Q4.pdf,12,汽車及其零件製造業,334.0
110,4,110Q4.pdf,13,陸上運輸業,309.0
110,4,110Q4.pdf,14,住宿業,306.0
110,4,110Q4.pdf,15,基本金屬製造業,295.0
110,4,110Q4.pdf,17,保全及偵探業,251.0
110,4,110Q4.pdf,18,電力設備及配備製造業,232.0
110,4,110Q4.pdf,19,專門營造業,212.0
110,4,110Q4.pdf,20,非金屬礦物製品製造業,198.0
111,1,111Q1.pdf,1,其他製造業,3488.0
111,1,111Q1.pdf,2,電子零組件製造業,617.0
111,1,111Q1.pdf,3,機械設備製造業,552.0
111,1,111Q1.pdf,4,餐飲業,481.0
111,1,111Q1.pdf,5,公共行政及國防；強制性社會安全,254.0
111,1,111Q1.pdf,6,電腦、電子產品及光學製品製造業,246.0
111,1,111Q1.pdf,7,居住型照顧服務業,240.0
111,1,111Q1.pdf,9,金屬製品製造業,159.0
111,1,111Q1.pdf,10,塑膠製品製造業,122.0
111,1,111Q1.pdf,12,金融服務業,101.0
111,1,111Q1.pdf,14,食品及飼品製造業,82.0
111,1,111Q1.pdf,15,住宿業,77.0
111,1,111Q1.pdf,16,保全及偵探業,75.0
111,1,111Q1.pdf,17,其他運輸工具製造業,69.0
111,1,111Q1.pdf,18,專門營造業,62.0
111,1,111Q1.pdf,19,化學材料及肥料製造業,27.0
111,1,111Q1.pdf,20,其他化學製品製造業,27.0
111,2,111Q2.pdf,1,電子零組件製造業,3981.0
111,2,111Q2.pdf,2,機械設備製造業,2394.0
111,2,111Q2.pdf,3,電腦、電子產品及光學製品製造業,1944.0
111,2,111Q2.pdf,4,金屬製品製造業,1511.0
111,2,111Q2.pdf,5,餐飲業,1323.0
111,2,111Q2.pdf,6,食品及飼品製造業,1024.0
111,2,111Q2.pdf,8,居住型照顧服務業,756.0
111,2,111Q2.pdf,9,其他製造業,577.0
111,2,111Q2.pdf,10,住宿業,565.0
111,2,111Q2.pdf,11,其他運輸工具製造業,517.0
111,2,111Q2.pdf,12,公共行政及國防；強制性社會安全,513.0
111,2,111Q2.pdf,13,保全及偵探業,381.0
111,2,111Q2.pdf,14,運動、娛樂及休閒服務業,361.0
111,2,111Q2.pdf,15,塑膠製品製造業,345.0
111,2,111Q2.pdf,16,電力設備及配備製造業,279.0
111,2,111Q2.pdf,17,基本金屬製造業,277.0
111,2,111Q2.pdf,18,化學材料及肥料製造業,275.0
111,2,111Q2.pdf,19,汽車及其零件製造業,175.0
111,3,111Q3.pdf,1,餐飲業,2007.0
111,3,111Q3.pdf,2,電子零組件製造業,2004.0
111,3,111Q3.pdf,3,機械設備製造業,1590.0
111,3,111Q3.pdf,4,金屬製品製造業,1381.0
111,3,111Q3.pdf,6,食品及飼品製造業,1201.0
111,3,111Q3.pdf,7,電腦、電子產品及光學製品製造業,908.0
111,3,111Q3.pdf,8,居住型照顧服務業,869.0
111,3,111Q3.pdf,9,住宿業,786.0
111,3,111Q3.pdf,10,其他運輸工具製造業,541.0
111,3,111Q3.pdf,11,電力設備及配備製造業,414.0
111,3,111Q3.pdf,12,塑膠製品製造業,398.0
111,3,111Q3.pdf,13,基本金屬製造業,313.0
111,3,111Q3.pdf,15,運動、娛樂及休閒服務業,275.0
111,3,111Q3.pdf,16,陸上運輸業,273.0
111,3,111Q3.pdf,17,保全及偵探業,270.0
111,3,111Q3.pdf,18,建築物及綠化服務業,264.0
111,3,111Q3.pdf,19,其他製造業,250.0
111,3,111Q3.pdf,20,其他社會工作服務業,243.0
111,4,111Q4.pdf,1,餐飲業,3529.0
111,4,111Q4.pdf,3,機械設備製造業,1342.0
111,4,111Q4.pdf,4,電腦、電子產品及光學製品製造業,1244.0
111,4,111Q4.pdf,5,住宿業,936.0
111,4,111Q4.pdf,6,金屬製品製造業,930.0
111,4,111Q4.pdf,7,食品及飼品製造業,888.0
111,4,111Q4.pdf,8,居住型照顧服務業,728.0
111,4,111Q4.pdf,9,其他運輸工具製造業,659.0
111,4,111Q4.pdf,10,陸上運輸業,514.0
111,4,111Q4.pdf,11,電子零組件製造業,501.0
111,4,111Q4.pdf,12,塑膠製品製造業,458.0
111,4,111Q4.pdf,13,其他製造業,439.0
111,4,111Q4.pdf,14,基本金屬製造業,403.0
111,4,111Q4.pdf,15,電力設備及配備製造業,311.0
111,4,111Q4.pdf,16,專門營造業,289.0
111,4,111Q4.pdf,18,保全及偵探業,260.0
111,4,111Q4.pdf,19,運動、娛樂及休閒服務業,247.0
111,4,111Q4.pdf,20,汽車及其零件製造業,245.0
112,1,112Q1.pdf,1,餐飲業,3344.0
112,1,112Q1.pdf,2,居住型照顧服務業,2339.0
112,1,112Q1.pdf,3,其他社會工作服務業,1779.0
112,1,112Q1.pdf,4,金屬製品製造業,1601.0
112,1,112Q1.pdf,5,機械設備製造業,1527.0
112,1,112Q1.pdf,7,食品及飼品製造業,1055.0
112,1,112Q1.pdf,8,電腦、電子產品及光學製品製造業,580.0
112,1,112Q1.pdf,9,電子零組件製造業,556.0
112,1,112Q1.pdf,11,其他運輸工具製造業,461.0
112,1,112Q1.pdf,12,塑膠製品製造業,422.0
112,1,112Q1.pdf,13,其他製造業,420.0
112,1,112Q1.pdf,14,住宿業,366.0
112,1,112Q1.pdf,15,電力設備及配備製造業,313.0
112,1,112Q1.pdf,16,專門營造業,311.0
112,1,112Q1.pdf,17,保全及偵探業,289.0
112,1,112Q1.pdf,18,教育業,281.0
112,1,112Q1.pdf,19,人力仲介及供應業,223.0
112,1,112Q1.pdf,20,建築物及綠化服務業,218.0
112,2,112Q2.pdf,1,餐飲業,4389.0
112,2,112Q2.pdf,2,電子零組件製造業,3167.0
112,2,112Q2.pdf,3,居住型照顧服務業,1851.0
112,2,112Q2.pdf,4,機械設備製造業,1787.0
112,2,112Q2.pdf,5,其他社會工作服務業,1787.0
112,2,112Q2.pdf,6,金屬製品製造業,1734.0
112,2,112Q2.pdf,8,食品及飼品製造業,1248.0
112,2,112Q2.pdf,9,電腦、電子產品及光學製品製造業,1166.0
112,2,112Q2.pdf,10,塑膠製品製造業,856.0
112,2,112Q2.pdf,11,住宿業,696.0
112,2,112Q2.pdf,12,其他製造業,641.0
112,2,112Q2.pdf,14,未分類其他服務業,588.0
112,2,112Q2.pdf,15,其他運輸工具製造業,493.0
112,2,112Q2.pdf,16,教育業,465.0
112,2,112Q2.pdf,17,保全及偵探業,391.0
112,2,112Q2.pdf,18,化學材料及肥料製造業,390.0
112,2,112Q2.pdf,19,基本金屬製造業,352.0
112,2,112Q2.pdf,20,專門營造業,335.0
112,3,112Q3.pdf,1,餐飲業,5546.0
112,3,112Q3.pdf,2,居住型照顧服務業,2541.0
112,3,112Q3.pdf,4,其他社會工作服務業,2203.0
112,3,112Q3.pdf,5,金屬製品製造業,1520.0
112,3,112Q3.pdf,6,機械設備製造業,1369.0
112,3,112Q3.pdf,7,電子零組件製造業,1264.0
112,3,112Q3.pdf,8,其他製造業,1145.0
112,3,112Q3.pdf,9,食品及飼品製造業,1007.0
112,3,112Q3.pdf,10,住宿業,714.0
112,3,112Q3.pdf,11,塑膠製品製造業,551.0
112,3,112Q3.pdf,12,電力設備及配備製造業,510.0
112,3,112Q3.pdf,13,電腦、電子產品及光學製品製造業,501.0
112,3,112Q3.pdf,15,其他運輸工具製造業,482.0
112,3,112Q3.pdf,16,保全及偵探業,408.0
112,3,112Q3.pdf,17,基本金屬製造業,376.0
112,3,112Q3.pdf,18,運動、娛樂及休閒服務業,291.0
112,3,112Q3.pdf,19,藥品製造業,289.0
112,3,112Q3.pdf,20,化學材料及肥料製造業,287.0
112,4,112Q4.pdf,1,餐飲業,3512.0
112,4,112Q4.pdf,2,其他社會工作服務業,2028.0
112,4,112Q4.pdf,3,居住型照顧服務業,2015.0
112,4,112Q4.pdf,5,食品及飼品製造業,1393.0
112,4,112Q4.pdf,6,金屬製品製造業,1389.0
112,4,112Q4.pdf,7,電子零組件製造業,1027.0
112,4,112Q4.pdf,8,機械設備製造業,1019.0
112,4,112Q4.pdf,9,電腦、電子產品及光學製品製造業,853.0
112,4,112Q4.pdf,10,塑膠製品製造業,481.0
112,4,112Q4.pdf,11,教育業,465.0
112,4,112Q4.pdf,12,陸上運輸業,452.0
112,4,112Q4.pdf,13,住宿業,410.0
112,4,112Q4.pdf,14,其他運輸工具製造業,351.0
112,4,112Q4.pdf,15,其他製造業,345.0
112,4,112Q4.pdf,17,保全及偵探業,340.0
112,4,112Q4.pdf,18,基本金屬製造業,316.0
112,4,112Q4.pdf,19,電力設備及配備製造業,294.0
112,4,112Q4.pdf,20,其他化學製品製造業,217.0
113,1,113Q1.pdf,1,餐飲業,3696.0
113,1,113Q1.pdf,2,電子零組件製造業,3407.0
113,1,113Q1.pdf,3,其他社會工作服務業,2442.0
113,1,113Q1.pdf,4,居住型照顧服務業,2398.0
113,1,113Q1.pdf,6,金屬製品製造業,1701.0
113,1,113Q1.pdf,7,機械設備製造業,1459.0
113,1,113Q1.pdf,8,食品及飼品製造業,1156.0
113,1,113Q1.pdf,10,教育業,551.0
113,1,113Q1.pdf,11,住宿業,521.0
113,1,113Q1.pdf,12,保全及偵探業,520.0
113,1,113Q1.pdf,13,化學材料及肥料製造業,470.0
113,1,113Q1.pdf,14,塑膠製品製造業,439.0
113,1,113Q1.pdf,15,電力設備及配備製造業,428.0
113,1,113Q1.pdf,16,金融服務業,386.0
113,1,113Q1.pdf,17,電腦、電子產品及光學製品製造業,360.0
113,1,113Q1.pdf,18,運動、娛樂及休閒服務業,341.0
113,1,113Q1.pdf,19,其他化學製品製造業,327.0
113,1,113Q1.pdf,20,其他製造業,326.0
113,2,113Q2.pdf,1,餐飲業,4502.0
113,2,113Q2.pdf,3,居住型照顧服務業,2475.0
113,2,113Q2.pdf,4,其他社會工作服務業,2408.0
113,2,113Q2.pdf,5,機械設備製造業,1792.0
113,2,113Q2.pdf,6,金屬製品製造業,1607.0
113,2,113Q2.pdf,7,電腦、電子產品及光學製品製造業,1196.0
113,2,113Q2.pdf,8,食品及飼品製造業,1189.0
113,2,113Q2.pdf,9,電子零組件製造業,1188.0
113,2,113Q2.pdf,10,電力設備及配備製造業,716.0
113,2,113Q2.pdf,11,其他製造業,663.0
113,2,113Q2.pdf,12,塑膠製品製造業,654.0
113,2,113Q2.pdf,13,住宿業,600.0
113,2,113Q2.pdf,14,保全及偵探業,580.0
113,2,113Q2.pdf,15,運動、娛樂及休閒服務業,533.0
113,2,113Q2.pdf,16,未分類其他服務業,401.0
113,2,113Q2.pdf,17,其他運輸工具製造業,397.0
113,2,113Q2.pdf,18,教育業,387.0
113,2,113Q2.pdf,19,專門營造業,366.0
113,2,113Q2.pdf,20,公共行政及國防；強制性社會安全,326.0
113,3,113Q3.pdf,1,製造業,11120.0
113,3,113Q3.pdf,2,住宿及餐飲業,5119.0
113,3,113Q3.pdf,3,醫療保健及社會工作服務業,4934.0
113,3,113Q3.pdf,4,批發及零售業,3402.0
113,3,113Q3.pdf,5,支援服務業,930.0
113,3,113Q3.pdf,6,營建工程業,508.0
113,3,113Q3.pdf,7,運輸及倉儲業,431.0
113,3,113Q3.pdf,8,藝術、娛樂及休閒服務業,358.0
113,3,113Q3.pdf,9,專業、科學及技術服務業,285.0
113,3,113Q3.pdf,10,公共行政及國防；強制性社會安全,274.0
113,3,113Q3.pdf,11,教育業,265.0
113,3,113Q3.pdf,12,其他服務業,252.0
113,3,113Q3.pdf,13,用水供應及污染整治業,227.0
113,3,113Q3.pdf,14,出版影音及資通訊業,124.0
113,3,113Q3.pdf,15,電力及燃氣供應業,47.0
113,3,113Q3.pdf,16,不動產業,44.0
113,3,113Q3.pdf,17,農、林、漁、牧業,13.0
113,3,113Q3.pdf,18,礦業及土石採取業,6.0
113,3,113Q3.pdf,19,金融及保險業,4.0
113,4,113Q4.pdf,1,製造業,6877.0
113,4,113Q4.pdf,2,醫療保健及社會工作服務業,3954.0
113,4,113Q4.pdf,3,住宿及餐飲業,3373.0
113,4,113Q4.pdf,4,批發及零售業,2061.0
113,4,113Q4.pdf,5,支援服務業,1202.0
113,4,113Q4.pdf,6,營建工程業,606.0
113,4,113Q4.pdf,7,運輸及倉儲業,361.0
113,4,113Q4.pdf,8,其他服務業,252.0
113,4,113Q4.pdf,9,專業、科學及技術服務業,235.0
113,4,113Q4.pdf,10,教育業,174.0
113,4,113Q4.pdf,11,用水供應及污染整治業,157.0
113,4,113Q4.pdf,12,藝術、娛樂及休閒服務業,100.0
113,4,113Q4.pdf,13,出版影音及資通訊業,77.0
113,4,113Q4.pdf,14,電力及燃氣供應業,64.0
113,4,113Q4.pdf,15,不動產業,20.0
113,4,113Q4.pdf,16,公共行政及國防；強制性社會安全,11.0
113,4,113Q4.pdf,17,農、林、漁、牧業,8.0
113,4,113Q4.pdf,18,礦業及土石採取業,6.0
113,4,113Q4.pdf,19,金融及保險業,3.0
114,1,114Q1.pdf,1,製造業,13021.0
114,1,114Q1.pdf,2,住宿及餐飲業,5189.0
114,1,114Q1.pdf,3,醫療保健及社會工作服務業,4989.0
114,1,114Q1.pdf,4,批發及零售業,3318.0
114,1,114Q1.pdf,5,支援服務業,945.0
114,1,114Q1.pdf,6,營建工程業,680.0
114,1,114Q1.pdf,7,教育業,330.0
114,1,114Q1.pdf,8,專業、科學及技術服務業,325.0
114,1,114Q1.pdf,9,其他服務業,294.0
114,1,114Q1.pdf,10,用水供應及污染整治業,263.0
114,1,114Q1.pdf,11,出版影音及資通訊業,257.0
114,1,114Q1.pdf,12,藝術、娛樂及休閒服務業,196.0
114,1,114Q1.pdf,13,運輸及倉儲業,137.0
114,1,114Q1.pdf,14,公共行政及國防；強制性社會安全,44.0
114,1,114Q1.pdf,15,金融及保險業,39.0
114,1,114Q1.pdf,16,電力及燃氣供應業,29.0
114,1,114Q1.pdf,17,農、林、漁、牧業,22.0
114,1,114Q1.pdf,18,礦業及土石採取業,5.0
114,1,114Q1.pdf,19,不動產業,4.0
114,2,114Q2.pdf,1,製造業,13818.0
114,2,114Q2.pdf,2,醫療保健及社會工作服務業,5860.0
114,2,114Q2.pdf,3,住宿及餐飲業,3816.0
114,2,114Q2.pdf,4,批發及零售業,2828.0
114,2,114Q2.pdf,5,支援服務業,1313.0
114,2,114Q2.pdf,6,公共行政及國防；強制性社會安全,549.0
114,2,114Q2.pdf,7,教育業,539.0
114,2,114Q2.pdf,8,營建工程業,418.0
114,2,114Q2.pdf,9,運輸及倉儲業,309.0
114,2,114Q2.pdf,10,專業、科學及技術服務業,289.0
114,2,114Q2.pdf,11,出版影音及資通訊業,171.0
114,2,114Q2.pdf,12,藝術、娛樂及休閒服務業,149.0
114,2,114Q2.pdf,13,其他服務業,138.0
114,2,114Q2.pdf,14,用水供應及污染整治業,120.0
114,2,114Q2.pdf,15,電力及燃氣供應業,52.0
114,2,114Q2.pdf,16,不動產業,37.0
114,2,114Q2.pdf,17,農、林、漁、牧業,17.0
114,2,114Q2.pdf,18,礦業及土石採取業,11.0
114,2,114Q2.pdf,19,金融及保險業,2.0
114,3,114Q3.pdf,1,製造業,11586.0
114,3,114Q3.pdf,2,醫療保健及社會工作服務業,7016.0
114,3,114Q3.pdf,3,住宿及餐飲業,3720.0
114,3,114Q3.pdf,4,批發及零售業,2575.0
114,3,114Q3.pdf,5,支援服務業,987.0
114,3,114Q3.pdf,6,營建工程業,899.0
114,3,114Q3.pdf,7,運輸及倉儲業,583.0
114,3,114Q3.pdf,8,專業、科學及技術服務業,324.0
114,3,114Q3.pdf,9,教育業,256.0
114,3,114Q3.pdf,10,其他服務業,188.0
114,3,114Q3.pdf,11,出版影音及資通訊業,173.0
114,3,114Q3.pdf,12,藝術、娛樂及休閒服務業,88.0
114,3,114Q3.pdf,13,用水供應及污染整治業,64.0
114,3,114Q3.pdf,14,不動產業,44.0
114,3,114Q3.pdf,15,公共行政及國防；強制性社會安全,43.0
114,3,114Q3.pdf,16,金融及保險業,40.0
114,3,114Q3.pdf,17,電力及燃氣供應業,25.0
114,3,114Q3.pdf,18,農、林、漁、牧業,22.0
114,3,114Q3.pdf,19,礦業及土石採取業,21.0
114,4,114Q4.pdf,1,製造業,8119.0
114,4,114Q4.pdf,2,醫療保健及社會工作服務業,4042.0
114,4,114Q4.pdf,3,住宿及餐飲業,3395.0
114,4,114Q4.pdf,4,批發及零售業,1739.0
114,4,114Q4.pdf,5,支援服務業,856.0
114,4,114Q4.pdf,6,營建工程業,475.0
114,4,114Q4.pdf,7,運輸及倉儲業,444.0
114,4,114Q4.pdf,8,藝術、娛樂及休閒服務業,248.0
114,4,114Q4.pdf,9,教育業,213.0
114,4,114Q4.pdf,10,其他服務業,138.0
114,4,114Q4.pdf,11,專業、科學及技術服務業,114.0
114,4,114Q4.pdf,12,用水供應及污染整治業,87.0
114,4,114Q4.pdf,13,電力及燃氣供應業,66.0
114,4,114Q4.pdf,14,出版影音及資通訊業,41.0
114,4,114Q4.pdf,15,公共行政及國防；強制性社會安全,31.0
114,4,114Q4.pdf,16,不動產業,22.0
114,4,114Q4.pdf,17,農、林、漁、牧業,10.0
114,4,114Q4.pdf,18,金融及保險業,5.0
114,4,114Q4.pdf,19,礦業及土石採取業,0.0
115,1,115Q1.pdf,1,製造業,12175.0
115,1,115Q1.pdf,2,醫療保健及社會工作服務業,6236.0
115,1,115Q1.pdf,3,住宿及餐飲業,3230.0
115,1,115Q1.pdf,4,批發及零售業,3010.0
115,1,115Q1.pdf,5,支援服務業,970.0
115,1,115Q1.pdf,6,營建工程業,622.0
115,1,115Q1.pdf,7,出版影音及資通訊業,333.0
115,1,115Q1.pdf,8,專業、科學及技術服務業,333.0
115,1,115Q1.pdf,9,金融及保險業,327.0
115,1,115Q1.pdf,10,教育業,324.0
115,1,115Q1.pdf,11,其他服務業,269.0
115,1,115Q1.pdf,12,運輸及倉儲業,249.0
115,1,115Q1.pdf,13,用水供應及污染整治業,220.0
115,1,115Q1.pdf,14,藝術、娛樂及休閒服務業,194.0
115,1,115Q1.pdf,15,不動產業,73.0
115,1,115Q1.pdf,16,公共行政及國防；強制性社會安全,57.0
115,1,115Q1.pdf,17,電力及燃氣供應業,51.0
115,1,115Q1.pdf,18,農、林、漁、牧業,17.0
115,1,115Q1.pdf,19,礦業及土石採取業,5.0
115,2,115Q2.pdf,1,製造業,13050.0
115,2,115Q2.pdf,2,醫療保健及社會工作服務業,5895.0
115,2,115Q2.pdf,3,住宿及餐飲業,3684.0
115,2,115Q2.pdf,4,批發及零售業,3534.0
115,2,115Q2.pdf,5,支援服務業,841.0
115,2,115Q2.pdf,6,營建工程業,573.0
115,2,115Q2.pdf,7,出版影音及資通訊業,552.0
115,2,115Q2.pdf,8,專業、科學及技術服務業,349.0
115,2,115Q2.pdf,9,金融及保險業,278.0
115,2,115Q2.pdf,10,教育業,235.0
115,2,115Q2.pdf,11,其他服務業,189.0
115,2,115Q2.pdf,12,運輸及倉儲業,186.0
115,2,115Q2.pdf,13,用水供應及污染整治業,94.0
115,2,115Q2.pdf,14,藝術、娛樂及休閒服務業,84.0
115,2,115Q2.pdf,15,不動產業,70.0
115,2,115Q2.pdf,16,公共行政及國防；強制性社會安全,24.0
115,2,115Q2.pdf,17,電力及燃氣供應業,19.0
115,2,115Q2.pdf,18,農、林、漁、牧業,16.0
115,2,115Q2.pdf,19,礦業及土石採取業,10.0
