roc_year,quarter,source_pdf,occupation,new_seekers,new_openings,active_seekers_placed,active_openings_filled,openings_per_seeker,parse_check
109,1,109Q1.pdf,民意代表、主管及經理人員,168.0,252.0,252.0,115.0,1.5,ratio
109,1,109Q1.pdf,專業人員,842.0,2684.0,606.0,1474.0,3.19,ratio
109,1,109Q1.pdf,技術員及助理專業人員,1174.0,3182.0,3182.0,885.0,2.71,ratio
109,1,109Q1.pdf,事務支援人員,1723.0,901.0,1179.0,627.0,0.52,ratio
109,1,109Q1.pdf,服務及銷售工作人員,1120.0,2022.0,857.0,1556.0,1.81,ratio
109,1,109Q1.pdf,農、林、漁、牧業生產人員,105.0,84.0,84.0,68.0,0.8,ratio
109,1,109Q1.pdf,技藝有關工作人員,495.0,1270.0,360.0,918.0,2.57,ratio
109,1,109Q1.pdf,機械設備操作及組裝人員,1559.0,2491.0,1150.0,2080.0,1.6,rate_ratio_recomputed
109,1,109Q1.pdf,基層技術工及勞力工,1892.0,1069.0,1395.0,901.0,0.57,rate_ratio_recomputed
109,2,109Q2.pdf,民意代表、主管及經理人員,189.0,158.0,141.0,134.0,0.84,ratio
109,2,109Q2.pdf,專業人員,1291.0,1634.0,778.0,1477.0,1.27,ratio
109,2,109Q2.pdf,技術員及助理專業人員,1614.0,3444.0,1063.0,2436.0,2.13,ratio
109,2,109Q2.pdf,事務支援人員,2645.0,2046.0,1765.0,1718.0,0.77,ratio
109,2,109Q2.pdf,服務及銷售工作人員,1876.0,1772.0,1157.0,1417.0,0.94,ratio
109,2,109Q2.pdf,農、林、漁、牧業生產人員,105.0,69.0,95.0,73.0,0.66,ratio
109,2,109Q2.pdf,技藝有關工作人員,627.0,1257.0,442.0,883.0,2.0,ratio
109,2,109Q2.pdf,機械設備操作及組裝人員,1853.0,3108.0,1318.0,2218.0,1.68,ratio
109,2,109Q2.pdf,基層技術工及勞力工,2532.0,1101.0,1730.0,871.0,0.43,ratio
109,3,109Q3.pdf,民意代表、主管及經理人員,172.0,228.0,115.0,158.0,1.33,ratio
109,3,109Q3.pdf,專業人員,1461.0,1823.0,1216.0,1634.0,1.25,ratio
109,3,109Q3.pdf,技術員及助理專業人員,1740.0,4224.0,1491.0,3705.0,2.43,ratio
109,3,109Q3.pdf,事務支援人員,2387.0,1641.0,1983.0,1546.0,0.69,ratio
109,3,109Q3.pdf,服務及銷售工作人員,1433.0,3117.0,1318.0,2253.0,2.18,ratio
109,3,109Q3.pdf,農、林、漁、牧業生產人員,85.0,93.0,79.0,53.0,1.09,ratio
109,3,109Q3.pdf,技藝有關工作人員,604.0,1732.0,512.0,1192.0,2.87,ratio
109,3,109Q3.pdf,機械設備操作及組裝人員,1691.0,4656.0,1434.0,3575.0,2.75,ratio
109,3,109Q3.pdf,基層技術工及勞力工,2493.0,1512.0,2275.0,1355.0,0.61,ratio
109,4,109Q4.pdf,民意代表、主管及經理人員,179.0,85.0,140.0,134.0,0.47,ratio
109,4,109Q4.pdf,專業人員,1081.0,961.0,931.0,1022.0,0.89,ratio
109,4,109Q4.pdf,技術員及助理專業人員,1420.0,3685.0,1241.0,3027.0,2.6,ratio
109,4,109Q4.pdf,事務支援人員,2086.0,959.0,1623.0,838.0,0.46,ratio
109,4,109Q4.pdf,服務及銷售工作人員,1424.0,2624.0,1191.0,2187.0,1.84,ratio
109,4,109Q4.pdf,農、林、漁、牧業生產人員,95.0,62.0,81.0,98.0,0.65,ratio
109,4,109Q4.pdf,技藝有關工作人員,533.0,1579.0,465.0,1389.0,2.96,ratio
109,4,109Q4.pdf,機械設備操作及組裝人員,1551.0,4392.0,1416.0,3821.0,2.83,ratio
109,4,109Q4.pdf,基層技術工及勞力工,1895.0,1151.0,1600.0,1031.0,0.61,ratio
110,1,110Q1.pdf,民意代表、主管及經理人員,196.0,194.0,194.0,167.0,0.99,ratio
110,1,110Q1.pdf,專業人員,1337.0,2322.0,1045.0,1300.0,1.74,ratio
110,1,110Q1.pdf,技術員及助理專業人員,1596.0,6593.0,6593.0,1259.0,4.13,ratio
110,1,110Q1.pdf,事務支援人員,2242.0,2037.0,1930.0,1565.0,0.91,ratio
110,1,110Q1.pdf,服務及銷售工作人員,1370.0,2723.0,1204.0,2160.0,1.99,ratio
110,1,110Q1.pdf,農、林、漁、牧業生產人員,84.0,160.0,160.0,63.0,1.9,ratio
110,1,110Q1.pdf,技藝有關工作人員,560.0,2032.0,449.0,1467.0,3.63,ratio
110,1,110Q1.pdf,機械設備操作及組裝人員,1562.0,5374.0,5374.0,1344.0,3.44,ratio
110,1,110Q1.pdf,基層技術工及勞力工,1916.0,1020.0,1624.0,868.0,0.53,ratio
110,2,110Q2.pdf,民意代表、主管及經理人員,278.0,142.0,165.0,143.0,0.51,ratio
110,2,110Q2.pdf,專業人員,1819.0,1148.0,1299.0,1709.0,0.63,ratio
110,2,110Q2.pdf,技術員及助理專業人員,2034.0,5249.0,1506.0,4798.0,2.58,ratio
110,2,110Q2.pdf,事務支援人員,3653.0,2652.0,1912.0,1296.0,0.73,ratio
110,2,110Q2.pdf,服務及銷售工作人員,1693.0,2224.0,1047.0,1514.0,1.31,ratio
110,2,110Q2.pdf,農、林、漁、牧業生產人員,79.0,56.0,56.0,53.0,0.71,ratio
110,2,110Q2.pdf,技藝有關工作人員,586.0,2160.0,449.0,1675.0,3.69,ratio
110,2,110Q2.pdf,機械設備操作及組裝人員,1656.0,5162.0,1306.0,3685.0,3.12,ratio
110,2,110Q2.pdf,基層技術工及勞力工,2150.0,1159.0,1425.0,915.0,0.54,ratio
110,3,110Q3.pdf,民意代表、主管及經理人員,206.0,197.0,180.0,136.0,0.96,ratio
110,3,110Q3.pdf,專業人員,1559.0,1681.0,1116.0,981.0,1.08,ratio
110,3,110Q3.pdf,技術員及助理專業人員,1767.0,4717.0,1434.0,3557.0,2.67,ratio
110,3,110Q3.pdf,事務支援人員,3425.0,2238.0,2893.0,2531.0,0.65,ratio
110,3,110Q3.pdf,服務及銷售工作人員,1483.0,1910.0,1286.0,1274.0,1.29,ratio
110,3,110Q3.pdf,農、林、漁、牧業生產人員,84.0,75.0,75.0,82.0,0.89,ratio
110,3,110Q3.pdf,技藝有關工作人員,497.0,2473.0,424.0,1623.0,4.98,ratio
110,3,110Q3.pdf,機械設備操作及組裝人員,1540.0,6144.0,1235.0,4252.0,3.99,ratio
110,3,110Q3.pdf,基層技術工及勞力工,2254.0,921.0,2070.0,795.0,0.41,ratio
110,4,110Q4.pdf,民意代表、主管及經理人員,191.0,105.0,138.0,98.0,0.55,ratio
110,4,110Q4.pdf,專業人員,1335.0,975.0,957.0,1101.0,0.73,ratio
110,4,110Q4.pdf,技術員及助理專業人員,1588.0,4568.0,1214.0,4103.0,2.88,ratio
110,4,110Q4.pdf,事務支援人員,2488.0,1216.0,1963.0,1322.0,0.49,ratio
110,4,110Q4.pdf,服務及銷售工作人員,1400.0,2472.0,1080.0,1741.0,1.77,ratio
110,4,110Q4.pdf,農、林、漁、牧業生產人員,88.0,53.0,73.0,56.0,0.6,ratio
110,4,110Q4.pdf,技藝有關工作人員,525.0,2428.0,370.0,2325.0,4.62,ratio
110,4,110Q4.pdf,機械設備操作及組裝人員,1451.0,5217.0,1165.0,5038.0,3.6,ratio
110,4,110Q4.pdf,基層技術工及勞力工,1635.0,1057.0,1207.0,745.0,0.65,ratio
111,1,111Q1.pdf,民意代表、主管及經理人員,350.0,433.0,189.0,232.0,1.24,ratio
111,1,111Q1.pdf,專業人員,4047.0,4805.0,2181.0,2754.0,1.19,ratio
111,1,111Q1.pdf,技術員及助理專業人員,6519.0,10514.0,1981.0,5107.0,1.61,ratio
111,1,111Q1.pdf,事務支援人員,2251.0,3285.0,838.0,1708.0,1.46,ratio
111,1,111Q1.pdf,服務及銷售工作人員,2963.0,5297.0,584.0,2098.0,1.79,ratio
111,1,111Q1.pdf,農、林、漁、牧業生產人員,99.0,169.0,7.0,72.0,1.71,ratio
111,1,111Q1.pdf,技藝有關工作人員,2010.0,3549.0,407.0,1669.0,1.77,ratio
111,1,111Q1.pdf,機械設備操作及組裝人員,4753.0,8097.0,974.0,3581.0,1.7,ratio
111,1,111Q1.pdf,基層技術工及勞力工,1059.0,1786.0,224.0,857.0,1.69,ratio
111,2,111Q2.pdf,民意代表、主管及經理人員,222.0,237.0,167.0,212.0,1.07,ratio
111,2,111Q2.pdf,專業人員,1662.0,1720.0,1274.0,1486.0,1.03,ratio
111,2,111Q2.pdf,技術員及助理專業人員,1816.0,5878.0,1506.0,4591.0,3.24,ratio
111,2,111Q2.pdf,事務支援人員,3183.0,2188.0,2268.0,1942.0,0.69,ratio
111,2,111Q2.pdf,服務及銷售工作人員,1500.0,3172.0,1134.0,2365.0,2.11,ratio
111,2,111Q2.pdf,農、林、漁、牧業生產人員,78.0,60.0,74.0,56.0,0.77,ratio
111,2,111Q2.pdf,技藝有關工作人員,577.0,2377.0,488.0,1983.0,4.12,ratio
111,2,111Q2.pdf,機械設備操作及組裝人員,1638.0,3919.0,1250.0,3684.0,2.39,ratio
111,2,111Q2.pdf,基層技術工及勞力工,2269.0,1432.0,1607.0,1082.0,0.63,ratio
111,3,111Q3.pdf,民意代表、主管及經理人員,240.0,314.0,168.0,223.0,1.31,ratio
111,3,111Q3.pdf,專業人員,1355.0,1054.0,1169.0,1174.0,0.78,ratio
111,3,111Q3.pdf,技術員及助理專業人員,1848.0,3957.0,1485.0,3743.0,2.14,ratio
111,3,111Q3.pdf,事務支援人員,3229.0,1895.0,2647.0,1407.0,0.59,ratio
111,3,111Q3.pdf,服務及銷售工作人員,1536.0,3704.0,1175.0,2784.0,2.41,ratio
111,3,111Q3.pdf,農、林、漁、牧業生產人員,74.0,54.0,58.0,53.0,0.73,ratio
111,3,111Q3.pdf,技藝有關工作人員,611.0,2096.0,448.0,1887.0,3.43,ratio
111,3,111Q3.pdf,機械設備操作及組裝人員,1815.0,3378.0,1379.0,2971.0,1.86,ratio
111,3,111Q3.pdf,基層技術工及勞力工,2349.0,1875.0,2010.0,1571.0,0.8,ratio
111,4,111Q4.pdf,民意代表、主管及經理人員,219.0,255.0,156.0,234.0,1.16,ratio
111,4,111Q4.pdf,專業人員,1535.0,1331.0,1162.0,1039.0,0.87,ratio
111,4,111Q4.pdf,技術員及助理專業人員,1736.0,3333.0,1413.0,3255.0,1.92,ratio
111,4,111Q4.pdf,事務支援人員,2583.0,1609.0,2197.0,1593.0,0.62,ratio
111,4,111Q4.pdf,服務及銷售工作人員,1569.0,5156.0,1328.0,3867.0,3.29,ratio
111,4,111Q4.pdf,農、林、漁、牧業生產人員,51.0,73.0,47.0,78.0,1.43,ratio
111,4,111Q4.pdf,技藝有關工作人員,535.0,1702.0,452.0,1636.0,3.18,ratio
111,4,111Q4.pdf,機械設備操作及組裝人員,1513.0,2909.0,1284.0,2542.0,1.92,ratio
111,4,111Q4.pdf,基層技術工及勞力工,1803.0,2581.0,1526.0,2030.0,1.43,ratio
112,1,112Q1.pdf,民意代表、主管及經理人員,458.0,174.0,337.0,90.0,0.38,ratio
112,1,112Q1.pdf,專業人員,2539.0,1459.0,2039.0,1060.0,0.57,ratio
112,1,112Q1.pdf,技術員及助理專業人員,2322.0,3574.0,1924.0,2496.0,1.54,ratio
112,1,112Q1.pdf,事務支援人員,4075.0,1266.0,3018.0,938.0,0.31,ratio
112,1,112Q1.pdf,服務及銷售工作人員,2446.0,7969.0,2005.0,6158.0,3.26,ratio
112,1,112Q1.pdf,農、林、漁、牧業生產人員,81.0,112.0,59.0,61.0,1.38,ratio
112,1,112Q1.pdf,技藝有關工作人員,801.0,1834.0,586.0,1484.0,2.29,ratio
112,1,112Q1.pdf,機械設備操作及組裝人員,2099.0,2864.0,1628.0,2328.0,1.36,ratio
112,1,112Q1.pdf,基層技術工及勞力工,2316.0,1906.0,1848.0,1481.0,0.82,ratio
112,2,112Q2.pdf,民意代表、主管及經理人員,455.0,291.0,360.0,272.0,0.64,ratio
112,2,112Q2.pdf,專業人員,2747.0,4955.0,2255.0,3909.0,1.8,ratio
112,2,112Q2.pdf,技術員及助理專業人員,2279.0,5132.0,1888.0,3897.0,2.25,ratio
112,2,112Q2.pdf,事務支援人員,4149.0,2307.0,3389.0,1708.0,0.56,ratio
112,2,112Q2.pdf,服務及銷售工作人員,2723.0,8404.0,2120.0,7027.0,3.09,ratio
112,2,112Q2.pdf,農、林、漁、牧業生產人員,84.0,70.0,61.0,90.0,0.83,ratio
112,2,112Q2.pdf,技藝有關工作人員,846.0,2129.0,676.0,1670.0,2.52,ratio
112,2,112Q2.pdf,機械設備操作及組裝人員,2237.0,3347.0,1690.0,2466.0,1.5,ratio
112,2,112Q2.pdf,基層技術工及勞力工,2594.0,2923.0,1908.0,1936.0,1.13,ratio
112,3,112Q3.pdf,民意代表、主管及經理人員,452.0,497.0,280.0,278.0,1.1,ratio
112,3,112Q3.pdf,專業人員,2713.0,2301.0,2065.0,1770.0,0.85,ratio
112,3,112Q3.pdf,技術員及助理專業人員,2434.0,4927.0,1837.0,3789.0,2.02,ratio
112,3,112Q3.pdf,事務支援人員,3829.0,1786.0,2968.0,1458.0,0.47,ratio
112,3,112Q3.pdf,服務及銷售工作人員,2898.0,9842.0,2273.0,6744.0,3.4,ratio
112,3,112Q3.pdf,農、林、漁、牧業生產人員,92.0,110.0,72.0,61.0,1.2,ratio
112,3,112Q3.pdf,技藝有關工作人員,838.0,2012.0,661.0,1633.0,2.4,ratio
112,3,112Q3.pdf,機械設備操作及組裝人員,2171.0,3142.0,1667.0,2494.0,1.45,ratio
112,3,112Q3.pdf,基層技術工及勞力工,2527.0,3302.0,2053.0,2512.0,1.31,ratio
112,4,112Q4.pdf,民意代表、主管及經理人員,483.0,274.0,332.0,255.0,0.57,ratio
112,4,112Q4.pdf,專業人員,2721.0,1871.0,2162.0,1831.0,0.69,ratio
112,4,112Q4.pdf,技術員及助理專業人員,2366.0,3457.0,1849.0,2865.0,1.46,ratio
112,4,112Q4.pdf,事務支援人員,3624.0,1339.0,2866.0,1244.0,0.37,ratio
112,4,112Q4.pdf,服務及銷售工作人員,2737.0,8247.0,2264.0,6365.0,3.01,ratio
112,4,112Q4.pdf,農、林、漁、牧業生產人員,87.0,74.0,69.0,44.0,0.85,ratio
112,4,112Q4.pdf,技藝有關工作人員,820.0,1758.0,605.0,1495.0,2.14,ratio
112,4,112Q4.pdf,機械設備操作及組裝人員,2163.0,2724.0,1566.0,2332.0,1.26,ratio
112,4,112Q4.pdf,基層技術工及勞力工,2344.0,2341.0,1899.0,2004.0,1.0,ratio
113,1,113Q1.pdf,民意代表、主管及經理人員,374.0,319.0,316.0,203.0,0.85,ratio
113,1,113Q1.pdf,專業人員,2858.0,5390.0,2206.0,3768.0,1.89,ratio
113,1,113Q1.pdf,技術員及助理專業人員,2355.0,4289.0,1864.0,3202.0,1.82,ratio
113,1,113Q1.pdf,事務支援人員,3582.0,1710.0,2734.0,1222.0,0.48,ratio
113,1,113Q1.pdf,服務及銷售工作人員,2650.0,9076.0,2099.0,7289.0,3.42,ratio
113,1,113Q1.pdf,農、林、漁、牧業生產人員,79.0,95.0,70.0,73.0,1.2,ratio
113,1,113Q1.pdf,技藝有關工作人員,840.0,1730.0,664.0,1524.0,2.06,ratio
113,1,113Q1.pdf,機械設備操作及組裝人員,2098.0,2651.0,1732.0,2103.0,1.26,ratio
113,1,113Q1.pdf,基層技術工及勞力工,2395.0,2601.0,1864.0,2060.0,1.09,ratio
113,2,113Q2.pdf,民意代表、主管及經理人員,329.0,390.0,269.0,225.0,1.19,ratio
113,2,113Q2.pdf,專業人員,3263.0,2438.0,2675.0,2806.0,0.75,ratio
113,2,113Q2.pdf,技術員及助理專業人員,2474.0,3786.0,2092.0,3271.0,1.53,ratio
113,2,113Q2.pdf,事務支援人員,3703.0,2139.0,2896.0,1658.0,0.58,ratio
113,2,113Q2.pdf,服務及銷售工作人員,2899.0,10508.0,2180.0,8127.0,3.62,ratio
113,2,113Q2.pdf,農、林、漁、牧業生產人員,100.0,87.0,71.0,76.0,0.87,ratio
113,2,113Q2.pdf,技藝有關工作人員,771.0,2439.0,673.0,1600.0,3.16,ratio
113,2,113Q2.pdf,機械設備操作及組裝人員,2001.0,3910.0,1711.0,2922.0,1.95,ratio
113,2,113Q2.pdf,基層技術工及勞力工,2439.0,4053.0,2022.0,2525.0,1.66,ratio
113,3,113Q3.pdf,民意代表、主管及經理人員,352.0,541.0,286.0,313.0,1.54,ratio
113,3,113Q3.pdf,專業人員,3191.0,2976.0,2625.0,2074.0,0.93,ratio
113,3,113Q3.pdf,技術員及助理專業人員,2620.0,4303.0,2101.0,3105.0,1.64,ratio
113,3,113Q3.pdf,事務支援人員,4401.0,1756.0,3559.0,1403.0,0.4,ratio
113,3,113Q3.pdf,服務及銷售工作人員,3352.0,9700.0,2623.0,7138.0,2.89,ratio
113,3,113Q3.pdf,農、林、漁、牧業生產人員,90.0,114.0,79.0,115.0,1.27,ratio
113,3,113Q3.pdf,技藝有關工作人員,886.0,2051.0,648.0,1609.0,2.31,ratio
113,3,113Q3.pdf,機械設備操作及組裝人員,2289.0,3737.0,1749.0,2763.0,1.63,ratio
113,3,113Q3.pdf,基層技術工及勞力工,2833.0,3165.0,2294.0,2329.0,1.12,ratio
113,4,113Q4.pdf,民意代表、主管及經理人員,404.0,196.0,295.0,241.0,0.49,ratio
113,4,113Q4.pdf,專業人員,2833.0,1371.0,2441.0,1454.0,0.48,ratio
113,4,113Q4.pdf,技術員及助理專業人員,2446.0,2641.0,2096.0,2510.0,1.08,ratio
113,4,113Q4.pdf,事務支援人員,3539.0,1259.0,3048.0,998.0,0.36,ratio
113,4,113Q4.pdf,服務及銷售工作人員,3229.0,7125.0,2543.0,6190.0,2.21,ratio
113,4,113Q4.pdf,農、林、漁、牧業生產人員,109.0,51.0,74.0,45.0,0.47,ratio
113,4,113Q4.pdf,技藝有關工作人員,812.0,1601.0,714.0,1253.0,1.97,ratio
113,4,113Q4.pdf,機械設備操作及組裝人員,2301.0,2632.0,1975.0,2096.0,1.14,ratio
113,4,113Q4.pdf,基層技術工及勞力工,2306.0,2665.0,1955.0,2369.0,1.16,ratio
114,1,114Q1.pdf,民意代表、主管及經理人員,382.0,628.0,295.0,317.0,1.64,ratio
114,1,114Q1.pdf,專業人員,3278.0,4890.0,2533.0,3153.0,1.49,ratio
114,1,114Q1.pdf,技術員及助理專業人員,2526.0,5412.0,2044.0,3661.0,2.14,ratio
114,1,114Q1.pdf,事務支援人員,3768.0,1516.0,2956.0,1241.0,0.4,ratio
114,1,114Q1.pdf,服務及銷售工作人員,2878.0,9201.0,2438.0,7342.0,3.2,ratio
114,1,114Q1.pdf,農、林、漁、牧業生產人員,96.0,140.0,80.0,80.0,1.46,ratio
114,1,114Q1.pdf,技藝有關工作人員,819.0,1733.0,661.0,1516.0,2.12,ratio
114,1,114Q1.pdf,機械設備操作及組裝人員,1985.0,3186.0,1742.0,2646.0,1.61,ratio
114,1,114Q1.pdf,基層技術工及勞力工,2333.0,3381.0,1889.0,2809.0,1.45,ratio
114,2,114Q2.pdf,民意代表、主管及經理人員,376.0,365.0,299.0,460.0,0.97,ratio
114,2,114Q2.pdf,專業人員,3452.0,3750.0,2929.0,3388.0,1.09,ratio
114,2,114Q2.pdf,技術員及助理專業人員,2779.0,5427.0,2315.0,4254.0,1.95,ratio
114,2,114Q2.pdf,事務支援人員,4520.0,2107.0,3472.0,1737.0,0.47,ratio
114,2,114Q2.pdf,服務及銷售工作人員,3381.0,9803.0,2522.0,7523.0,2.9,ratio
114,2,114Q2.pdf,農、林、漁、牧業生產人員,101.0,91.0,73.0,109.0,0.9,ratio
114,2,114Q2.pdf,技藝有關工作人員,915.0,2361.0,724.0,1469.0,2.58,ratio
114,2,114Q2.pdf,機械設備操作及組裝人員,2225.0,3590.0,1773.0,2416.0,1.61,ratio
114,2,114Q2.pdf,基層技術工及勞力工,3141.0,2942.0,2354.0,2071.0,0.94,ratio
114,3,114Q3.pdf,民意代表、主管及經理人員,356.0,223.0,273.0,203.0,0.63,ratio
114,3,114Q3.pdf,專業人員,3300.0,2905.0,2613.0,2237.0,0.88,ratio
114,3,114Q3.pdf,技術員及助理專業人員,2682.0,4329.0,2030.0,3343.0,1.61,ratio
114,3,114Q3.pdf,事務支援人員,4232.0,1466.0,3374.0,1213.0,0.35,ratio
114,3,114Q3.pdf,服務及銷售工作人員,3281.0,10588.0,2730.0,7853.0,3.23,ratio
114,3,114Q3.pdf,農、林、漁、牧業生產人員,78.0,161.0,63.0,64.0,2.06,ratio
114,3,114Q3.pdf,技藝有關工作人員,922.0,2439.0,705.0,1984.0,2.65,ratio
114,3,114Q3.pdf,機械設備操作及組裝人員,2197.0,3855.0,1709.0,3023.0,1.75,ratio
114,3,114Q3.pdf,基層技術工及勞力工,2676.0,2688.0,2428.0,2214.0,1.0,ratio
114,4,114Q4.pdf,民意代表、主管及經理人員,336.0,270.0,248.0,132.0,0.8,ratio
114,4,114Q4.pdf,專業人員,3129.0,2171.0,2379.0,1901.0,0.69,ratio
114,4,114Q4.pdf,技術員及助理專業人員,2757.0,3354.0,2133.0,2742.0,1.22,ratio
114,4,114Q4.pdf,事務支援人員,4017.0,1079.0,3009.0,837.0,0.27,ratio
114,4,114Q4.pdf,服務及銷售工作人員,3128.0,6902.0,2545.0,5830.0,2.21,ratio
114,4,114Q4.pdf,農、林、漁、牧業生產人員,82.0,76.0,71.0,135.0,0.93,ratio
114,4,114Q4.pdf,技藝有關工作人員,843.0,1640.0,684.0,1413.0,1.95,ratio
114,4,114Q4.pdf,機械設備操作及組裝人員,2014.0,2491.0,1560.0,2249.0,1.24,ratio
114,4,114Q4.pdf,基層技術工及勞力工,2237.0,2062.0,1720.0,1380.0,0.92,ratio
115,1,115Q1.pdf,民意代表、主管及經理人員,407.0,302.0,245.0,246.0,0.74,ratio
115,1,115Q1.pdf,專業人員,3378.0,5223.0,2574.0,2650.0,1.55,ratio
115,1,115Q1.pdf,技術員及助理專業人員,2776.0,4660.0,2191.0,3049.0,1.68,ratio
115,1,115Q1.pdf,事務支援人員,3868.0,1519.0,3041.0,1141.0,0.39,ratio
115,1,115Q1.pdf,服務及銷售工作人員,3019.0,10151.0,2466.0,7422.0,3.36,ratio
115,1,115Q1.pdf,農、林、漁、牧業生產人員,104.0,79.0,73.0,56.0,0.76,ratio
115,1,115Q1.pdf,技藝有關工作人員,850.0,1756.0,656.0,1316.0,2.07,ratio
115,1,115Q1.pdf,機械設備操作及組裝人員,2157.0,2670.0,1583.0,2113.0,1.24,ratio
115,1,115Q1.pdf,基層技術工及勞力工,2435.0,2335.0,1778.0,1851.0,0.96,ratio
115,2,115Q2.pdf,民意代表、主管及經理人員,356.0,354.0,278.0,222.0,0.99,ratio
115,2,115Q2.pdf,專業人員,3483.0,3336.0,2932.0,3417.0,0.96,ratio
115,2,115Q2.pdf,技術員及助理專業人員,2592.0,4933.0,2280.0,3632.0,1.9,ratio
115,2,115Q2.pdf,事務支援人員,4483.0,2204.0,3434.0,1615.0,0.49,ratio
115,2,115Q2.pdf,服務及銷售工作人員,3287.0,10424.0,2588.0,7440.0,3.17,ratio
115,2,115Q2.pdf,農、林、漁、牧業生產人員,79.0,92.0,68.0,60.0,1.16,ratio
115,2,115Q2.pdf,技藝有關工作人員,831.0,2294.0,711.0,1620.0,2.76,ratio
115,2,115Q2.pdf,機械設備操作及組裝人員,1965.0,3280.0,1817.0,2442.0,1.67,ratio
115,2,115Q2.pdf,基層技術工及勞力工,3058.0,2766.0,2254.0,1587.0,0.9,ratio
