roc_year,quarter,source_pdf,seeker_rank,opening_rank,job,seekers,openings,openings_per_seeker
109,1,109Q1.pdf,1,68,製造勞力工,1177.0,27.0,0.02
109,1,109Q1.pdf,2,28,事務秘書,891.0,150.0,0.17
109,1,109Q1.pdf,3,16,包裝及有關機械操作人員,690.0,254.0,0.37
109,1,109Q1.pdf,4,1,其他製程控制技術員,388.0,1113.0,2.87
109,1,109Q1.pdf,5,6,其他餐飲服務人員,287.0,544.0,1.9
109,1,109Q1.pdf,6,11,商店銷售有關人員,286.0,346.0,1.21
109,1,109Q1.pdf,7,23,一般辦公室事務人員,257.0,171.0,0.67
109,1,109Q1.pdf,8,5,電力及電子設備組裝人員,253.0,569.0,2.25
109,1,109Q1.pdf,9,13,未分類其他基層技術工及,239.0,269.0,1.13
109,1,109Q1.pdf,10,4,照顧服務員,223.0,710.0,3.18
109,1,109Q1.pdf,11,30,接待員及服務台事務人員,185.0,119.0,0.64
109,1,109Q1.pdf,12,8,商業銷售代表,177.0,457.0,2.58
109,1,109Q1.pdf,13,18,辦公室、旅館及類似場所清,177.0,236.0,1.33
109,1,109Q1.pdf,14,21,保全及警衛人員,168.0,189.0,1.13
109,1,109Q1.pdf,15,3,未分類其他生產機械設備,144.0,741.0,5.15
109,1,109Q1.pdf,16,14,機械組裝人員,144.0,258.0,1.79
109,1,109Q1.pdf,17,39,小客車及小貨車駕駛人員,132.0,92.0,0.7
109,1,109Q1.pdf,18,19,非食品飲料產品分級及檢,113.0,232.0,2.05
109,1,109Q1.pdf,19,41,環境清掃工,111.0,80.0,0.72
109,1,109Q1.pdf,20,57,會計及簿記事務人員,110.0,45.0,0.41
109,2,109Q2.pdf,1,2,事務秘書,1515.0,1034.0,0.68
109,2,109Q2.pdf,2,52,製造勞力工,1249.0,53.0,0.04
109,2,109Q2.pdf,3,15,包裝及有關機械操作人員,847.0,306.0,0.36
109,2,109Q2.pdf,4,12,其他餐飲服務人員,648.0,322.0,0.5
109,2,109Q2.pdf,6,11,商店銷售有關人員,508.0,366.0,0.72
109,2,109Q2.pdf,7,1,其他製程控制技術員,458.0,1338.0,2.92
109,2,109Q2.pdf,8,23,一般辦公室事務人員,317.0,162.0,0.51
109,2,109Q2.pdf,9,8,商業銷售代表,269.0,455.0,1.69
109,2,109Q2.pdf,10,24,接待員及服務台事務人員,258.0,159.0,0.62
109,2,109Q2.pdf,12,3,電力及電子設備組裝人員,254.0,987.0,3.89
109,2,109Q2.pdf,13,16,機械組裝人員,213.0,293.0,1.38
109,2,109Q2.pdf,14,19,保全及警衛人員,212.0,228.0,1.08
109,2,109Q2.pdf,15,9,環境清掃工,207.0,444.0,2.14
109,2,109Q2.pdf,16,5,照顧服務員,188.0,690.0,3.67
109,2,109Q2.pdf,17,46,廣告及行銷專業人員,168.0,69.0,0.41
109,2,109Q2.pdf,19,59,會計及簿記事務人員,157.0,35.0,0.22
109,2,109Q2.pdf,20,87,小客車及小貨車駕駛人員,142.0,70.0,0.49
109,3,109Q3.pdf,1,12,事務秘書,1353.0,495.0,0.37
109,3,109Q3.pdf,2,44,製造勞力工,1112.0,88.0,0.08
109,3,109Q3.pdf,4,8,包裝及有關機械操作人員,716.0,742.0,1.04
109,3,109Q3.pdf,5,1,其他製程控制技術員,548.0,1908.0,3.48
109,3,109Q3.pdf,6,5,商店銷售有關人員,474.0,801.0,1.69
109,3,109Q3.pdf,7,6,其他餐飲服務人員,389.0,761.0,1.96
109,3,109Q3.pdf,8,2,電力及電子設備組裝人員,355.0,1098.0,3.09
109,3,109Q3.pdf,9,32,一般辦公室事務人員,318.0,149.0,0.47
109,3,109Q3.pdf,10,20,商業銷售代表,258.0,269.0,1.04
109,3,109Q3.pdf,11,7,照顧服務員,204.0,761.0,3.73
109,3,109Q3.pdf,12,26,接待員及服務台事務人員,192.0,214.0,1.11
109,3,109Q3.pdf,13,34,電子工程師,191.0,122.0,0.64
109,3,109Q3.pdf,14,9,機械組裝人員,172.0,677.0,3.94
109,3,109Q3.pdf,15,17,保全及警衛人員,158.0,315.0,1.99
109,3,109Q3.pdf,18,58,廣告及行銷專業人員,142.0,48.0,0.34
109,3,109Q3.pdf,19,59,會計及簿記事務人員,142.0,48.0,0.34
109,4,109Q4.pdf,1,32,事務秘書,1115.0,121.0,0.11
109,4,109Q4.pdf,2,38,製造勞力工,1083.0,94.0,0.09
109,4,109Q4.pdf,3,7,包裝及有關機械操作人員,686.0,627.0,0.91
109,4,109Q4.pdf,4,1,其他製程控制技術員,421.0,1758.0,4.18
109,4,109Q4.pdf,5,6,其他餐飲服務人員,359.0,640.0,1.78
109,4,109Q4.pdf,6,4,照顧服務員,357.0,887.0,2.48
109,4,109Q4.pdf,7,8,商店銷售有關人員,332.0,490.0,1.48
109,4,109Q4.pdf,8,3,電力及電子設備組裝人員,326.0,973.0,2.98
109,4,109Q4.pdf,10,26,一般辦公室事務人員,295.0,133.0,0.45
109,4,109Q4.pdf,11,12,商業銷售代表,241.0,294.0,1.22
109,4,109Q4.pdf,12,30,接待員及服務台事務人員,180.0,128.0,0.71
109,4,109Q4.pdf,13,17,保全及警衛人員,174.0,265.0,1.52
109,4,109Q4.pdf,14,5,機械組裝人員,168.0,687.0,4.09
109,4,109Q4.pdf,15,23,辦公室、旅館及類似場所清,153.0,161.0,1.05
109,4,109Q4.pdf,16,14,環境清掃工,137.0,282.0,2.06
109,4,109Q4.pdf,17,52,會計及簿記事務人員,135.0,47.0,0.35
109,4,109Q4.pdf,19,41,小客車及小貨車駕駛人員,121.0,88.0,0.73
109,4,109Q4.pdf,20,20,存貨事務人員,120.0,201.0,1.68
110,1,110Q1.pdf,1,7,事務秘書,1236.0,807.0,0.65
110,1,110Q1.pdf,2,44,製造勞力工,1061.0,93.0,0.09
110,1,110Q1.pdf,3,5,包裝及有關機械操作人員,626.0,943.0,1.51
110,1,110Q1.pdf,4,1,其他製程控制技術員,475.0,3877.0,8.16
110,1,110Q1.pdf,5,11,其他餐飲服務人員,394.0,561.0,1.42
110,1,110Q1.pdf,7,3,電力及電子設備組裝人員,367.0,1035.0,2.82
110,1,110Q1.pdf,8,8,照顧服務員,331.0,799.0,2.41
110,1,110Q1.pdf,9,10,商店銷售有關人員,325.0,630.0,1.94
110,1,110Q1.pdf,10,30,一般辦公室事務人員,319.0,163.0,0.51
110,1,110Q1.pdf,11,2,機械組裝人員,207.0,1380.0,6.67
110,1,110Q1.pdf,12,18,商業銷售代表,195.0,297.0,1.52
110,1,110Q1.pdf,13,36,接待員及服務台事務人員,195.0,124.0,0.64
110,1,110Q1.pdf,14,54,會計及簿記事務人員,158.0,49.0,0.31
110,1,110Q1.pdf,15,19,電子工程師,149.0,250.0,1.68
110,1,110Q1.pdf,17,52,環境清掃工,134.0,196.0,1.46
110,1,110Q1.pdf,18,18,廣告及行銷專業人員,129.0,96.0,0.74
110,1,110Q1.pdf,20,20,其他電子設備裝修人員,118.0,429.0,3.64
110,2,110Q2.pdf,1,2,事務秘書,2381.0,1317.0,0.55
110,2,110Q2.pdf,2,40,製造勞力工,966.0,95.0,0.1
110,2,110Q2.pdf,3,6,包裝及有關機械操作人員,759.0,757.0,1.0
110,2,110Q2.pdf,5,1,其他製程控制技術員,583.0,3374.0,5.79
110,2,110Q2.pdf,6,15,其他餐飲服務人員,559.0,362.0,0.65
110,2,110Q2.pdf,7,11,商店銷售有關人員,394.0,461.0,1.17
110,2,110Q2.pdf,8,25,一般辦公室事務人員,359.0,214.0,0.6
110,2,110Q2.pdf,9,7,照顧服務員,319.0,693.0,2.17
110,2,110Q2.pdf,10,4,電力及電子設備組裝人員,288.0,1008.0,3.5
110,2,110Q2.pdf,11,23,商業銷售代表,287.0,219.0,0.76
110,2,110Q2.pdf,12,28,接待員及服務台事務人員,238.0,191.0,0.8
110,2,110Q2.pdf,13,52,會計及簿記事務人員,202.0,54.0,0.27
110,2,110Q2.pdf,14,47,電子工程師,195.0,71.0,0.36
110,2,110Q2.pdf,15,34,廣告及行銷專業人員,189.0,119.0,0.63
110,2,110Q2.pdf,17,3,機械組裝人員,150.0,1293.0,8.62
110,2,110Q2.pdf,18,38,小客車及小貨車駕駛人員,150.0,104.0,0.69
110,2,110Q2.pdf,19,20,保全及警衛人員,140.0,261.0,1.86
110,2,110Q2.pdf,20,21,環境清掃工,138.0,249.0,1.8
110,3,110Q3.pdf,1,5,事務秘書,2184.0,1015.0,0.46
110,3,110Q3.pdf,2,34,未分類其他基層技術工及勞力工,872.0,142.0,0.16
110,3,110Q3.pdf,3,51,製造勞力工,803.0,58.0,0.07
110,3,110Q3.pdf,4,10,包裝及有關機械操作人員,725.0,762.0,1.05
110,3,110Q3.pdf,5,1,其他製程控制技術員,527.0,2381.0,4.52
110,3,110Q3.pdf,6,11,其他餐飲服務人員,422.0,523.0,1.24
110,3,110Q3.pdf,7,17,商店銷售有關人員,375.0,271.0,0.72
110,3,110Q3.pdf,8,23,一般辦公室事務人員,357.0,202.0,0.57
110,3,110Q3.pdf,9,36,接待員及服務台事務人員,268.0,128.0,0.48
110,3,110Q3.pdf,10,7,照顧服務員,257.0,781.0,3.04
110,3,110Q3.pdf,11,2,電力及電子設備組裝人員,255.0,1588.0,6.23
110,3,110Q3.pdf,13,21,商業銷售代表,206.0,226.0,1.1
110,3,110Q3.pdf,14,52,會計及簿記事務人員,183.0,56.0,0.31
110,3,110Q3.pdf,15,29,保全及警衛人員,168.0,162.0,0.96
110,3,110Q3.pdf,16,3,機械組裝人員,151.0,1402.0,9.28
110,3,110Q3.pdf,17,38,小客車及小貨車駕駛人員,149.0,111.0,0.74
110,3,110Q3.pdf,18,9,非食品飲料產品分級及檢查人員,147.0,770.0,5.24
110,3,110Q3.pdf,19,22,環境清掃工,146.0,225.0,1.54
110,3,110Q3.pdf,20,24,電子工程師,131.0,199.0,1.52
110,4,110Q4.pdf,1,27,事務秘書,1491.0,153.0,0.1
110,4,110Q4.pdf,2,38,製造勞力工,732.0,101.0,0.14
110,4,110Q4.pdf,3,7,包裝及有關機械操作人員,657.0,702.0,1.07
110,4,110Q4.pdf,4,1,其他製程控制技術員,496.0,2760.0,5.56
110,4,110Q4.pdf,5,15,未分類其他基層技術工及勞力工,421.0,327.0,0.78
110,4,110Q4.pdf,6,4,照顧服務員,355.0,947.0,2.67
110,4,110Q4.pdf,7,30,一般辦公室事務人員,332.0,136.0,0.41
110,4,110Q4.pdf,8,10,其他餐飲服務人員,328.0,466.0,1.42
110,4,110Q4.pdf,9,9,商店銷售有關人員,327.0,509.0,1.56
110,4,110Q4.pdf,10,2,電力及電子設備組裝人員,265.0,1618.0,6.11
110,4,110Q4.pdf,11,23,商業銷售代表,198.0,206.0,1.04
110,4,110Q4.pdf,12,24,接待員及服務台事務人員,180.0,181.0,1.01
110,4,110Q4.pdf,13,5,機械組裝人員,170.0,913.0,5.37
110,4,110Q4.pdf,15,59,會計及簿記事務人員,156.0,33.0,0.21
110,4,110Q4.pdf,16,26,環境清掃工,153.0,160.0,1.05
110,4,110Q4.pdf,17,52,電子工程師,143.0,40.0,0.28
110,4,110Q4.pdf,18,19,保全及警衛人員,140.0,228.0,1.63
110,4,110Q4.pdf,19,6,非食品飲料產品分級及檢查人員,126.0,734.0,5.83
111,1,111Q1.pdf,1,27,事務秘書,1370.0,503.0,0.37
111,1,111Q1.pdf,2,38,製造勞力工,859.0,97.0,0.11
111,1,111Q1.pdf,3,7,包裝及有關機械操作人員,683.0,763.0,1.12
111,1,111Q1.pdf,4,1,其他製程控制技術員,569.0,3639.0,6.4
111,1,111Q1.pdf,6,4,其他餐飲服務人員,318.0,924.0,2.91
111,1,111Q1.pdf,7,30,照顧服務員,310.0,861.0,2.78
111,1,111Q1.pdf,8,10,商店銷售有關人員,306.0,595.0,1.94
111,1,111Q1.pdf,9,9,一般辦公室事務人員,299.0,160.0,0.54
111,1,111Q1.pdf,10,2,電力及電子設備組裝人員,274.0,1135.0,4.14
111,1,111Q1.pdf,11,23,商業銷售代表,212.0,337.0,1.59
111,1,111Q1.pdf,12,24,機械組裝人員,189.0,658.0,3.48
111,1,111Q1.pdf,13,5,接待員及服務台事務人員,183.0,377.0,2.06
111,1,111Q1.pdf,14,29,會計及簿記事務人員,166.0,74.0,0.45
111,1,111Q1.pdf,15,59,辦公室、旅館及類似場所清潔,164.0,222.0,1.35
111,1,111Q1.pdf,16,26,電子工程師,162.0,1180.0,7.28
111,1,111Q1.pdf,17,52,環境清掃工,158.0,125.0,0.79
111,1,111Q1.pdf,19,6,小客車及小貨車駕駛人員,127.0,109.0,0.86
111,2,111Q2.pdf,1,10,事務秘書,1980.0,629.0,0.32
111,2,111Q2.pdf,3,45,製造勞力工,841.0,75.0,0.09
111,2,111Q2.pdf,4,8,包裝及有關機械操作人員,753.0,654.0,0.87
111,2,111Q2.pdf,5,1,其他製程控制技術員,612.0,3165.0,5.17
111,2,111Q2.pdf,6,3,其他餐飲服務人員,460.0,917.0,1.99
111,2,111Q2.pdf,7,25,一般辦公室事務人員,376.0,202.0,0.54
111,2,111Q2.pdf,8,7,商店銷售有關人員,367.0,749.0,2.04
111,2,111Q2.pdf,9,4,照顧服務員,315.0,894.0,2.84
111,2,111Q2.pdf,10,6,電力及電子設備組裝人員,286.0,789.0,2.76
111,2,111Q2.pdf,11,19,接待員及服務台事務人員,247.0,392.0,1.59
111,2,111Q2.pdf,12,32,商業銷售代表,220.0,149.0,0.68
111,2,111Q2.pdf,14,26,環境清掃工,176.0,186.0,1.06
111,2,111Q2.pdf,15,47,廣告及行銷專業人員,176.0,68.0,0.39
111,2,111Q2.pdf,16,23,電子工程師,174.0,269.0,1.55
111,2,111Q2.pdf,17,18,機械組裝人員,173.0,490.0,2.83
111,2,111Q2.pdf,18,42,會計及簿記事務人員,173.0,80.0,0.46
111,2,111Q2.pdf,20,12,生產事務人員,130.0,576.0,4.43
111,3,111Q3.pdf,1,16,事務秘書,2015.0,341.0,0.17
111,3,111Q3.pdf,2,7,包裝及有關機械操作人員,941.0,603.0,0.64
111,3,111Q3.pdf,3,48,製造勞力工,926.0,74.0,0.08
111,3,111Q3.pdf,5,1,其他製程控制技術員,571.0,2014.0,3.53
111,3,111Q3.pdf,6,2,其他餐飲服務人員,390.0,1105.0,2.83
111,3,111Q3.pdf,7,183,一般辦公室事務人員,364.0,183.0,0.5
111,3,111Q3.pdf,8,4,照顧服務員,362.0,967.0,2.67
111,3,111Q3.pdf,9,5,商店銷售有關人員,357.0,961.0,2.69
111,3,111Q3.pdf,10,14,電力及電子設備組裝人員,284.0,417.0,1.47
111,3,111Q3.pdf,11,25,商業銷售代表,261.0,216.0,0.83
111,3,111Q3.pdf,13,19,接待員及服務台事務人員,206.0,309.0,1.5
111,3,111Q3.pdf,14,23,環境清掃工,201.0,248.0,1.23
111,3,111Q3.pdf,15,50,會計及簿記事務人員,199.0,66.0,0.33
111,3,111Q3.pdf,16,13,機械組裝人員,175.0,434.0,2.48
111,3,111Q3.pdf,17,21,保全及警衛人員,171.0,280.0,1.64
111,3,111Q3.pdf,19,33,小客車及小貨車駕駛人員,137.0,129.0,0.94
111,3,111Q3.pdf,20,46,電子工程師,133.0,75.0,0.56
111,4,111Q4.pdf,1,31,事務秘書,1553.0,166.0,0.11
111,4,111Q4.pdf,2,19,製造勞力工,841.0,19.0,0.02
111,4,111Q4.pdf,3,16,包裝及有關機械操作人員,742.0,315.0,0.42
111,4,111Q4.pdf,4,2,其他製程控制技術員,489.0,1695.0,3.47
111,4,111Q4.pdf,5,5,照顧服務員,426.0,881.0,2.07
111,4,111Q4.pdf,6,4,未分類其他基層技術工及勞力工,424.0,1048.0,2.47
111,4,111Q4.pdf,7,1,其他餐飲服務人員,413.0,2126.0,5.15
111,4,111Q4.pdf,8,3,商店銷售有關人員,360.0,1168.0,3.24
111,4,111Q4.pdf,9,36,一般辦公室事務人員,289.0,134.0,0.46
111,4,111Q4.pdf,10,12,電力及電子設備組裝人員,267.0,392.0,1.47
111,4,111Q4.pdf,11,28,商業銷售代表,241.0,189.0,0.78
111,4,111Q4.pdf,13,7,接待員及服務台事務人員,197.0,536.0,2.72
111,4,111Q4.pdf,14,49,會計及簿記事務人員,176.0,61.0,0.35
111,4,111Q4.pdf,15,38,電子工程師,170.0,91.0,0.54
111,4,111Q4.pdf,16,18,機械組裝人員,164.0,298.0,1.82
111,4,111Q4.pdf,17,15,保全及警衛人員,163.0,326.0,2.0
111,4,111Q4.pdf,18,25,環境清掃工,156.0,224.0,1.44
111,4,111Q4.pdf,19,69,廣告及行銷專業人員,121.0,35.0,0.29
111,4,111Q4.pdf,20,17,非食品飲料產品分級及檢查人員,112.0,302.0,2.7
112,1,112Q1.pdf,1,21,事務秘書,2403.0,243.0,0.1
112,1,112Q1.pdf,2,50,製造勞力工,1042.0,63.0,0.06
112,1,112Q1.pdf,3,10,包裝及有關機械操作人員,1017.0,425.0,0.42
112,1,112Q1.pdf,4,1,照顧服務員,718.0,3987.0,5.55
112,1,112Q1.pdf,5,2,其他餐飲服務人員,598.0,2101.0,3.51
112,1,112Q1.pdf,6,3,工業及生產技術員,579.0,1492.0,2.58
112,1,112Q1.pdf,7,27,一般及文書事務人員,550.0,171.0,0.31
112,1,112Q1.pdf,8,5,商店銷售有關人員,548.0,927.0,1.69
112,1,112Q1.pdf,9,8,未分類其他基層技術工及勞力工,502.0,500.0,1.0
112,1,112Q1.pdf,10,19,商業銷售代表,458.0,286.0,0.62
112,1,112Q1.pdf,11,13,電力及電子設備組裝人員,311.0,353.0,1.14
112,1,112Q1.pdf,12,44,廣告及行銷專業人員,309.0,74.0,0.24
112,1,112Q1.pdf,14,16,接待員及服務台事務人員,294.0,317.0,1.08
112,1,112Q1.pdf,15,47,會計及簿記事務人員,289.0,71.0,0.25
112,1,112Q1.pdf,17,12,電子工程師,216.0,72.0,0.33
112,1,112Q1.pdf,18,17,環境清掃工,203.0,316.0,1.56
112,1,112Q1.pdf,19,18,保全及警衛人員,185.0,310.0,1.68
112,1,112Q1.pdf,20,33,小客車及小貨車駕駛人員,179.0,139.0,0.78
112,2,112Q2.pdf,1,12,事務秘書,2463.0,556.0,0.23
112,2,112Q2.pdf,2,15,包裝及有關機械操作人員,1055.0,487.0,0.46
112,2,112Q2.pdf,3,53,製造勞力工,921.0,79.0,0.09
112,2,112Q2.pdf,4,6,未分類其他基層技術工及勞力工,892.0,1313.0,1.47
112,2,112Q2.pdf,5,1,照顧服務員,774.0,3576.0,4.62
112,2,112Q2.pdf,6,2,其他餐飲服務人員,643.0,2395.0,3.72
112,2,112Q2.pdf,7,5,商店銷售有關人員,642.0,1321.0,2.06
112,2,112Q2.pdf,8,22,一般及文書事務人員,576.0,317.0,0.55
112,2,112Q2.pdf,9,3,工業及生產技術員,568.0,2092.0,3.68
112,2,112Q2.pdf,10,5,商業銷售代表,421.0,376.0,0.89
112,2,112Q2.pdf,11,16,電力及電子設備組裝人員,352.0,460.0,1.31
112,2,112Q2.pdf,12,17,接待員及服務台事務人員,341.0,422.0,1.24
112,2,112Q2.pdf,14,39,廣告及行銷專業人員,279.0,139.0,0.5
112,2,112Q2.pdf,15,44,會計及簿記事務人員,276.0,120.0,0.43
112,2,112Q2.pdf,16,8,電子工程師,254.0,1159.0,4.56
112,2,112Q2.pdf,17,4,工業及生產工程師,233.0,1743.0,7.48
112,2,112Q2.pdf,18,19,機械組裝人員,213.0,405.0,1.9
112,2,112Q2.pdf,19,35,小客車及小貨車駕駛人員,201.0,149.0,0.74
112,3,112Q3.pdf,1,23,事務秘書,2200.0,241.0,0.11
112,3,112Q3.pdf,2,10,包裝及有關機械操作人員,1059.0,456.0,0.43
112,3,112Q3.pdf,3,43,製造勞力工,1014.0,111.0,0.11
112,3,112Q3.pdf,4,1,照顧服務員,818.0,4514.0,5.52
112,3,112Q3.pdf,5,2,其他餐飲服務人員,767.0,2792.0,3.64
112,3,112Q3.pdf,6,6,未分類其他基層技術工及勞力工,695.0,1243.0,1.79
112,3,112Q3.pdf,7,4,商店銷售有關人員,682.0,1479.0,2.17
112,3,112Q3.pdf,8,3,工業及生產技術員,599.0,2485.0,4.15
112,3,112Q3.pdf,9,24,一般及文書事務人員,555.0,240.0,0.43
112,3,112Q3.pdf,10,17,商業銷售代表,412.0,328.0,0.8
112,3,112Q3.pdf,11,13,電力及電子設備組裝人員,364.0,409.0,1.12
112,3,112Q3.pdf,12,14,接待員及服務台事務人員,331.0,399.0,1.21
112,3,112Q3.pdf,13,37,廣告及行銷專業人員,326.0,146.0,0.45
112,3,112Q3.pdf,15,54,會計及簿記事務人員,246.0,88.0,0.36
112,3,112Q3.pdf,16,8,工業及生產工程師,231.0,842.0,3.65
112,3,112Q3.pdf,17,5,食品烹調助手,203.0,1346.0,6.63
112,3,112Q3.pdf,18,56,電子工程師,197.0,83.0,0.42
112,3,112Q3.pdf,19,11,保全及警衛人員,192.0,437.0,2.28
112,3,112Q3.pdf,20,25,環境清掃工,183.0,225.0,1.23
112,4,112Q4.pdf,1,26,事務秘書,2023.0,172.0,0.09
112,4,112Q4.pdf,2,11,包裝及有關機械操作人員,1061.0,496.0,0.47
112,4,112Q4.pdf,3,53,製造勞力工,1032.0,67.0,0.06
112,4,112Q4.pdf,4,1,個人健康照顧工作人員,769.0,3910.0,5.08
112,4,112Q4.pdf,5,2,其他餐飲服務人員,705.0,1823.0,2.59
112,4,112Q4.pdf,6,3,工業及生產技術員,694.0,1589.0,2.29
112,4,112Q4.pdf,7,4,商店銷售有關人員,635.0,1459.0,2.3
112,4,112Q4.pdf,8,5,未分類其他基層技術工及勞力工,551.0,948.0,1.72
112,4,112Q4.pdf,9,27,一般及文書事務人員,491.0,169.0,0.34
112,4,112Q4.pdf,10,16,商業銷售代表,453.0,340.0,0.75
112,4,112Q4.pdf,11,13,接待員及服務台事務人員,355.0,380.0,1.07
112,4,112Q4.pdf,12,18,電力及電子設備組裝人員,317.0,263.0,0.83
112,4,112Q4.pdf,13,38,廣告及行銷專業人員,310.0,114.0,0.37
112,4,112Q4.pdf,15,8,工業及生產工程師,269.0,601.0,2.23
112,4,112Q4.pdf,16,59,會計及簿記事務人員,239.0,56.0,0.23
112,4,112Q4.pdf,17,99,平面及多媒體設計師,237.0,10.0,0.04
112,4,112Q4.pdf,18,6,食品烹調助手,227.0,782.0,3.44
112,4,112Q4.pdf,19,20,機械組裝人員,223.0,253.0,1.13
112,4,112Q4.pdf,20,14,電子工程師,219.0,359.0,1.64
113,1,113Q1.pdf,1,21,事務秘書,2021.0,319.0,0.16
113,1,113Q1.pdf,2,73,製造勞力工,1006.0,48.0,0.05
113,1,113Q1.pdf,3,20,包裝及有關機械操作人員,1002.0,330.0,0.33
113,1,113Q1.pdf,4,3,其他餐飲服務人員,705.0,1735.0,2.46
113,1,113Q1.pdf,5,1,個人健康照顧工作人員,660.0,4686.0,7.1
113,1,113Q1.pdf,6,6,商店銷售有關人員,598.0,1314.0,2.2
113,1,113Q1.pdf,7,8,未分類其他基層技術工及勞力工,567.0,1042.0,1.84
113,1,113Q1.pdf,8,7,工業及生產技術員,561.0,1162.0,2.07
113,1,113Q1.pdf,9,25,一般及文書事務人員,505.0,261.0,0.52
113,1,113Q1.pdf,10,11,商業銷售代表,441.0,466.0,1.06
113,1,113Q1.pdf,11,19,接待員及服務台事務人員,349.0,350.0,1.0
113,1,113Q1.pdf,12,24,電力及電子設備組裝人員,304.0,272.0,0.89
113,1,113Q1.pdf,14,29,廣告及行銷專業人員,294.0,160.0,0.54
113,1,113Q1.pdf,15,54,會計及簿記事務人員,259.0,82.0,0.32
113,1,113Q1.pdf,16,10,食品烹調助手,258.0,688.0,2.67
113,1,113Q1.pdf,17,2,電子工程師,227.0,1797.0,7.92
113,1,113Q1.pdf,18,4,工業及生產工程師,215.0,1472.0,6.85
113,1,113Q1.pdf,19,17,機械組裝人員,215.0,362.0,1.68
113,1,113Q1.pdf,20,15,存貨事務人員,210.0,386.0,1.84
113,2,113Q2.pdf,1,13,事務秘書,2187.0,605.0,0.28
113,2,113Q2.pdf,2,16,包裝及有關機械操作人員,992.0,447.0,0.45
113,2,113Q2.pdf,3,3,未分類其他基層技術工及勞力工,962.0,2105.0,2.19
113,2,113Q2.pdf,4,2,其他餐飲服務人員,783.0,2207.0,2.82
113,2,113Q2.pdf,5,1,個人健康照顧工作人員,739.0,4772.0,6.46
113,2,113Q2.pdf,6,70,製造勞力工,735.0,47.0,0.06
113,2,113Q2.pdf,7,4,商店銷售有關人員,716.0,2042.0,2.85
113,2,113Q2.pdf,8,5,工業及生產技術員,599.0,1516.0,2.53
113,2,113Q2.pdf,9,24,一般及文書事務人員,523.0,317.0,0.61
113,2,113Q2.pdf,10,18,商業銷售代表,472.0,408.0,0.86
113,2,113Q2.pdf,11,9,接待員及服務台事務人員,318.0,670.0,2.11
113,2,113Q2.pdf,12,44,廣告及行銷專業人員,314.0,104.0,0.33
113,2,113Q2.pdf,13,29,電子工程師,303.0,189.0,0.62
113,2,113Q2.pdf,14,12,工業及生產工程師,292.0,632.0,2.16
113,2,113Q2.pdf,16,100,平面及多媒體設計師,291.0,23.0,0.08
113,2,113Q2.pdf,17,8,電力及電子設備組裝人員,262.0,757.0,2.89
113,2,113Q2.pdf,18,53,會計及簿記事務人員,232.0,74.0,0.32
113,2,113Q2.pdf,19,7,食品烹調助手,212.0,858.0,4.05
113,2,113Q2.pdf,20,14,保全及警衛人員,205.0,532.0,2.6
113,3,113Q3.pdf,1,11,事務秘書,2714.0,520.0,0.19
113,3,113Q3.pdf,2,20,包裝及有關機械操作人員,1099.0,336.0,0.31
113,3,113Q3.pdf,3,5,未分類其他基層技術工及勞力工,1094.0,1363.0,1.25
113,3,113Q3.pdf,4,82,製造勞力工,941.0,34.0,0.04
113,3,113Q3.pdf,5,4,商店銷售有關人員,889.0,1480.0,1.66
113,3,113Q3.pdf,6,2,其他餐飲服務人員,851.0,2348.0,2.76
113,3,113Q3.pdf,7,1,個人健康照顧工作人員,850.0,4666.0,5.49
113,3,113Q3.pdf,8,3,工業及生產技術員,630.0,1705.0,2.71
113,3,113Q3.pdf,9,23,一般及文書事務人員,612.0,299.0,0.49
113,3,113Q3.pdf,10,15,商業銷售代表,512.0,466.0,0.91
113,3,113Q3.pdf,11,18,接待員及服務台事務人員,365.0,405.0,1.11
113,3,113Q3.pdf,12,9,電力及電子設備組裝人員,340.0,809.0,2.38
113,3,113Q3.pdf,13,50,廣告及行銷專業人員,331.0,92.0,0.28
113,3,113Q3.pdf,14,70,平面及多媒體設計師,295.0,44.0,0.15
113,3,113Q3.pdf,16,46,會計及簿記事務人員,270.0,99.0,0.37
113,3,113Q3.pdf,17,13,電子工程師,265.0,480.0,1.81
113,3,113Q3.pdf,18,7,工業及生產工程師,255.0,884.0,3.47
113,3,113Q3.pdf,19,6,食品烹調助手,225.0,1050.0,4.67
113,3,113Q3.pdf,20,16,保全及警衛人員,221.0,437.0,1.98
113,4,113Q4.pdf,1,18,事務秘書,1982.0,251.0,0.13
113,4,113Q4.pdf,2,9,包裝及有關機械操作人員,1128.0,394.0,0.35
113,4,113Q4.pdf,3,5,商店銷售有關人員,918.0,1025.0,1.12
113,4,113Q4.pdf,4,59,製造勞力工,825.0,49.0,0.06
113,4,113Q4.pdf,5,1,個人健康照顧工作人員,782.0,3589.0,4.59
113,4,113Q4.pdf,6,2,其他餐飲服務人員,760.0,1369.0,1.8
113,4,113Q4.pdf,7,4,未分類其他基層技術工及勞力工,641.0,1219.0,1.9
113,4,113Q4.pdf,8,20,一般辦公室事務人員,616.0,228.0,0.37
113,4,113Q4.pdf,9,3,工業及生產技術員,580.0,1316.0,2.27
113,4,113Q4.pdf,10,19,商業銷售代表,514.0,234.0,0.46
113,4,113Q4.pdf,11,21,電力及電子設備組裝人員,335.0,214.0,0.64
113,4,113Q4.pdf,13,6,保全及警衛人員,306.0,573.0,1.87
113,4,113Q4.pdf,14,67,平面及多媒體設計師,302.0,36.0,0.12
113,4,113Q4.pdf,15,17,接待員及服務台事務人員,297.0,266.0,0.9
113,4,113Q4.pdf,16,53,廣告及行銷專業人員,278.0,56.0,0.2
113,4,113Q4.pdf,17,33,電子工程師,267.0,118.0,0.44
113,4,113Q4.pdf,18,54,會計及簿記事務人員,252.0,56.0,0.22
113,4,113Q4.pdf,19,12,工業及生產工程師,225.0,375.0,1.67
113,4,113Q4.pdf,20,8,食品烹調助手,216.0,543.0,2.51
114,1,114Q1.pdf,1,28,事務秘書,2163.0,247.0,0.11
114,1,114Q1.pdf,2,15,包裝及有關機械操作人員,984.0,396.0,0.4
114,1,114Q1.pdf,3,5,商店銷售有關人員,839.0,1648.0,1.96
114,1,114Q1.pdf,4,77,製造勞力工,817.0,44.0,0.05
114,1,114Q1.pdf,5,6,未分類其他基層技術工及勞力工,726.0,1589.0,2.19
114,1,114Q1.pdf,6,1,個人健康照顧工作人員,679.0,4477.0,6.59
114,1,114Q1.pdf,7,23,一般辦公室事務人員,657.0,293.0,0.45
114,1,114Q1.pdf,8,2,其他餐飲服務人員,653.0,2104.0,3.22
114,1,114Q1.pdf,9,3,工業及生產技術員,557.0,2095.0,3.76
114,1,114Q1.pdf,10,11,商業銷售代表,521.0,499.0,0.96
114,1,114Q1.pdf,11,30,廣告及行銷專業人員,391.0,221.0,0.57
114,1,114Q1.pdf,13,68,平面及多媒體設計師,315.0,50.0,0.16
114,1,114Q1.pdf,14,13,電力及電子設備組裝人員,313.0,439.0,1.4
114,1,114Q1.pdf,15,22,接待員及服務台事務人員,271.0,301.0,1.11
114,1,114Q1.pdf,16,10,電子工程師,265.0,520.0,1.96
114,1,114Q1.pdf,17,4,工業及生產工程師,258.0,2020.0,7.83
114,1,114Q1.pdf,18,67,會計及簿記事務人員,239.0,54.0,0.23
114,1,114Q1.pdf,19,27,保全及警衛人員,232.0,257.0,1.11
114,1,114Q1.pdf,20,20,存貨事務人員,201.0,335.0,1.67
114,2,114Q2.pdf,1,7,事務秘書,2866.0,792.0,0.28
114,2,114Q2.pdf,2,6,未分類其他基層技術工及勞力工,1423.0,1325.0,0.93
114,2,114Q2.pdf,3,15,包裝及有關機械操作人員,1149.0,491.0,0.43
114,2,114Q2.pdf,4,5,商店銷售有關人員,977.0,1606.0,1.64
114,2,114Q2.pdf,5,1,個人健康照顧工作人員,802.0,5460.0,6.81
114,2,114Q2.pdf,6,36,製造勞力工,801.0,151.0,0.19
114,2,114Q2.pdf,7,4,其他餐飲服務人員,791.0,1762.0,2.23
114,2,114Q2.pdf,8,2,工業及生產技術員,696.0,2555.0,3.67
114,2,114Q2.pdf,9,23,一般辦公室事務人員,618.0,354.0,0.57
114,2,114Q2.pdf,10,19,商業銷售代表,499.0,394.0,0.79
114,2,114Q2.pdf,12,8,電力及電子設備組裝人員,345.0,720.0,2.09
114,2,114Q2.pdf,13,93,平面及多媒體設計師,326.0,22.0,0.07
114,2,114Q2.pdf,14,43,廣告及行銷專業人員,320.0,113.0,0.35
114,2,114Q2.pdf,15,22,保全及警衛人員,310.0,364.0,1.17
114,2,114Q2.pdf,16,20,接待員及服務台事務人員,307.0,375.0,1.22
114,2,114Q2.pdf,17,3,工業及生產工程師,293.0,2125.0,7.25
114,2,114Q2.pdf,18,21,電子工程師,272.0,372.0,1.37
114,2,114Q2.pdf,19,56,會計及簿記事務人員,272.0,73.0,0.27
114,2,114Q2.pdf,20,53,護理及助產專業人員,247.0,76.0,0.31
114,3,114Q3.pdf,1,25,事務秘書,2505.0,258.0,0.1
114,3,114Q3.pdf,2,10,包裝及有關機械操作人員,1110.0,534.0,0.48
114,3,114Q3.pdf,3,4,未分類其他基層技術工及勞力工,970.0,1327.0,1.37
114,3,114Q3.pdf,4,5,商店銷售有關人員,919.0,1232.0,1.34
114,3,114Q3.pdf,5,95,製造勞力工,842.0,24.0,0.03
114,3,114Q3.pdf,6,2,其他餐飲服務人員,827.0,1899.0,2.3
114,3,114Q3.pdf,7,1,個人健康照顧工作人員,782.0,6576.0,8.41
114,3,114Q3.pdf,8,24,一般辦公室事務人員,659.0,278.0,0.42
114,3,114Q3.pdf,9,3,工業及生產技術員,622.0,1560.0,2.51
114,3,114Q3.pdf,10,15,商業銷售代表,558.0,367.0,0.66
114,3,114Q3.pdf,11,110,平面及多媒體設計師,353.0,15.0,0.04
114,3,114Q3.pdf,12,55,廣告及行銷專業人員,339.0,76.0,0.22
114,3,114Q3.pdf,13,28,接待員及服務台事務人員,329.0,229.0,0.7
114,3,114Q3.pdf,14,19,辦公室、旅館及類似場所清潔工及幫工,315.0,325.0,1.03
114,3,114Q3.pdf,15,7,電力及電子設備組裝人員,305.0,780.0,2.56
114,3,114Q3.pdf,16,20,電子工程師,286.0,312.0,1.09
114,3,114Q3.pdf,17,59,會計及簿記事務人員,272.0,71.0,0.26
114,3,114Q3.pdf,18,6,工業及生產工程師,265.0,1208.0,4.56
114,3,114Q3.pdf,19,16,保全及警衛人員,244.0,357.0,1.46
114,3,114Q3.pdf,20,9,食品烹調助手,241.0,555.0,2.3
114,4,114Q4.pdf,1,23,事務秘書,2418.0,209.0,0.09
114,4,114Q4.pdf,2,12,包裝及有關機械操作人員,985.0,348.0,0.35
114,4,114Q4.pdf,3,5,商店銷售有關人員,862.0,843.0,0.98
114,4,114Q4.pdf,4,6,未分類其他基層技術工及勞力工,766.0,832.0,1.09
114,4,114Q4.pdf,5,3,其他餐飲服務人員,763.0,1336.0,1.75
114,4,114Q4.pdf,6,95,製造勞力工,726.0,14.0,0.02
114,4,114Q4.pdf,7,1,個人健康照顧工作人員,711.0,3792.0,5.33
114,4,114Q4.pdf,8,2,工業及生產技術員,663.0,1427.0,2.15
114,4,114Q4.pdf,9,26,一般辦公室事務人員,594.0,185.0,0.31
114,4,114Q4.pdf,10,14,商業銷售代表,535.0,319.0,0.6
114,4,114Q4.pdf,11,30,廣告及行銷專業人員,339.0,133.0,0.39
114,4,114Q4.pdf,12,13,電力及電子設備組裝人員,323.0,321.0,0.99
114,4,114Q4.pdf,13,25,接待員及服務台事務人員,314.0,194.0,0.62
114,4,114Q4.pdf,14,21,辦公室、旅館及類似場所清潔工及幫工,277.0,242.0,0.87
114,4,114Q4.pdf,15,78,平面及多媒體設計師,276.0,25.0,0.09
114,4,114Q4.pdf,16,19,電子工程師,275.0,283.0,1.03
114,4,114Q4.pdf,17,10,保全及警衛人員,275.0,405.0,1.47
114,4,114Q4.pdf,18,4,工業及生產工程師,261.0,864.0,3.31
114,4,114Q4.pdf,19,58,會計及簿記事務人員,255.0,50.0,0.2
114,4,114Q4.pdf,20,17,機械組裝人員,208.0,297.0,1.43
115,1,115Q1.pdf,1,22,事務秘書,2243.0,279.0,0.12
115,1,115Q1.pdf,2,15,包裝及有關機械操作人員,1078.0,411.0,0.38
115,1,115Q1.pdf,3,5,商店銷售有關人員,871.0,1475.0,1.69
115,1,115Q1.pdf,4,7,未分類其他基層技術工及勞力工,827.0,1153.0,1.39
115,1,115Q1.pdf,5,90,製造勞力工,786.0,29.0,0.04
115,1,115Q1.pdf,6,2,其他餐飲服務人員,705.0,1747.0,2.48
115,1,115Q1.pdf,7,4,工業及生產技術員,652.0,1568.0,2.4
115,1,115Q1.pdf,8,23,一般辦公室事務人員,645.0,274.0,0.42
115,1,115Q1.pdf,9,1,個人健康照顧工作人員,630.0,5943.0,9.43
115,1,115Q1.pdf,10,11,商業銷售代表,524.0,460.0,0.88
115,1,115Q1.pdf,11,31,廣告及行銷專業人員,369.0,186.0,0.5
115,1,115Q1.pdf,12,24,辦公室、旅館及類似場所清潔工及幫工,359.0,269.0,0.75
115,1,115Q1.pdf,13,82,平面及多媒體設計師,323.0,33.0,0.1
115,1,115Q1.pdf,14,17,接待員及服務台事務人員,311.0,390.0,1.25
115,1,115Q1.pdf,15,6,電子工程師,304.0,1459.0,4.8
115,1,115Q1.pdf,16,10,電力及電子設備組裝人員,291.0,478.0,1.64
115,1,115Q1.pdf,17,3,工業及生產工程師,280.0,1593.0,5.69
115,1,115Q1.pdf,18,18,保全及警衛人員,257.0,386.0,1.5
115,1,115Q1.pdf,19,50,會計及簿記事務人員,255.0,50.0,0.2
115,1,115Q1.pdf,20,13,機械組裝人員,208.0,297.0,1.43
115,2,115Q2.pdf,1,10,事務秘書,2849.0,730.0,0.26
115,2,115Q2.pdf,2,6,未分類其他基層技術工及勞力工,1595.0,1249.0,0.78
115,2,115Q2.pdf,3,12,包裝及有關機械操作人員,958.0,608.0,0.63
115,2,115Q2.pdf,4,3,商店銷售有關人員,923.0,1861.0,2.02
115,2,115Q2.pdf,5,4,其他餐飲服務人員,792.0,1753.0,2.21
115,2,115Q2.pdf,6,1,個人健康照顧工作人員,751.0,5642.0,7.51
115,2,115Q2.pdf,7,78,製造勞力工,661.0,42.0,0.06
115,2,115Q2.pdf,8,25,一般辦公室事務人員,611.0,260.0,0.43
115,2,115Q2.pdf,9,2,工業及生產技術員,561.0,1980.0,3.53
115,2,115Q2.pdf,10,19,商業銷售代表,509.0,397.0,0.78
115,2,115Q2.pdf,11,37,廣告及行銷專業人員,345.0,108.0,0.31
115,2,115Q2.pdf,12,24,辦公室、旅館及類似場所清潔工及幫工,326.0,303.0,0.93
115,2,115Q2.pdf,13,27,電子工程師,325.0,244.0,0.75
115,2,115Q2.pdf,14,13,接待員及服務台事務人員,324.0,582.0,1.8
115,2,115Q2.pdf,15,113,平面及多媒體設計師,318.0,13.0,0.04
115,2,115Q2.pdf,16,5,工業及生產工程師,315.0,1272.0,4.04
115,2,115Q2.pdf,17,57,會計及簿記事務人員,263.0,74.0,0.28
115,2,115Q2.pdf,18,8,電力及電子設備組裝人員,257.0,764.0,2.97
115,2,115Q2.pdf,19,18,保全及警衛人員,223.0,441.0,1.98
115,2,115Q2.pdf,20,45,小客車及小貨車駕駛人員,210.0,94.0,0.45
