year_month,industry_code,industry,unit_type_code,unit_type,employment_insurance_flag,employee_scope,units,insured,insured_added,insured_withdrawn,avg_insured_wage
2018-12,A,農、林、漁、牧業,1,產業勞工及交通公用事業之員工,1,True,107,1450,69,78,28955.54
2018-12,A,農、林、漁、牧業,2,職業勞工,2,False,11,10604,99,135,27058.23
2018-12,A,農、林、漁、牧業,3,漁會之甲類會員,2,False,1,1966,0,6,25020.85
2018-12,A,農、林、漁、牧業,5,公司、行號員工,1,True,5,16,0,0,27237.5
2018-12,A,農、林、漁、牧業,6,受僱從事漁業生產之勞動者,1,False,51,153,13,9,22155.55
2018-12,A,農、林、漁、牧業,8,新聞、文化、公益及合作事業之員工,1,True,2,4,0,1,27050.0
2019-12,A,農、林、漁、牧業,1,產業勞工及交通公用事業之員工,1,True,109,1450,55,66,30257.64
2019-12,A,農、林、漁、牧業,2,職業勞工,2,False,11,10140,87,182,27900.65
2019-12,A,農、林、漁、牧業,3,漁會之甲類會員,2,False,1,1886,15,13,25577.3
2019-12,A,農、林、漁、牧業,5,公司、行號員工,1,True,6,21,0,1,29852.38
2019-12,A,農、林、漁、牧業,6,受僱從事漁業生產之勞動者,1,False,49,148,12,8,23253.37
2019-12,A,農、林、漁、牧業,8,新聞、文化、公益及合作事業之員工,1,True,1,3,0,0,37433.33
2020-12,A,農、林、漁、牧業,1,產業勞工及交通公用事業之員工,1,True,128,1527,102,93,30262.86
2020-12,A,農、林、漁、牧業,2,職業勞工,2,False,11,9979,99,167,28296.52
2020-12,A,農、林、漁、牧業,3,漁會之甲類會員,2,False,1,1860,3,4,25906.72
2020-12,A,農、林、漁、牧業,5,公司、行號員工,1,True,6,13,0,1,32007.69
2020-12,A,農、林、漁、牧業,6,受僱從事漁業生產之勞動者,1,False,53,145,9,6,24037.93
2020-12,A,農、林、漁、牧業,8,新聞、文化、公益及合作事業之員工,1,True,2,6,1,4,31016.66
2021-12,A,農、林、漁、牧業,1,產業勞工及交通公用事業之員工,1,True,131,1551,102,93,30498.62
2021-12,A,農、林、漁、牧業,2,職業勞工,2,False,11,9924,110,138,28449.21
2021-12,A,農、林、漁、牧業,3,漁會之甲類會員,2,False,1,1812,6,3,25974.17
2021-12,A,農、林、漁、牧業,5,公司、行號員工,1,True,6,24,1,2,29925.0
2021-12,A,農、林、漁、牧業,6,受僱從事漁業生產之勞動者,1,False,49,118,1,5,24377.96
2021-12,A,農、林、漁、牧業,8,新聞、文化、公益及合作事業之員工,1,True,5,10,1,4,29830.0
2022-12,A,農、林、漁、牧業,1,產業勞工及交通公用事業之員工,1,True,137,1502,120,63,31667.41
2022-12,A,農、林、漁、牧業,2,職業勞工,2,False,11,9445,89,167,29453.91
2022-12,A,農、林、漁、牧業,3,漁會之甲類會員,2,False,1,1755,1,9,26665.41
2022-12,A,農、林、漁、牧業,5,公司、行號員工,1,True,5,20,1,0,30102.5
2022-12,A,農、林、漁、牧業,6,受僱從事漁業生產之勞動者,1,False,59,158,15,13,26158.54
2022-12,A,農、林、漁、牧業,8,新聞、文化、公益及合作事業之員工,1,True,4,18,0,2,26969.44
2023-12,A,農、林、漁、牧業,1,產業勞工及交通公用事業之員工,1,True,150,1541,101,63,32225.77
2023-12,A,農、林、漁、牧業,2,職業勞工,2,False,11,8865,65,156,30239.27
2023-12,A,農、林、漁、牧業,3,漁會之甲類會員,2,False,1,1678,6,16,27297.49
2023-12,A,農、林、漁、牧業,5,公司、行號員工,1,True,5,18,0,1,31233.33
2023-12,A,農、林、漁、牧業,6,受僱從事漁業生產之勞動者,1,False,65,218,7,8,27666.05
2023-12,A,農、林、漁、牧業,8,新聞、文化、公益及合作事業之員工,1,True,5,27,0,0,29662.96
2024-12,A,農、林、漁、牧業,1,產業勞工及交通公用事業之員工,1,True,215,1781,77,65,32628.07
2024-12,A,農、林、漁、牧業,2,職業勞工,2,False,10,8244,63,117,31175.1
2024-12,A,農、林、漁、牧業,3,漁會之甲類會員,2,False,1,1611,0,8,27928.18
2024-12,A,農、林、漁、牧業,5,公司、行號員工,1,True,5,14,0,0,27610.0
2024-12,A,農、林、漁、牧業,6,受僱從事漁業生產之勞動者,1,False,73,261,18,12,28797.97
2024-12,A,農、林、漁、牧業,8,新聞、文化、公益及合作事業之員工,1,True,4,34,3,3,28472.35
2025-12,A,農、林、漁、牧業,1,產業勞工及交通公用事業之員工,1,True,279,2043,109,76,32824.5
2025-12,A,農、林、漁、牧業,2,職業勞工,2,False,10,7578,62,155,32002.17
2025-12,A,農、林、漁、牧業,3,漁會之甲類會員,2,False,1,1568,6,9,28962.44
2025-12,A,農、林、漁、牧業,5,公司、行號員工,1,True,4,13,0,0,29913.85
2025-12,A,農、林、漁、牧業,6,受僱從事漁業生產之勞動者,1,False,80,276,22,32,29900.87
2025-12,A,農、林、漁、牧業,8,新聞、文化、公益及合作事業之員工,1,True,4,39,10,9,28459.74
2018-12,B,礦業及土石採取業,1,產業勞工及交通公用事業之員工,1,True,47,333,28,31,30453.75
2018-12,B,礦業及土石採取業,2,職業勞工,2,False,1,86,0,0,29710.46
2018-12,B,礦業及土石採取業,5,公司、行號員工,1,True,1,3,0,0,22000.0
2019-12,B,礦業及土石採取業,1,產業勞工及交通公用事業之員工,1,True,47,318,8,12,31257.54
2019-12,B,礦業及土石採取業,2,職業勞工,2,False,1,88,0,0,30003.4
2019-12,B,礦業及土石採取業,5,公司、行號員工,1,True,1,3,0,0,26000.0
2020-12,B,礦業及土石採取業,1,產業勞工及交通公用事業之員工,1,True,48,330,8,25,31400.56
2020-12,B,礦業及土石採取業,2,職業勞工,2,False,1,93,0,0,29963.44
2020-12,B,礦業及土石採取業,5,公司、行號員工,1,True,1,3,0,0,26466.66
2021-12,B,礦業及土石採取業,1,產業勞工及交通公用事業之員工,1,True,50,337,20,28,31198.06
2021-12,B,礦業及土石採取業,2,職業勞工,2,False,1,96,2,2,29281.25
2021-12,B,礦業及土石採取業,5,公司、行號員工,1,True,1,3,0,0,31266.66
2022-12,B,礦業及土石採取業,1,產業勞工及交通公用事業之員工,1,True,49,317,12,14,31999.81
2022-12,B,礦業及土石採取業,2,職業勞工,2,False,1,91,1,3,30360.43
2022-12,B,礦業及土石採取業,5,公司、行號員工,1,True,1,2,0,1,35525.0
2023-12,B,礦業及土石採取業,1,產業勞工及交通公用事業之員工,1,True,44,296,9,14,33850.94
2023-12,B,礦業及土石採取業,2,職業勞工,2,False,1,79,1,2,31032.91
2023-12,B,礦業及土石採取業,5,公司、行號員工,1,True,1,2,0,0,36100.0
2024-12,B,礦業及土石採取業,1,產業勞工及交通公用事業之員工,1,True,44,314,9,17,33565.16
2024-12,B,礦業及土石採取業,2,職業勞工,2,False,1,74,0,2,30845.27
2024-12,B,礦業及土石採取業,5,公司、行號員工,1,True,1,2,0,0,36635.0
2025-12,B,礦業及土石採取業,1,產業勞工及交通公用事業之員工,1,True,45,320,30,31,34169.92
2025-12,B,礦業及土石採取業,2,職業勞工,2,False,1,63,0,2,32034.13
2025-12,B,礦業及土石採取業,5,公司、行號員工,1,True,1,2,0,0,37195.0
2018-12,C,製造業,1,產業勞工及交通公用事業之員工,1,True,21814,398972,7141,7697,30681.45
2018-12,C,製造業,2,職業勞工,2,False,80,45523,330,676,27163.52
2018-12,C,製造業,5,公司、行號員工,1,True,371,13283,139,217,34739.93
2018-12,C,製造業,8,新聞、文化、公益及合作事業之員工,1,True,2,19,0,0,18021.05
2019-12,C,製造業,1,產業勞工及交通公用事業之員工,1,True,21749,398363,7696,7965,31334.4
2019-12,C,製造業,1,產業勞工及交通公用事業之員工,2,True,0,0,0,0,0.0
2019-12,C,製造業,2,職業勞工,2,False,80,43812,335,737,27944.86
2019-12,C,製造業,5,公司、行號員工,1,True,371,13518,212,185,35395.72
2019-12,C,製造業,8,新聞、文化、公益及合作事業之員工,1,True,3,27,1,1,18766.66
2020-12,C,製造業,1,產業勞工及交通公用事業之員工,1,True,21610,396574,9849,8404,31764.48
2020-12,C,製造業,2,職業勞工,2,False,80,43338,392,741,28281.12
2020-12,C,製造業,5,公司、行號員工,1,True,378,13607,324,192,35833.21
2020-12,C,製造業,8,新聞、文化、公益及合作事業之員工,1,True,2,11,0,0,26100.0
2021-12,C,製造業,1,產業勞工及交通公用事業之員工,1,True,21689,402601,7554,8482,32233.6
2021-12,C,製造業,2,職業勞工,2,False,80,43685,385,688,28388.8
2021-12,C,製造業,5,公司、行號員工,1,True,368,13904,219,208,36207.91
2021-12,C,製造業,8,新聞、文化、公益及合作事業之員工,1,True,3,14,1,0,23485.71
2022-12,C,製造業,1,產業勞工及交通公用事業之員工,1,True,21297,383905,5933,7135,33572.46
2022-12,C,製造業,2,職業勞工,2,False,80,41465,306,691,29392.39
2022-12,C,製造業,5,公司、行號員工,1,True,359,13808,173,197,37190.73
2022-12,C,製造業,8,新聞、文化、公益及合作事業之員工,1,True,3,18,1,1,23447.77
2023-12,C,製造業,1,產業勞工及交通公用事業之員工,1,True,20865,366547,5576,6938,34320.64
2023-12,C,製造業,2,職業勞工,2,False,81,39272,304,709,30197.4
2023-12,C,製造業,5,公司、行號員工,1,True,369,14084,163,199,37739.5
2023-12,C,製造業,8,新聞、文化、公益及合作事業之員工,1,True,3,24,0,2,25665.0
2024-12,C,製造業,1,產業勞工及交通公用事業之員工,1,True,20517,364685,6485,6153,35179.39
2024-12,C,製造業,2,職業勞工,2,False,81,37630,277,686,31149.85
2024-12,C,製造業,5,公司、行號員工,1,True,373,14610,210,218,38008.64
2024-12,C,製造業,8,新聞、文化、公益及合作事業之員工,1,True,3,22,0,0,26337.73
2025-12,C,製造業,1,產業勞工及交通公用事業之員工,1,True,20056,361509,5565,6398,36201.78
2025-12,C,製造業,2,職業勞工,2,False,81,35065,239,762,32034.54
2025-12,C,製造業,5,公司、行號員工,1,True,365,14460,202,200,38870.55
2025-12,C,製造業,8,新聞、文化、公益及合作事業之員工,1,True,3,24,0,0,26962.75
2018-12,D,電力及燃氣供應業,1,產業勞工及交通公用事業之員工,1,True,40,2511,39,25,43273.53
2018-12,D,電力及燃氣供應業,5,公司、行號員工,1,True,4,213,0,0,43489.2
2019-12,D,電力及燃氣供應業,1,產業勞工及交通公用事業之員工,1,True,39,2589,60,22,42753.29
2019-12,D,電力及燃氣供應業,5,公司、行號員工,1,True,4,213,0,0,40385.44
2020-12,D,電力及燃氣供應業,1,產業勞工及交通公用事業之員工,1,True,40,2522,12,23,42701.72
2020-12,D,電力及燃氣供應業,5,公司、行號員工,1,True,4,215,0,0,40377.67
2021-12,D,電力及燃氣供應業,1,產業勞工及交通公用事業之員工,1,True,44,2563,19,36,42741.25
2021-12,D,電力及燃氣供應業,5,公司、行號員工,1,True,4,211,0,2,40842.65
2022-12,D,電力及燃氣供應業,1,產業勞工及交通公用事業之員工,1,True,62,2606,18,12,43060.8
2022-12,D,電力及燃氣供應業,5,公司、行號員工,1,True,4,205,1,2,41478.04
2023-12,D,電力及燃氣供應業,1,產業勞工及交通公用事業之員工,1,True,73,2769,21,17,43058.16
2023-12,D,電力及燃氣供應業,5,公司、行號員工,1,True,4,201,2,1,41187.6
2024-12,D,電力及燃氣供應業,1,產業勞工及交通公用事業之員工,1,True,86,2729,14,13,43449.6
2024-12,D,電力及燃氣供應業,5,公司、行號員工,1,True,4,201,0,1,41882.64
2025-12,D,電力及燃氣供應業,1,產業勞工及交通公用事業之員工,1,True,87,2941,19,27,43490.91
2025-12,D,電力及燃氣供應業,5,公司、行號員工,1,True,4,189,3,7,42946.19
2018-12,E,用水供應及污染整治業,1,產業勞工及交通公用事業之員工,1,True,315,2316,49,59,32604.68
2018-12,E,用水供應及污染整治業,2,職業勞工,2,False,3,659,14,5,25059.93
2018-12,E,用水供應及污染整治業,5,公司、行號員工,1,True,221,1872,63,78,28386.68
2018-12,E,用水供應及污染整治業,8,新聞、文化、公益及合作事業之員工,1,True,1,9,0,0,34511.11
2019-12,E,用水供應及污染整治業,1,產業勞工及交通公用事業之員工,1,True,335,2419,91,53,32293.58
2019-12,E,用水供應及污染整治業,2,職業勞工,2,False,3,652,9,11,26276.53
2019-12,E,用水供應及污染整治業,5,公司、行號員工,1,True,220,2194,67,83,28683.05
2019-12,E,用水供應及污染整治業,8,新聞、文化、公益及合作事業之員工,1,True,1,9,0,0,34511.11
2020-12,E,用水供應及污染整治業,1,產業勞工及交通公用事業之員工,1,True,350,2385,65,119,33161.87
2020-12,E,用水供應及污染整治業,2,職業勞工,2,False,3,689,11,14,26847.6
2020-12,E,用水供應及污染整治業,5,公司、行號員工,1,True,215,2315,93,103,29039.02
2020-12,E,用水供應及污染整治業,8,新聞、文化、公益及合作事業之員工,1,True,1,8,0,0,34850.0
2021-12,E,用水供應及污染整治業,1,產業勞工及交通公用事業之員工,1,True,375,2461,69,69,33356.74
2021-12,E,用水供應及污染整治業,2,職業勞工,2,False,3,763,20,17,26805.63
2021-12,E,用水供應及污染整治業,5,公司、行號員工,1,True,205,2250,47,137,29651.68
2021-12,E,用水供應及污染整治業,8,新聞、文化、公益及合作事業之員工,1,True,1,9,0,0,36833.33
2022-12,E,用水供應及污染整治業,1,產業勞工及交通公用事業之員工,1,True,392,2491,80,67,34383.94
2022-12,E,用水供應及污染整治業,2,職業勞工,2,False,3,726,7,20,28122.31
2022-12,E,用水供應及污染整治業,5,公司、行號員工,1,True,203,1947,53,101,31021.85
2022-12,E,用水供應及污染整治業,8,新聞、文化、公益及合作事業之員工,1,True,1,10,0,0,37010.0
2023-12,E,用水供應及污染整治業,1,產業勞工及交通公用事業之員工,1,True,419,2548,53,69,34831.3
2023-12,E,用水供應及污染整治業,2,職業勞工,2,False,3,745,5,17,28831.54
2023-12,E,用水供應及污染整治業,5,公司、行號員工,1,True,200,2036,99,63,31926.26
2023-12,E,用水供應及污染整治業,8,新聞、文化、公益及合作事業之員工,1,True,1,12,2,1,35366.66
2024-12,E,用水供應及污染整治業,1,產業勞工及交通公用事業之員工,1,True,446,2729,99,121,35033.29
2024-12,E,用水供應及污染整治業,2,職業勞工,2,False,3,763,7,11,29789.61
2024-12,E,用水供應及污染整治業,5,公司、行號員工,1,True,199,2079,70,80,33063.81
2024-12,E,用水供應及污染整治業,8,新聞、文化、公益及合作事業之員工,1,True,1,11,0,0,34933.64
2025-12,E,用水供應及污染整治業,1,產業勞工及交通公用事業之員工,1,True,447,2793,71,71,36124.91
2025-12,E,用水供應及污染整治業,2,職業勞工,2,False,3,755,9,14,30727.02
2025-12,E,用水供應及污染整治業,5,公司、行號員工,1,True,194,2074,58,72,34252.71
2025-12,E,用水供應及污染整治業,8,新聞、文化、公益及合作事業之員工,1,True,1,9,1,1,37922.22
2018-12,F,營建工程業,1,產業勞工及交通公用事業之員工,1,True,5263,29591,1727,1709,30111.31
2018-12,F,營建工程業,2,職業勞工,2,False,29,39630,331,601,26875.96
2018-12,F,營建工程業,4,政府機關及公、私立學校之員工,1,False,4,137,0,4,37613.86
2018-12,F,營建工程業,5,公司、行號員工,1,True,1981,14122,605,636,30232.76
2018-12,F,營建工程業,7,自願投保者,1,False,1,4,1,0,33150.0
2019-12,F,營建工程業,1,產業勞工及交通公用事業之員工,1,True,5573,31681,1826,1720,30792.2
2019-12,F,營建工程業,2,職業勞工,2,False,29,38890,364,504,27607.84
2019-12,F,營建工程業,4,政府機關及公、私立學校之員工,1,False,4,134,0,0,35516.41
2019-12,F,營建工程業,5,公司、行號員工,1,True,1928,14138,498,529,30879.67
2019-12,F,營建工程業,5,公司、行號員工,2,True,0,0,0,0,0.0
2019-12,F,營建工程業,7,自願投保者,1,False,1,4,0,0,24229.0
2020-12,F,營建工程業,1,產業勞工及交通公用事業之員工,1,True,5916,34457,2298,2160,31151.05
2020-12,F,營建工程業,2,職業勞工,2,False,29,39474,462,569,27727.16
2020-12,F,營建工程業,4,政府機關及公、私立學校之員工,1,False,4,129,0,0,39104.65
2020-12,F,營建工程業,5,公司、行號員工,1,True,1882,14292,519,582,31286.48
2020-12,F,營建工程業,8,新聞、文化、公益及合作事業之員工,1,True,1,1,0,0,36300.0
2021-12,F,營建工程業,1,產業勞工及交通公用事業之員工,1,True,6248,36797,2086,2086,31557.3
2021-12,F,營建工程業,2,職業勞工,2,False,30,40816,430,548,27728.38
2021-12,F,營建工程業,4,政府機關及公、私立學校之員工,1,False,4,125,0,1,34792.0
2021-12,F,營建工程業,5,公司、行號員工,1,True,1817,14364,545,620,31637.85
2021-12,F,營建工程業,8,新聞、文化、公益及合作事業之員工,1,True,1,7,0,0,10328.57
2022-12,F,營建工程業,1,產業勞工及交通公用事業之員工,1,True,6658,38697,2109,2062,32473.23
2022-12,F,營建工程業,2,職業勞工,2,False,30,39516,357,552,28684.56
2022-12,F,營建工程業,4,政府機關及公、私立學校之員工,1,False,4,127,1,2,34983.46
2022-12,F,營建工程業,5,公司、行號員工,1,True,1741,13348,456,537,32849.79
2022-12,F,營建工程業,8,新聞、文化、公益及合作事業之員工,1,True,1,7,0,0,14771.42
2023-12,F,營建工程業,1,產業勞工及交通公用事業之員工,1,True,7151,43053,2486,2444,32977.83
2023-12,F,營建工程業,2,職業勞工,2,False,30,38632,304,561,29426.69
2023-12,F,營建工程業,4,政府機關及公、私立學校之員工,1,False,4,97,1,8,39218.55
2023-12,F,營建工程業,5,公司、行號員工,1,True,1700,13340,467,539,33564.56
2023-12,F,營建工程業,8,新聞、文化、公益及合作事業之員工,1,True,1,10,2,1,12850.0
2024-12,F,營建工程業,1,產業勞工及交通公用事業之員工,1,True,7739,48668,2668,2457,33747.6
2024-12,F,營建工程業,2,職業勞工,2,False,30,38045,362,597,30366.22
2024-12,F,營建工程業,4,政府機關及公、私立學校之員工,1,False,4,90,0,4,41685.56
2024-12,F,營建工程業,5,公司、行號員工,1,True,1644,13793,489,485,34672.36
2024-12,F,營建工程業,8,新聞、文化、公益及合作事業之員工,1,True,1,10,0,0,12590.0
2025-12,F,營建工程業,1,產業勞工及交通公用事業之員工,1,True,8293,53303,2975,2747,34511.96
2025-12,F,營建工程業,2,職業勞工,2,False,30,36875,368,718,31229.43
2025-12,F,營建工程業,4,政府機關及公、私立學校之員工,1,False,4,79,0,2,42992.41
2025-12,F,營建工程業,5,公司、行號員工,1,True,1602,14044,523,517,35444.73
2025-12,F,營建工程業,8,新聞、文化、公益及合作事業之員工,1,True,1,12,1,0,15566.67
2018-12,G,批發及零售業,1,產業勞工及交通公用事業之員工,1,True,157,2628,39,45,34035.36
2018-12,G,批發及零售業,2,職業勞工,2,False,18,10995,159,157,25039.79
2018-12,G,批發及零售業,4,政府機關及公、私立學校之員工,1,False,13,53,0,0,36303.77
2018-12,G,批發及零售業,5,公司、行號員工,1,True,30155,213219,7478,7825,29110.58
2018-12,G,批發及零售業,5,公司、行號員工,2,True,0,0,0,0,0.0
2018-12,G,批發及零售業,7,自願投保者,1,False,8,72,1,0,43901.38
2018-12,G,批發及零售業,8,新聞、文化、公益及合作事業之員工,1,True,59,240,5,1,28456.02
2019-12,G,批發及零售業,1,產業勞工及交通公用事業之員工,1,True,167,2520,27,35,35040.28
2019-12,G,批發及零售業,2,職業勞工,2,False,17,11301,191,211,26014.27
2019-12,G,批發及零售業,4,政府機關及公、私立學校之員工,1,False,12,54,0,0,36716.66
2019-12,G,批發及零售業,5,公司、行號員工,1,True,30228,214611,7102,7449,29793.03
2019-12,G,批發及零售業,7,自願投保者,1,False,8,70,0,0,43722.85
2019-12,G,批發及零售業,8,新聞、文化、公益及合作事業之員工,1,True,55,227,3,8,28648.22
2020-12,G,批發及零售業,1,產業勞工及交通公用事業之員工,1,True,164,2565,44,75,35255.64
2020-12,G,批發及零售業,2,職業勞工,2,False,17,12130,201,205,26521.26
2020-12,G,批發及零售業,4,政府機關及公、私立學校之員工,1,False,12,54,1,0,36457.4
2020-12,G,批發及零售業,5,公司、行號員工,1,True,30557,217759,8977,8730,30180.22
2020-12,G,批發及零售業,7,自願投保者,1,False,8,79,0,0,43144.3
2020-12,G,批發及零售業,8,新聞、文化、公益及合作事業之員工,1,True,58,297,3,7,26494.03
2021-12,G,批發及零售業,1,產業勞工及交通公用事業之員工,1,True,160,2601,39,45,35683.59
2021-12,G,批發及零售業,2,職業勞工,2,False,17,12833,190,201,26707.36
2021-12,G,批發及零售業,4,政府機關及公、私立學校之員工,1,False,12,51,0,0,35186.27
2021-12,G,批發及零售業,5,公司、行號員工,1,True,31244,220021,8166,8389,30549.42
2021-12,G,批發及零售業,7,自願投保者,1,False,7,71,0,0,43633.8
2021-12,G,批發及零售業,8,新聞、文化、公益及合作事業之員工,1,True,57,298,3,1,27386.33
2022-12,G,批發及零售業,1,產業勞工及交通公用事業之員工,1,True,162,2645,88,52,36432.48
2022-12,G,批發及零售業,2,職業勞工,2,False,18,12878,178,195,27845.61
2022-12,G,批發及零售業,4,政府機關及公、私立學校之員工,1,False,12,52,1,1,36512.5
2022-12,G,批發及零售業,5,公司、行號員工,1,True,31482,216703,7448,7712,31568.43
2022-12,G,批發及零售業,7,自願投保者,1,False,8,83,3,3,43956.62
2022-12,G,批發及零售業,8,新聞、文化、公益及合作事業之員工,1,True,57,326,15,5,27681.03
2023-12,G,批發及零售業,1,產業勞工及交通公用事業之員工,1,True,162,2660,41,43,37591.2
2023-12,G,批發及零售業,2,職業勞工,2,False,18,12947,150,242,28785.66
2023-12,G,批發及零售業,4,政府機關及公、私立學校之員工,1,False,12,52,0,0,37288.46
2023-12,G,批發及零售業,5,公司、行號員工,1,True,31758,216523,7775,8153,32431.42
2023-12,G,批發及零售業,7,自願投保者,1,False,8,84,0,0,43548.9
2023-12,G,批發及零售業,8,新聞、文化、公益及合作事業之員工,1,True,59,341,19,5,28509.41
2024-12,G,批發及零售業,1,產業勞工及交通公用事業之員工,1,True,156,2720,52,50,38126.2
2024-12,G,批發及零售業,2,職業勞工,2,False,18,12871,134,245,29871.61
2024-12,G,批發及零售業,4,政府機關及公、私立學校之員工,1,False,12,50,0,0,38323.6
2024-12,G,批發及零售業,5,公司、行號員工,1,True,31987,218580,7742,7739,33299.35
2024-12,G,批發及零售業,7,自願投保者,1,False,8,76,0,0,44671.05
2024-12,G,批發及零售業,8,新聞、文化、公益及合作事業之員工,1,True,61,418,18,17,28403.81
2025-12,G,批發及零售業,1,產業勞工及交通公用事業之員工,1,True,154,2630,42,69,39143.47
2025-12,G,批發及零售業,2,職業勞工,2,False,18,12777,179,250,30914.35
2025-12,G,批發及零售業,4,政府機關及公、私立學校之員工,1,False,12,49,0,0,39275.51
2025-12,G,批發及零售業,5,公司、行號員工,1,True,32097,217604,7909,8362,34134.81
2025-12,G,批發及零售業,7,自願投保者,1,False,8,78,2,1,44842.31
2025-12,G,批發及零售業,8,新聞、文化、公益及合作事業之員工,1,True,61,470,31,11,28182.91
2018-12,H,運輸及倉儲業,1,產業勞工及交通公用事業之員工,1,True,900,12868,432,556,33878.93
2018-12,H,運輸及倉儲業,2,職業勞工,2,False,38,17170,150,200,27920.54
2018-12,H,運輸及倉儲業,4,政府機關及公、私立學校之員工,1,False,1,38,0,0,41815.78
2018-12,H,運輸及倉儲業,5,公司、行號員工,1,True,258,3532,69,94,31839.3
2018-12,H,運輸及倉儲業,7,自願投保者,1,False,1,27,0,0,45055.55
2019-12,H,運輸及倉儲業,1,產業勞工及交通公用事業之員工,1,True,936,12061,394,356,34778.11
2019-12,H,運輸及倉儲業,2,職業勞工,2,False,38,17006,191,229,28518.15
2019-12,H,運輸及倉儲業,4,政府機關及公、私立學校之員工,1,False,1,37,0,1,43183.78
2019-12,H,運輸及倉儲業,5,公司、行號員工,1,True,252,3520,106,107,32501.3
2019-12,H,運輸及倉儲業,7,自願投保者,1,False,1,24,0,1,45075.0
2020-12,H,運輸及倉儲業,1,產業勞工及交通公用事業之員工,1,True,956,12593,413,393,35126.26
2020-12,H,運輸及倉儲業,2,職業勞工,2,False,37,17646,260,294,28575.75
2020-12,H,運輸及倉儲業,4,政府機關及公、私立學校之員工,1,False,1,37,0,0,42700.0
2020-12,H,運輸及倉儲業,5,公司、行號員工,1,True,245,3458,92,112,32881.43
2020-12,H,運輸及倉儲業,7,自願投保者,1,False,1,29,0,0,45200.0
2020-12,H,運輸及倉儲業,8,新聞、文化、公益及合作事業之員工,1,True,1,1,0,0,27600.0
2021-12,H,運輸及倉儲業,1,產業勞工及交通公用事業之員工,1,True,986,12694,421,413,35651.79
2021-12,H,運輸及倉儲業,2,職業勞工,2,False,37,18799,271,354,28410.38
2021-12,H,運輸及倉儲業,4,政府機關及公、私立學校之員工,1,False,1,35,0,0,42968.57
2021-12,H,運輸及倉儲業,5,公司、行號員工,1,True,238,3403,113,88,33599.91
2021-12,H,運輸及倉儲業,7,自願投保者,1,False,1,28,0,0,45246.42
2021-12,H,運輸及倉儲業,8,新聞、文化、公益及合作事業之員工,1,True,2,2,0,0,28950.0
2022-12,H,運輸及倉儲業,1,產業勞工及交通公用事業之員工,1,True,995,12038,321,299,36736.67
2022-12,H,運輸及倉儲業,2,職業勞工,2,False,38,18076,188,294,29466.34
2022-12,H,運輸及倉儲業,4,政府機關及公、私立學校之員工,1,False,1,38,0,1,42197.36
2022-12,H,運輸及倉儲業,5,公司、行號員工,1,True,226,3188,69,78,34392.78
2022-12,H,運輸及倉儲業,7,自願投保者,1,False,2,25,1,0,42274.0
2022-12,H,運輸及倉儲業,8,新聞、文化、公益及合作事業之員工,1,True,2,2,0,0,28350.0
2023-12,H,運輸及倉儲業,1,產業勞工及交通公用事業之員工,1,True,1019,12165,321,407,37169.75
2023-12,H,運輸及倉儲業,2,職業勞工,2,False,38,17756,182,311,30230.05
2023-12,H,運輸及倉儲業,4,政府機關及公、私立學校之員工,1,False,1,40,2,0,43457.5
2023-12,H,運輸及倉儲業,5,公司、行號員工,1,True,216,3151,77,80,35337.39
2023-12,H,運輸及倉儲業,7,自願投保者,1,False,1,21,0,0,44700.0
2023-12,H,運輸及倉儲業,8,新聞、文化、公益及合作事業之員工,1,True,2,2,0,0,28350.0
2024-12,H,運輸及倉儲業,1,產業勞工及交通公用事業之員工,1,True,1026,12331,478,356,37916.86
2024-12,H,運輸及倉儲業,2,職業勞工,2,False,38,17604,148,308,31084.06
2024-12,H,運輸及倉儲業,4,政府機關及公、私立學校之員工,1,False,1,36,0,2,44502.78
2024-12,H,運輸及倉儲業,5,公司、行號員工,1,True,211,3209,113,101,36272.7
2024-12,H,運輸及倉儲業,7,自願投保者,1,False,1,23,0,0,44878.26
2024-12,H,運輸及倉儲業,8,新聞、文化、公益及合作事業之員工,1,True,2,2,0,0,28950.0
2025-12,H,運輸及倉儲業,1,產業勞工及交通公用事業之員工,1,True,1031,12474,388,394,38568.61
2025-12,H,運輸及倉儲業,2,職業勞工,2,False,38,17174,186,302,31933.62
2025-12,H,運輸及倉儲業,4,政府機關及公、私立學校之員工,1,False,1,38,1,3,44463.16
2025-12,H,運輸及倉儲業,5,公司、行號員工,1,True,208,3115,61,104,37218.83
2025-12,H,運輸及倉儲業,7,自願投保者,1,False,1,23,0,0,45386.96
2025-12,H,運輸及倉儲業,8,新聞、文化、公益及合作事業之員工,1,True,2,2,0,0,30300.0
2018-12,I,住宿及餐飲業,1,產業勞工及交通公用事業之員工,1,True,6,68,13,8,30438.23
2018-12,I,住宿及餐飲業,2,職業勞工,2,False,11,12540,110,201,25790.15
2018-12,I,住宿及餐飲業,5,公司、行號員工,1,True,4516,48926,7254,7148,24537.92
2019-12,I,住宿及餐飲業,1,產業勞工及交通公用事業之員工,1,True,11,115,22,7,27821.27
2019-12,I,住宿及餐飲業,2,職業勞工,2,False,11,12553,165,207,26587.19
2019-12,I,住宿及餐飲業,5,公司、行號員工,1,True,4792,51422,8163,8011,25019.27
2020-12,I,住宿及餐飲業,1,產業勞工及交通公用事業之員工,1,True,12,122,8,8,26091.8
2020-12,I,住宿及餐飲業,2,職業勞工,2,False,11,13078,182,253,26975.82
2020-12,I,住宿及餐飲業,5,公司、行號員工,1,True,5059,52079,8958,8500,25292.49
2021-12,I,住宿及餐飲業,1,產業勞工及交通公用事業之員工,1,True,14,101,6,6,26712.87
2021-12,I,住宿及餐飲業,2,職業勞工,2,False,11,13447,132,203,27057.32
2021-12,I,住宿及餐飲業,5,公司、行號員工,1,True,5409,52943,8720,7795,25472.07
2022-12,I,住宿及餐飲業,1,產業勞工及交通公用事業之員工,1,True,10,82,1,0,30041.46
2022-12,I,住宿及餐飲業,2,職業勞工,2,False,11,13220,108,194,28047.77
2022-12,I,住宿及餐飲業,5,公司、行號員工,1,True,5765,56563,9422,8718,26603.32
2023-12,I,住宿及餐飲業,1,產業勞工及交通公用事業之員工,1,True,8,83,1,3,33488.04
2023-12,I,住宿及餐飲業,2,職業勞工,2,False,11,13025,113,187,28940.46
2023-12,I,住宿及餐飲業,5,公司、行號員工,1,True,6108,61946,10315,10517,27548.85
2024-12,I,住宿及餐飲業,1,產業勞工及交通公用事業之員工,1,True,7,80,2,5,34903.63
2024-12,I,住宿及餐飲業,2,職業勞工,2,False,11,12825,101,245,29925.98
2024-12,I,住宿及餐飲業,5,公司、行號員工,1,True,6533,64471,9594,9642,28307.6
2025-12,I,住宿及餐飲業,1,產業勞工及交通公用事業之員工,1,True,7,91,2,1,34886.68
2025-12,I,住宿及餐飲業,2,職業勞工,2,False,11,12473,105,242,30857.21
2025-12,I,住宿及餐飲業,5,公司、行號員工,1,True,6973,68013,9216,8766,28678.1
2018-12,J,出版影音及資通訊業,1,產業勞工及交通公用事業之員工,1,True,8,1880,13,52,45213.9
2018-12,J,出版影音及資通訊業,2,職業勞工,2,False,13,2865,31,69,24511.02
2018-12,J,出版影音及資通訊業,5,公司、行號員工,1,True,1182,13774,653,738,32934.67
2018-12,J,出版影音及資通訊業,8,新聞、文化、公益及合作事業之員工,1,True,127,1284,60,94,34322.76
2019-12,J,出版影音及資通訊業,1,產業勞工及交通公用事業之員工,1,True,8,1793,31,60,44906.1
2019-12,J,出版影音及資通訊業,2,職業勞工,2,False,13,2967,34,50,25280.85
2019-12,J,出版影音及資通訊業,5,公司、行號員工,1,True,1248,14972,744,1146,34049.12
2019-12,J,出版影音及資通訊業,8,新聞、文化、公益及合作事業之員工,1,True,130,1311,53,47,34922.43
2020-12,J,出版影音及資通訊業,1,產業勞工及交通公用事業之員工,1,True,9,1923,47,86,44382.25
2020-12,J,出版影音及資通訊業,2,職業勞工,2,False,14,3195,73,74,25685.72
2020-12,J,出版影音及資通訊業,5,公司、行號員工,1,True,1321,15087,1048,1284,35002.37
2020-12,J,出版影音及資通訊業,8,新聞、文化、公益及合作事業之員工,1,True,125,1233,33,48,35794.33
2021-12,J,出版影音及資通訊業,1,產業勞工及交通公用事業之員工,1,True,10,1840,29,87,44421.9
2021-12,J,出版影音及資通訊業,2,職業勞工,2,False,14,3699,66,80,25692.53
2021-12,J,出版影音及資通訊業,5,公司、行號員工,1,True,1397,15821,660,742,36010.55
2021-12,J,出版影音及資通訊業,8,新聞、文化、公益及合作事業之員工,1,True,127,1240,47,57,35633.06
2022-12,J,出版影音及資通訊業,1,產業勞工及交通公用事業之員工,1,True,11,1863,6,81,44183.41
2022-12,J,出版影音及資通訊業,2,職業勞工,2,False,14,3808,58,103,26794.86
2022-12,J,出版影音及資通訊業,5,公司、行號員工,1,True,1433,15662,581,767,37187.45
2022-12,J,出版影音及資通訊業,8,新聞、文化、公益及合作事業之員工,1,True,125,1179,44,50,36724.21
2023-12,J,出版影音及資通訊業,1,產業勞工及交通公用事業之員工,1,True,10,1824,14,80,44493.12
2023-12,J,出版影音及資通訊業,2,職業勞工,2,False,14,4091,69,89,27787.16
2023-12,J,出版影音及資通訊業,5,公司、行號員工,1,True,1481,14866,676,870,37661.6
2023-12,J,出版影音及資通訊業,8,新聞、文化、公益及合作事業之員工,1,True,117,1131,44,40,36933.09
2024-12,J,出版影音及資通訊業,1,產業勞工及交通公用事業之員工,1,True,9,1760,2,57,44931.8
2024-12,J,出版影音及資通訊業,2,職業勞工,2,False,14,4228,48,85,28808.13
2024-12,J,出版影音及資通訊業,5,公司、行號員工,1,True,1492,15012,550,652,38448.02
2024-12,J,出版影音及資通訊業,8,新聞、文化、公益及合作事業之員工,1,True,109,1189,17,49,37333.06
2025-12,J,出版影音及資通訊業,1,產業勞工及交通公用事業之員工,1,True,9,1713,8,57,45061.73
2025-12,J,出版影音及資通訊業,2,職業勞工,2,False,14,4131,53,89,29827.09
2025-12,J,出版影音及資通訊業,5,公司、行號員工,1,True,1520,14709,597,915,39301.26
2025-12,J,出版影音及資通訊業,8,新聞、文化、公益及合作事業之員工,1,True,111,1112,28,27,38515.6
2018-12,K,金融及保險業,1,產業勞工及交通公用事業之員工,1,True,2,4,0,0,28400.0
2018-12,K,金融及保險業,2,職業勞工,2,False,6,4143,59,89,24996.3
2018-12,K,金融及保險業,4,政府機關及公、私立學校之員工,1,False,80,3175,40,26,44926.61
2018-12,K,金融及保險業,5,公司、行號員工,1,True,674,19569,250,367,39862.79
2018-12,K,金融及保險業,7,自願投保者,1,False,10,18,0,0,30082.22
2018-12,K,金融及保險業,8,新聞、文化、公益及合作事業之員工,1,True,6,1513,3,11,42434.17
2019-12,K,金融及保險業,1,產業勞工及交通公用事業之員工,1,True,2,5,0,0,25440.0
2019-12,K,金融及保險業,2,職業勞工,2,False,6,4380,88,75,25822.07
2019-12,K,金融及保險業,4,政府機關及公、私立學校之員工,1,False,80,3224,32,20,44878.93
2019-12,K,金融及保險業,5,公司、行號員工,1,True,722,19150,146,154,40631.27
2019-12,K,金融及保險業,7,自願投保者,1,False,10,18,0,0,30582.22
2019-12,K,金融及保險業,8,新聞、文化、公益及合作事業之員工,1,True,6,1526,4,11,42380.79
2020-12,K,金融及保險業,1,產業勞工及交通公用事業之員工,1,True,2,3,0,0,27466.66
2020-12,K,金融及保險業,2,職業勞工,2,False,6,4764,80,68,26249.74
2020-12,K,金融及保險業,4,政府機關及公、私立學校之員工,1,False,80,3227,10,13,45001.17
2020-12,K,金融及保險業,5,公司、行號員工,1,True,761,19238,212,198,40877.16
2020-12,K,金融及保險業,7,自願投保者,1,False,10,16,0,0,31571.25
2020-12,K,金融及保險業,8,新聞、文化、公益及合作事業之員工,1,True,7,1575,8,8,42585.52
2021-12,K,金融及保險業,1,產業勞工及交通公用事業之員工,1,True,3,4,0,0,32150.0
2021-12,K,金融及保險業,2,職業勞工,2,False,6,4940,47,59,26441.72
2021-12,K,金融及保險業,4,政府機關及公、私立學校之員工,1,False,80,3253,28,23,44927.09
2021-12,K,金融及保險業,5,公司、行號員工,1,True,799,19237,141,195,40879.01
2021-12,K,金融及保險業,7,自願投保者,1,False,11,17,1,1,30316.47
2021-12,K,金融及保險業,8,新聞、文化、公益及合作事業之員工,1,True,7,1626,12,10,41844.89
2022-12,K,金融及保險業,1,產業勞工及交通公用事業之員工,1,True,3,6,0,0,32741.66
2022-12,K,金融及保險業,2,職業勞工,2,False,6,4357,45,63,27639.0
2022-12,K,金融及保險業,4,政府機關及公、私立學校之員工,1,False,80,3262,27,18,45115.74
2022-12,K,金融及保險業,5,公司、行號員工,1,True,831,19269,153,155,41179.98
2022-12,K,金融及保險業,7,自願投保者,1,False,11,20,0,0,29779.0
2022-12,K,金融及保險業,8,新聞、文化、公益及合作事業之員工,1,True,7,1629,5,9,42523.78
2023-12,K,金融及保險業,1,產業勞工及交通公用事業之員工,1,True,3,6,0,0,33316.66
2023-12,K,金融及保險業,2,職業勞工,2,False,6,4387,57,55,28561.61
2023-12,K,金融及保險業,4,政府機關及公、私立學校之員工,1,False,80,8152,27,30,45222.73
2023-12,K,金融及保險業,5,公司、行號員工,1,True,867,14628,221,227,40323.54
2023-12,K,金融及保險業,7,自願投保者,1,False,11,20,0,0,32222.0
2023-12,K,金融及保險業,8,新聞、文化、公益及合作事業之員工,1,True,7,1655,9,9,42733.59
2024-12,K,金融及保險業,1,產業勞工及交通公用事業之員工,1,True,1,2,0,0,45800.0
2024-12,K,金融及保險業,2,職業勞工,2,False,6,4443,56,52,29473.63
2024-12,K,金融及保險業,4,政府機關及公、私立學校之員工,1,False,80,8248,31,32,45427.8
2024-12,K,金融及保險業,5,公司、行號員工,1,True,915,14409,172,183,41037.17
2024-12,K,金融及保險業,7,自願投保者,1,False,10,19,0,0,32775.79
2024-12,K,金融及保險業,8,新聞、文化、公益及合作事業之員工,1,True,7,1682,11,22,42922.29
2025-12,K,金融及保險業,1,產業勞工及交通公用事業之員工,1,True,3,8,4,0,40523.75
2025-12,K,金融及保險業,2,職業勞工,2,False,6,4545,65,58,30401.4
2025-12,K,金融及保險業,4,政府機關及公、私立學校之員工,1,False,79,8430,72,87,45411.28
2025-12,K,金融及保險業,5,公司、行號員工,1,True,953,14458,187,174,41795.13
2025-12,K,金融及保險業,7,自願投保者,1,False,13,20,1,0,31157.0
2025-12,K,金融及保險業,8,新聞、文化、公益及合作事業之員工,1,True,7,1686,6,18,43303.2
2018-12,L,不動產業,1,產業勞工及交通公用事業之員工,1,True,12,257,4,5,35930.73
2018-12,L,不動產業,2,職業勞工,2,False,9,4395,95,99,24811.92
2018-12,L,不動產業,5,公司、行號員工,1,True,2376,13794,662,663,29780.43
2018-12,L,不動產業,7,自願投保者,1,False,29,225,5,4,32034.66
2019-12,L,不動產業,1,產業勞工及交通公用事業之員工,1,True,13,263,8,6,36460.38
2019-12,L,不動產業,2,職業勞工,2,False,10,4683,141,109,25600.21
2019-12,L,不動產業,5,公司、行號員工,1,True,2516,14532,677,776,30610.73
2019-12,L,不動產業,7,自願投保者,1,False,31,219,4,3,32654.79
2020-12,L,不動產業,1,產業勞工及交通公用事業之員工,1,True,14,257,5,15,36923.89
2020-12,L,不動產業,2,職業勞工,2,False,10,5251,113,126,25871.49
2020-12,L,不動產業,5,公司、行號員工,1,True,2731,15318,798,688,31119.93
2020-12,L,不動產業,7,自願投保者,1,False,29,223,3,6,33094.61
2021-12,L,不動產業,1,產業勞工及交通公用事業之員工,1,True,16,239,5,2,37509.79
2021-12,L,不動產業,2,職業勞工,2,False,10,5986,178,123,25865.05
2021-12,L,不動產業,5,公司、行號員工,1,True,2884,15388,706,788,31814.09
2021-12,L,不動產業,7,自願投保者,1,False,30,238,9,9,32858.4
2022-12,L,不動產業,1,產業勞工及交通公用事業之員工,1,True,15,242,6,0,38230.53
2022-12,L,不動產業,2,職業勞工,2,False,10,6369,125,223,26840.12
2022-12,L,不動產業,5,公司、行號員工,1,True,3013,14608,613,614,33208.25
2022-12,L,不動產業,7,自願投保者,1,False,30,247,5,4,33766.99
2023-12,L,不動產業,1,產業勞工及交通公用事業之員工,1,True,15,194,17,12,36901.54
2023-12,L,不動產業,2,職業勞工,2,False,10,6525,126,121,27823.95
2023-12,L,不動產業,5,公司、行號員工,1,True,3097,14841,687,727,34244.99
2023-12,L,不動產業,7,自願投保者,1,False,31,270,5,1,34542.94
2024-12,L,不動產業,1,產業勞工及交通公用事業之員工,1,True,15,215,13,15,37488.0
2024-12,L,不動產業,2,職業勞工,2,False,10,6963,109,193,28787.81
2024-12,L,不動產業,5,公司、行號員工,1,True,3213,15208,642,823,35208.23
2024-12,L,不動產業,7,自願投保者,1,False,30,266,1,1,35715.85
2025-12,L,不動產業,1,產業勞工及交通公用事業之員工,1,True,14,180,10,9,38572.78
2025-12,L,不動產業,2,職業勞工,2,False,10,6641,79,215,29880.95
2025-12,L,不動產業,5,公司、行號員工,1,True,3181,14642,614,891,36357.27
2025-12,L,不動產業,7,自願投保者,1,False,31,262,5,2,37061.26
2018-12,M,專業、科學及技術服務業,1,產業勞工及交通公用事業之員工,1,True,25,212,28,25,34237.73
2018-12,M,專業、科學及技術服務業,2,職業勞工,2,False,19,6031,74,86,26030.49
2018-12,M,專業、科學及技術服務業,4,政府機關及公、私立學校之員工,1,False,3,105,2,6,30858.09
2018-12,M,專業、科學及技術服務業,5,公司、行號員工,1,True,3310,23901,1581,1735,29768.64
2018-12,M,專業、科學及技術服務業,7,自願投保者,1,False,1917,9559,209,235,31134.15
2018-12,M,專業、科學及技術服務業,7,自願投保者,2,False,0,0,0,4,0.0
2018-12,M,專業、科學及技術服務業,8,新聞、文化、公益及合作事業之員工,1,True,20,845,17,77,40767.51
2019-12,M,專業、科學及技術服務業,1,產業勞工及交通公用事業之員工,1,True,28,250,20,18,33968.0
2019-12,M,專業、科學及技術服務業,2,職業勞工,2,False,20,6184,79,78,26685.3
2019-12,M,專業、科學及技術服務業,4,政府機關及公、私立學校之員工,1,False,3,194,0,13,31197.42
2019-12,M,專業、科學及技術服務業,5,公司、行號員工,1,True,3394,25031,1430,1728,30519.23
2019-12,M,專業、科學及技術服務業,7,自願投保者,1,False,1971,9925,271,242,31847.11
2019-12,M,專業、科學及技術服務業,7,自願投保者,2,False,1,1,0,2,30300.0
2019-12,M,專業、科學及技術服務業,8,新聞、文化、公益及合作事業之員工,1,True,23,840,23,41,40899.32
2020-12,M,專業、科學及技術服務業,1,產業勞工及交通公用事業之員工,1,True,30,270,22,29,33756.69
2020-12,M,專業、科學及技術服務業,2,職業勞工,2,False,20,6525,90,101,27097.77
2020-12,M,專業、科學及技術服務業,4,政府機關及公、私立學校之員工,1,False,3,332,3,9,30018.67
2020-12,M,專業、科學及技術服務業,5,公司、行號員工,1,True,3574,25990,1318,1378,31111.21
2020-12,M,專業、科學及技術服務業,7,自願投保者,1,False,2038,10471,285,325,32195.24
2020-12,M,專業、科學及技術服務業,7,自願投保者,2,False,1,2,2,7,23900.0
2020-12,M,專業、科學及技術服務業,8,新聞、文化、公益及合作事業之員工,1,True,24,849,10,31,40792.07
2021-12,M,專業、科學及技術服務業,1,產業勞工及交通公用事業之員工,1,True,29,253,20,23,35260.23
2021-12,M,專業、科學及技術服務業,2,職業勞工,2,False,20,6834,63,95,27183.04
2021-12,M,專業、科學及技術服務業,4,政府機關及公、私立學校之員工,1,False,3,341,3,12,29725.51
2021-12,M,專業、科學及技術服務業,5,公司、行號員工,1,True,3740,25807,1195,1467,31992.92
2021-12,M,專業、科學及技術服務業,7,自願投保者,1,False,2088,10993,275,273,32645.51
2021-12,M,專業、科學及技術服務業,7,自願投保者,2,False,0,0,0,12,0.0
2021-12,M,專業、科學及技術服務業,8,新聞、文化、公益及合作事業之員工,1,True,26,826,10,45,41798.03
2022-12,M,專業、科學及技術服務業,1,產業勞工及交通公用事業之員工,1,True,31,277,25,25,35938.95
2022-12,M,專業、科學及技術服務業,2,職業勞工,2,False,20,6511,72,106,28179.13
2022-12,M,專業、科學及技術服務業,4,政府機關及公、私立學校之員工,1,False,3,336,1,14,30908.63
2022-12,M,專業、科學及技術服務業,5,公司、行號員工,1,True,3827,26449,1254,1323,32717.51
2022-12,M,專業、科學及技術服務業,7,自願投保者,1,False,2128,11198,274,244,33699.02
2022-12,M,專業、科學及技術服務業,7,自願投保者,2,False,1,7,0,0,22551.0
2022-12,M,專業、科學及技術服務業,8,新聞、文化、公益及合作事業之員工,1,True,27,842,23,36,42357.43
2023-12,M,專業、科學及技術服務業,1,產業勞工及交通公用事業之員工,1,True,32,290,13,17,36796.13
2023-12,M,專業、科學及技術服務業,2,職業勞工,2,False,21,6423,54,112,29256.21
2023-12,M,專業、科學及技術服務業,4,政府機關及公、私立學校之員工,1,False,3,325,2,9,31750.27
2023-12,M,專業、科學及技術服務業,5,公司、行號員工,1,True,4003,27073,1242,1488,33556.83
2023-12,M,專業、科學及技術服務業,7,自願投保者,1,False,2124,11349,252,279,34702.01
2023-12,M,專業、科學及技術服務業,7,自願投保者,2,False,1,1,0,0,26400.0
2023-12,M,專業、科學及技術服務業,8,新聞、文化、公益及合作事業之員工,1,True,27,882,18,17,42612.29
2024-12,M,專業、科學及技術服務業,1,產業勞工及交通公用事業之員工,1,True,30,284,20,18,37369.51
2024-12,M,專業、科學及技術服務業,2,職業勞工,2,False,22,6407,68,141,30205.77
2024-12,M,專業、科學及技術服務業,4,政府機關及公、私立學校之員工,1,False,3,316,0,8,33384.21
2024-12,M,專業、科學及技術服務業,5,公司、行號員工,1,True,4161,27687,1253,1550,34595.3
2024-12,M,專業、科學及技術服務業,7,自願投保者,1,False,2171,11598,311,336,35613.27
2024-12,M,專業、科學及技術服務業,7,自願投保者,2,False,1,2,0,1,27470.0
2024-12,M,專業、科學及技術服務業,8,新聞、文化、公益及合作事業之員工,1,True,25,880,11,24,43049.44
2025-12,M,專業、科學及技術服務業,1,產業勞工及交通公用事業之員工,1,True,32,298,14,25,38760.27
2025-12,M,專業、科學及技術服務業,2,職業勞工,2,False,22,6065,40,135,31245.2
2025-12,M,專業、科學及技術服務業,4,政府機關及公、私立學校之員工,1,False,3,320,1,13,36761.88
2025-12,M,專業、科學及技術服務業,5,公司、行號員工,1,True,4345,28855,1446,1510,35634.54
2025-12,M,專業、科學及技術服務業,7,自願投保者,1,False,2237,11685,261,316,36415.67
2025-12,M,專業、科學及技術服務業,7,自願投保者,2,False,1,2,0,4,25845.0
2025-12,M,專業、科學及技術服務業,8,新聞、文化、公益及合作事業之員工,1,True,26,881,25,27,43479.86
2018-12,N,支援服務業,1,產業勞工及交通公用事業之員工,1,True,1184,18899,1850,2910,25233.62
2018-12,N,支援服務業,2,職業勞工,2,False,20,12816,258,371,25645.21
2018-12,N,支援服務業,5,公司、行號員工,1,True,924,19366,1960,3500,26843.01
2018-12,N,支援服務業,7,自願投保者,1,False,242,1693,68,55,36492.86
2018-12,N,支援服務業,8,新聞、文化、公益及合作事業之員工,1,True,4,33,1,1,16937.24
2019-12,N,支援服務業,1,產業勞工及交通公用事業之員工,1,True,1258,19884,2040,3196,26076.19
2019-12,N,支援服務業,2,職業勞工,2,False,22,12943,297,455,26490.45
2019-12,N,支援服務業,5,公司、行號員工,1,True,900,18346,1250,2528,27826.4
2019-12,N,支援服務業,7,自願投保者,1,False,248,1703,51,96,37058.26
2019-12,N,支援服務業,8,新聞、文化、公益及合作事業之員工,1,True,4,37,0,0,17162.7
2020-12,N,支援服務業,1,產業勞工及交通公用事業之員工,1,True,1282,20524,2317,3013,26631.68
2020-12,N,支援服務業,2,職業勞工,2,False,22,13948,443,511,26744.63
2020-12,N,支援服務業,5,公司、行號員工,1,True,879,17043,1324,2911,28512.68
2020-12,N,支援服務業,7,自願投保者,1,False,241,1581,47,58,36871.33
2020-12,N,支援服務業,8,新聞、文化、公益及合作事業之員工,1,True,5,80,4,1,18255.25
2021-12,N,支援服務業,1,產業勞工及交通公用事業之員工,1,True,1358,20719,2221,3074,25880.23
2021-12,N,支援服務業,2,職業勞工,2,False,22,15153,407,409,26741.3
2021-12,N,支援服務業,5,公司、行號員工,1,True,863,16688,1104,2307,28568.92
2021-12,N,支援服務業,7,自願投保者,1,False,233,1598,91,100,36800.94
2021-12,N,支援服務業,8,新聞、文化、公益及合作事業之員工,1,True,5,80,1,2,19005.33
2022-12,N,支援服務業,1,產業勞工及交通公用事業之員工,1,True,1414,19017,2426,3582,27945.52
2022-12,N,支援服務業,2,職業勞工,2,False,22,14456,327,445,27937.37
2022-12,N,支援服務業,5,公司、行號員工,1,True,829,14237,1121,2015,30451.43
2022-12,N,支援服務業,7,自願投保者,1,False,219,1390,22,27,38281.86
2022-12,N,支援服務業,8,新聞、文化、公益及合作事業之員工,1,True,7,88,3,1,20366.86
2023-12,N,支援服務業,1,產業勞工及交通公用事業之員工,1,True,1540,20654,2368,3044,29053.51
2023-12,N,支援服務業,2,職業勞工,2,False,23,13874,308,402,28941.48
2023-12,N,支援服務業,5,公司、行號員工,1,True,807,15205,1100,2111,31507.04
2023-12,N,支援服務業,7,自願投保者,1,False,212,1295,15,16,39501.91
2023-12,N,支援服務業,8,新聞、文化、公益及合作事業之員工,1,True,7,123,2,3,24683.54
2024-12,N,支援服務業,1,產業勞工及交通公用事業之員工,1,True,1629,22793,2806,3844,29958.34
2024-12,N,支援服務業,2,職業勞工,2,False,23,14295,392,458,29867.54
2024-12,N,支援服務業,5,公司、行號員工,1,True,798,15551,1021,1746,32706.43
2024-12,N,支援服務業,7,自願投保者,1,False,197,1167,19,41,40005.39
2024-12,N,支援服務業,8,新聞、文化、公益及合作事業之員工,1,True,6,124,8,74,23887.56
2025-12,N,支援服務業,1,產業勞工及交通公用事業之員工,1,True,1671,26591,3955,4801,31621.11
2025-12,N,支援服務業,2,職業勞工,2,False,23,13704,299,422,30924.49
2025-12,N,支援服務業,5,公司、行號員工,1,True,779,15458,1117,1969,33724.02
2025-12,N,支援服務業,7,自願投保者,1,False,186,1125,25,36,40559.17
2025-12,N,支援服務業,8,新聞、文化、公益及合作事業之員工,1,True,8,151,7,41,25751.19
2018-12,O,公共行政及國防；強制性社會安全,1,產業勞工及交通公用事業之員工,1,True,2,4162,3,344,40923.83
2018-12,O,公共行政及國防；強制性社會安全,4,政府機關及公、私立學校之員工,1,False,226,8799,73,563,32873.0
2019-12,O,公共行政及國防；強制性社會安全,1,產業勞工及交通公用事業之員工,1,True,2,4198,4,355,40985.08
2019-12,O,公共行政及國防；強制性社會安全,4,政府機關及公、私立學校之員工,1,False,228,9089,111,385,33075.24
2020-12,O,公共行政及國防；強制性社會安全,1,產業勞工及交通公用事業之員工,1,True,2,4219,2,258,41397.98
2020-12,O,公共行政及國防；強制性社會安全,4,政府機關及公、私立學校之員工,1,False,224,9472,136,426,32906.28
2020-12,O,公共行政及國防；強制性社會安全,7,自願投保者,1,False,1,303,0,9,38521.12
2021-12,O,公共行政及國防；強制性社會安全,1,產業勞工及交通公用事業之員工,1,True,2,4413,19,228,39503.68
2021-12,O,公共行政及國防；強制性社會安全,4,政府機關及公、私立學校之員工,1,False,223,10564,206,494,31184.8
2021-12,O,公共行政及國防；強制性社會安全,7,自願投保者,1,False,1,306,1,3,38839.21
2022-12,O,公共行政及國防；強制性社會安全,1,產業勞工及交通公用事業之員工,1,True,2,4338,14,103,41488.56
2022-12,O,公共行政及國防；強制性社會安全,4,政府機關及公、私立學校之員工,1,False,224,10539,268,630,32451.93
2022-12,O,公共行政及國防；強制性社會安全,7,自願投保者,1,False,1,320,2,1,40194.06
2023-12,O,公共行政及國防；強制性社會安全,1,產業勞工及交通公用事業之員工,1,True,2,4188,14,77,42446.27
2023-12,O,公共行政及國防；強制性社會安全,4,政府機關及公、私立學校之員工,1,False,223,9624,110,445,35558.27
2023-12,O,公共行政及國防；強制性社會安全,7,自願投保者,1,False,1,311,1,0,40782.63
2024-12,O,公共行政及國防；強制性社會安全,1,產業勞工及交通公用事業之員工,1,True,2,4167,2,15,43993.25
2024-12,O,公共行政及國防；強制性社會安全,4,政府機關及公、私立學校之員工,1,False,226,9741,180,408,36871.53
2024-12,O,公共行政及國防；強制性社會安全,7,自願投保者,1,False,1,301,4,2,41494.68
2025-12,O,公共行政及國防；強制性社會安全,1,產業勞工及交通公用事業之員工,1,True,2,4192,34,7,44245.82
2025-12,O,公共行政及國防；強制性社會安全,4,政府機關及公、私立學校之員工,1,False,227,9891,168,388,38732.14
2025-12,O,公共行政及國防；強制性社會安全,7,自願投保者,1,False,1,300,0,2,42410.67
2018-12,P,教育業,1,產業勞工及交通公用事業之員工,1,True,4,10,2,0,35960.0
2018-12,P,教育業,2,職業勞工,2,False,7,3230,33,39,23957.3
2018-12,P,教育業,4,政府機關及公、私立學校之員工,1,False,417,23080,11014,13307,28647.22
2018-12,P,教育業,5,公司、行號員工,1,True,108,703,47,64,26831.89
2018-12,P,教育業,7,自願投保者,1,False,1477,10988,252,261,26420.52
2018-12,P,教育業,8,新聞、文化、公益及合作事業之員工,1,True,318,5269,93,59,24921.05
2018-12,P,教育業,9,職業訓練機構接受訓練者,2,False,16,1707,295,713,13500.0
2019-12,P,教育業,1,產業勞工及交通公用事業之員工,1,True,3,11,3,0,31609.09
2019-12,P,教育業,2,職業勞工,2,False,7,3262,39,42,25007.72
2019-12,P,教育業,4,政府機關及公、私立學校之員工,1,False,415,23089,13209,16027,29465.61
2019-12,P,教育業,5,公司、行號員工,1,True,140,961,72,67,27285.4
2019-12,P,教育業,7,自願投保者,1,False,1484,11201,313,304,27133.7
2019-12,P,教育業,8,新聞、文化、公益及合作事業之員工,1,True,314,5302,92,119,26560.32
2019-12,P,教育業,9,職業訓練機構接受訓練者,2,False,24,2150,583,535,13500.0
2020-12,P,教育業,1,產業勞工及交通公用事業之員工,1,True,3,12,2,0,34150.0
2020-12,P,教育業,2,職業勞工,2,False,7,3376,33,22,25692.77
2020-12,P,教育業,4,政府機關及公、私立學校之員工,1,False,416,24536,13723,15523,29239.64
2020-12,P,教育業,5,公司、行號員工,1,True,152,1032,105,125,27228.24
2020-12,P,教育業,7,自願投保者,1,False,1500,11597,356,331,27466.2
2020-12,P,教育業,8,新聞、文化、公益及合作事業之員工,1,True,307,5168,82,86,27181.85
2020-12,P,教育業,9,職業訓練機構接受訓練者,2,False,26,2440,686,900,13513.23
2021-12,P,教育業,1,產業勞工及交通公用事業之員工,1,True,5,22,6,5,29472.72
2021-12,P,教育業,2,職業勞工,2,False,9,3570,55,32,25948.82
2021-12,P,教育業,4,政府機關及公、私立學校之員工,1,False,418,25345,13981,16413,29972.75
2021-12,P,教育業,5,公司、行號員工,1,True,165,1183,98,102,28369.59
2021-12,P,教育業,7,自願投保者,1,False,1536,11813,333,367,27733.76
2021-12,P,教育業,8,新聞、文化、公益及合作事業之員工,1,True,302,5031,82,101,28399.57
2021-12,P,教育業,9,職業訓練機構接受訓練者,2,False,21,2052,670,878,13527.36
2022-12,P,教育業,1,產業勞工及交通公用事業之員工,1,True,3,15,3,0,32322.66
2022-12,P,教育業,2,職業勞工,2,False,9,3563,36,37,27140.33
2022-12,P,教育業,4,政府機關及公、私立學校之員工,1,False,421,24598,13200,15820,30896.15
2022-12,P,教育業,5,公司、行號員工,1,True,187,1401,151,139,28108.74
2022-12,P,教育業,7,自願投保者,1,False,1568,11837,360,320,28930.45
2022-12,P,教育業,8,新聞、文化、公益及合作事業之員工,1,True,301,4583,74,89,29881.78
2022-12,P,教育業,9,職業訓練機構接受訓練者,2,False,25,2286,941,825,13578.83
2023-12,P,教育業,1,產業勞工及交通公用事業之員工,1,True,4,18,1,1,35563.33
2023-12,P,教育業,2,職業勞工,2,False,9,3588,34,39,28265.05
2023-12,P,教育業,4,政府機關及公、私立學校之員工,1,False,417,24559,13089,15498,31501.0
2023-12,P,教育業,5,公司、行號員工,1,True,221,1658,162,160,28973.74
2023-12,P,教育業,7,自願投保者,1,False,1562,11894,366,386,29607.67
2023-12,P,教育業,8,新聞、文化、公益及合作事業之員工,1,True,290,4518,94,97,31003.73
2023-12,P,教育業,9,職業訓練機構接受訓練者,2,False,28,2309,695,923,13500.0
2024-12,P,教育業,1,產業勞工及交通公用事業之員工,1,True,5,25,3,1,35270.0
2024-12,P,教育業,2,職業勞工,2,False,9,3682,43,50,29405.76
2024-12,P,教育業,4,政府機關及公、私立學校之員工,1,False,417,25079,12935,15128,32326.91
2024-12,P,教育業,5,公司、行號員工,1,True,245,1722,183,159,29784.32
2024-12,P,教育業,7,自願投保者,1,False,1602,12275,448,431,30413.33
2024-12,P,教育業,8,新聞、文化、公益及合作事業之員工,1,True,283,4369,110,116,33449.71
2024-12,P,教育業,9,職業訓練機構接受訓練者,2,False,26,2234,871,733,13508.19
2025-12,P,教育業,1,產業勞工及交通公用事業之員工,1,True,5,38,2,4,37873.95
2025-12,P,教育業,2,職業勞工,2,False,9,3675,43,38,30552.46
2025-12,P,教育業,4,政府機關及公、私立學校之員工,1,False,420,25040,13244,15523,33145.46
2025-12,P,教育業,5,公司、行號員工,1,True,274,1956,173,213,30552.97
2025-12,P,教育業,7,自願投保者,1,False,1614,12383,440,479,31114.54
2025-12,P,教育業,8,新聞、文化、公益及合作事業之員工,1,True,273,4369,105,120,34590.46
2025-12,P,教育業,9,職業訓練機構接受訓練者,2,False,28,1583,512,861,13500.0
2018-12,Q,醫療保健及社會工作服務業,2,職業勞工,2,False,11,2031,13,23,27975.77
2018-12,Q,醫療保健及社會工作服務業,4,政府機關及公、私立學校之員工,1,False,37,4625,54,200,40008.51
2018-12,Q,醫療保健及社會工作服務業,5,公司、行號員工,1,True,344,1355,227,107,28873.06
2018-12,Q,醫療保健及社會工作服務業,7,自願投保者,1,False,3010,36766,894,913,32161.28
2018-12,Q,醫療保健及社會工作服務業,8,新聞、文化、公益及合作事業之員工,1,True,535,17509,460,1028,35098.98
2019-12,Q,醫療保健及社會工作服務業,2,職業勞工,2,False,11,2098,28,27,28607.29
2019-12,Q,醫療保健及社會工作服務業,4,政府機關及公、私立學校之員工,1,False,37,4801,59,213,40325.03
2019-12,Q,醫療保健及社會工作服務業,5,公司、行號員工,1,True,366,1526,120,101,29711.51
2019-12,Q,醫療保健及社會工作服務業,7,自願投保者,1,False,3080,38188,921,939,32690.0
2019-12,Q,醫療保健及社會工作服務業,8,新聞、文化、公益及合作事業之員工,1,True,623,19877,610,621,34819.14
2020-12,Q,醫療保健及社會工作服務業,2,職業勞工,2,False,11,2337,32,29,28750.14
2020-12,Q,醫療保健及社會工作服務業,4,政府機關及公、私立學校之員工,1,False,38,5007,50,201,40120.64
2020-12,Q,醫療保健及社會工作服務業,5,公司、行號員工,1,True,380,1551,125,117,30414.48
2020-12,Q,醫療保健及社會工作服務業,7,自願投保者,1,False,3114,38983,951,1039,32977.45
2020-12,Q,醫療保健及社會工作服務業,8,新聞、文化、公益及合作事業之員工,1,True,704,22681,952,907,34615.39
2021-12,Q,醫療保健及社會工作服務業,2,職業勞工,2,False,11,2541,36,44,28623.06
2021-12,Q,醫療保健及社會工作服務業,4,政府機關及公、私立學校之員工,1,False,38,5129,74,209,39919.76
2021-12,Q,醫療保健及社會工作服務業,5,公司、行號員工,1,True,411,1710,172,156,30512.24
2021-12,Q,醫療保健及社會工作服務業,7,自願投保者,1,False,3191,39947,1018,1019,33194.84
2021-12,Q,醫療保健及社會工作服務業,8,新聞、文化、公益及合作事業之員工,1,True,798,24923,1081,1098,34394.41
2022-12,Q,醫療保健及社會工作服務業,2,職業勞工,2,False,11,2555,17,45,29468.47
2022-12,Q,醫療保健及社會工作服務業,4,政府機關及公、私立學校之員工,1,False,38,5346,84,225,40484.33
2022-12,Q,醫療保健及社會工作服務業,5,公司、行號員工,1,True,450,1849,153,112,30688.42
2022-12,Q,醫療保健及社會工作服務業,7,自願投保者,1,False,3258,39833,957,933,34012.08
2022-12,Q,醫療保健及社會工作服務業,8,新聞、文化、公益及合作事業之員工,1,True,886,26233,1001,1176,35136.2
2023-12,Q,醫療保健及社會工作服務業,2,職業勞工,2,False,11,2602,19,48,30372.79
2023-12,Q,醫療保健及社會工作服務業,4,政府機關及公、私立學校之員工,1,False,37,5477,80,186,41457.16
2023-12,Q,醫療保健及社會工作服務業,5,公司、行號員工,1,True,501,2009,169,170,31590.53
2023-12,Q,醫療保健及社會工作服務業,7,自願投保者,1,False,3370,41005,1100,1090,34714.63
2023-12,Q,醫療保健及社會工作服務業,8,新聞、文化、公益及合作事業之員工,1,True,951,27841,1066,1126,35976.31
2024-12,Q,醫療保健及社會工作服務業,2,職業勞工,2,False,11,2637,26,45,31267.06
2024-12,Q,醫療保健及社會工作服務業,4,政府機關及公、私立學校之員工,1,False,36,5831,94,190,42425.84
2024-12,Q,醫療保健及社會工作服務業,5,公司、行號員工,1,True,491,2098,130,155,32453.78
2024-12,Q,醫療保健及社會工作服務業,7,自願投保者,1,False,3456,42549,1198,1263,35588.58
2024-12,Q,醫療保健及社會工作服務業,8,新聞、文化、公益及合作事業之員工,1,True,1010,28992,1036,1224,36851.16
2025-12,Q,醫療保健及社會工作服務業,2,職業勞工,2,False,11,2666,24,49,32198.41
2025-12,Q,醫療保健及社會工作服務業,4,政府機關及公、私立學校之員工,1,False,37,6300,100,186,42605.69
2025-12,Q,醫療保健及社會工作服務業,5,公司、行號員工,1,True,534,2302,185,151,33105.12
2025-12,Q,醫療保健及社會工作服務業,7,自願投保者,1,False,3559,44420,1266,1260,36568.77
2025-12,Q,醫療保健及社會工作服務業,8,新聞、文化、公益及合作事業之員工,1,True,1049,30362,1131,1236,37764.78
2018-12,R,藝術、娛樂及休閒服務業,1,產業勞工及交通公用事業之員工,1,True,259,2975,273,251,26262.64
2018-12,R,藝術、娛樂及休閒服務業,2,職業勞工,2,False,17,4214,45,45,27320.5
2018-12,R,藝術、娛樂及休閒服務業,4,政府機關及公、私立學校之員工,1,False,8,883,160,177,33237.64
2018-12,R,藝術、娛樂及休閒服務業,5,公司、行號員工,1,True,206,3009,218,221,26929.15
2018-12,R,藝術、娛樂及休閒服務業,8,新聞、文化、公益及合作事業之員工,1,True,31,149,2,2,27768.24
2019-12,R,藝術、娛樂及休閒服務業,1,產業勞工及交通公用事業之員工,1,True,297,3764,348,306,26841.19
2019-12,R,藝術、娛樂及休閒服務業,2,職業勞工,2,False,16,4126,46,57,28023.17
2019-12,R,藝術、娛樂及休閒服務業,4,政府機關及公、私立學校之員工,1,False,8,992,167,143,33577.45
2019-12,R,藝術、娛樂及休閒服務業,5,公司、行號員工,1,True,204,3308,250,230,27418.87
2019-12,R,藝術、娛樂及休閒服務業,8,新聞、文化、公益及合作事業之員工,1,True,34,157,2,1,28300.43
2020-12,R,藝術、娛樂及休閒服務業,1,產業勞工及交通公用事業之員工,1,True,323,4251,359,380,27739.62
2020-12,R,藝術、娛樂及休閒服務業,2,職業勞工,2,False,16,4180,33,56,28207.34
2020-12,R,藝術、娛樂及休閒服務業,4,政府機關及公、私立學校之員工,1,False,8,1031,158,160,32983.72
2020-12,R,藝術、娛樂及休閒服務業,5,公司、行號員工,1,True,208,3128,240,244,28314.63
2020-12,R,藝術、娛樂及休閒服務業,8,新聞、文化、公益及合作事業之員工,1,True,37,160,1,1,28059.0
2021-12,R,藝術、娛樂及休閒服務業,1,產業勞工及交通公用事業之員工,1,True,335,3894,416,370,26842.67
2021-12,R,藝術、娛樂及休閒服務業,2,職業勞工,2,False,17,4271,37,52,28280.3
2021-12,R,藝術、娛樂及休閒服務業,4,政府機關及公、私立學校之員工,1,False,8,1292,178,215,29451.19
2021-12,R,藝術、娛樂及休閒服務業,5,公司、行號員工,1,True,214,2925,300,245,28362.77
2021-12,R,藝術、娛樂及休閒服務業,8,新聞、文化、公益及合作事業之員工,1,True,35,152,4,2,29079.21
2022-12,R,藝術、娛樂及休閒服務業,1,產業勞工及交通公用事業之員工,1,True,349,4258,482,418,29217.76
2022-12,R,藝術、娛樂及休閒服務業,2,職業勞工,2,False,17,4068,28,62,29355.88
2022-12,R,藝術、娛樂及休閒服務業,4,政府機關及公、私立學校之員工,1,False,8,1152,144,149,32275.61
2022-12,R,藝術、娛樂及休閒服務業,5,公司、行號員工,1,True,219,2882,196,174,29757.43
2022-12,R,藝術、娛樂及休閒服務業,8,新聞、文化、公益及合作事業之員工,1,True,40,160,8,5,29276.79
2023-12,R,藝術、娛樂及休閒服務業,1,產業勞工及交通公用事業之員工,1,True,410,4660,404,384,29731.06
2023-12,R,藝術、娛樂及休閒服務業,2,職業勞工,2,False,17,4003,46,90,29989.13
2023-12,R,藝術、娛樂及休閒服務業,4,政府機關及公、私立學校之員工,1,False,9,932,133,167,36344.49
2023-12,R,藝術、娛樂及休閒服務業,5,公司、行號員工,1,True,242,3055,456,469,30578.88
2023-12,R,藝術、娛樂及休閒服務業,8,新聞、文化、公益及合作事業之員工,1,True,42,171,1,4,29639.61
2024-12,R,藝術、娛樂及休閒服務業,1,產業勞工及交通公用事業之員工,1,True,455,5122,440,462,30089.29
2024-12,R,藝術、娛樂及休閒服務業,2,職業勞工,2,False,17,4046,32,73,30859.47
2024-12,R,藝術、娛樂及休閒服務業,4,政府機關及公、私立學校之員工,1,False,9,955,157,163,37457.4
2024-12,R,藝術、娛樂及休閒服務業,5,公司、行號員工,1,True,232,3181,368,382,31751.25
2024-12,R,藝術、娛樂及休閒服務業,8,新聞、文化、公益及合作事業之員工,1,True,40,165,13,23,30933.44
2025-12,R,藝術、娛樂及休閒服務業,1,產業勞工及交通公用事業之員工,1,True,471,5871,424,482,30417.43
2025-12,R,藝術、娛樂及休閒服務業,2,職業勞工,2,False,16,3865,34,71,31692.29
2025-12,R,藝術、娛樂及休閒服務業,4,政府機關及公、私立學校之員工,1,False,9,953,168,175,39088.99
2025-12,R,藝術、娛樂及休閒服務業,5,公司、行號員工,1,True,253,3154,299,269,32405.04
2025-12,R,藝術、娛樂及休閒服務業,8,新聞、文化、公益及合作事業之員工,1,True,41,168,14,15,32421.96
2018-12,S,其他服務業,1,產業勞工及交通公用事業之員工,1,True,1234,8441,368,325,28385.14
2018-12,S,其他服務業,2,職業勞工,2,False,86,40590,301,544,26126.28
2018-12,S,其他服務業,4,政府機關及公、私立學校之員工,1,False,3,196,3,3,32803.57
2018-12,S,其他服務業,5,公司、行號員工,1,True,475,3336,135,132,26215.43
2018-12,S,其他服務業,7,自願投保者,1,False,943,3538,186,289,31676.18
2018-12,S,其他服務業,7,自願投保者,2,False,1,1237,40,52,33493.62
2018-12,S,其他服務業,8,新聞、文化、公益及合作事業之員工,1,True,299,4846,88,144,35877.38
2019-12,S,其他服務業,1,產業勞工及交通公用事業之員工,1,True,1301,9112,434,309,29295.21
2019-12,S,其他服務業,2,職業勞工,2,False,86,39976,399,601,26922.08
2019-12,S,其他服務業,4,政府機關及公、私立學校之員工,1,False,3,216,7,1,32444.44
2019-12,S,其他服務業,5,公司、行號員工,1,True,451,3074,136,125,27084.69
2019-12,S,其他服務業,7,自願投保者,1,False,977,3749,95,187,32275.95
2019-12,S,其他服務業,7,自願投保者,2,False,2,1191,47,63,34168.31
2019-12,S,其他服務業,8,新聞、文化、公益及合作事業之員工,1,True,328,4931,88,172,35975.22
2020-12,S,其他服務業,1,產業勞工及交通公用事業之員工,1,True,1354,9326,449,533,29753.57
2020-12,S,其他服務業,2,職業勞工,2,False,85,40828,422,680,27314.97
2020-12,S,其他服務業,4,政府機關及公、私立學校之員工,1,False,3,225,3,1,33513.77
2020-12,S,其他服務業,5,公司、行號員工,1,True,431,2854,124,138,27850.23
2020-12,S,其他服務業,7,自願投保者,1,False,1000,3501,127,282,32012.2
2020-12,S,其他服務業,7,自願投保者,2,False,3,1301,65,81,34847.33
2020-12,S,其他服務業,8,新聞、文化、公益及合作事業之員工,1,True,344,4875,90,229,36293.7
2021-12,S,其他服務業,1,產業勞工及交通公用事業之員工,1,True,1422,9524,356,436,29941.6
2021-12,S,其他服務業,2,職業勞工,2,False,85,42303,434,562,27419.32
2021-12,S,其他服務業,4,政府機關及公、私立學校之員工,1,False,3,226,4,5,33659.91
2021-12,S,其他服務業,5,公司、行號員工,1,True,418,3804,113,115,29352.08
2021-12,S,其他服務業,7,自願投保者,1,False,1012,3582,126,199,31884.29
2021-12,S,其他服務業,7,自願投保者,2,False,3,1066,39,71,35034.36
2021-12,S,其他服務業,8,新聞、文化、公益及合作事業之員工,1,True,362,4886,86,216,36475.55
2022-12,S,其他服務業,1,產業勞工及交通公用事業之員工,1,True,1479,9559,418,436,31129.15
2022-12,S,其他服務業,2,職業勞工,2,False,85,40879,310,585,28531.48
2022-12,S,其他服務業,4,政府機關及公、私立學校之員工,1,False,3,218,3,4,34495.82
2022-12,S,其他服務業,5,公司、行號員工,1,True,391,3683,174,152,31045.11
2022-12,S,其他服務業,7,自願投保者,1,False,941,3124,88,305,32440.48
2022-12,S,其他服務業,7,自願投保者,2,False,3,917,32,56,35129.98
2022-12,S,其他服務業,8,新聞、文化、公益及合作事業之員工,1,True,357,4614,70,147,37387.09
2023-12,S,其他服務業,1,產業勞工及交通公用事業之員工,1,True,1555,9867,398,426,32240.46
2023-12,S,其他服務業,2,職業勞工,2,False,85,40220,319,641,29373.02
2023-12,S,其他服務業,4,政府機關及公、私立學校之員工,1,False,3,216,6,3,36938.05
2023-12,S,其他服務業,5,公司、行號員工,1,True,366,3480,122,130,33528.19
2023-12,S,其他服務業,7,自願投保者,1,False,942,3310,87,198,33381.07
2023-12,S,其他服務業,7,自願投保者,2,False,3,919,56,44,35873.16
2023-12,S,其他服務業,8,新聞、文化、公益及合作事業之員工,1,True,362,4716,70,133,37719.8
2024-12,S,其他服務業,1,產業勞工及交通公用事業之員工,1,True,1678,10711,533,457,33022.97
2024-12,S,其他服務業,2,職業勞工,2,False,85,39581,263,596,30357.2
2024-12,S,其他服務業,4,政府機關及公、私立學校之員工,1,False,3,207,0,0,37955.75
2024-12,S,其他服務業,5,公司、行號員工,1,True,356,3117,111,167,34697.04
2024-12,S,其他服務業,7,自願投保者,1,False,924,3305,96,210,34261.59
2024-12,S,其他服務業,7,自願投保者,2,False,3,940,41,44,36422.13
2024-12,S,其他服務業,8,新聞、文化、公益及合作事業之員工,1,True,365,4848,91,103,37840.79
2025-12,S,其他服務業,1,產業勞工及交通公用事業之員工,1,True,1800,11041,451,457,33994.47
2025-12,S,其他服務業,2,職業勞工,2,False,85,38278,248,709,31335.01
2025-12,S,其他服務業,4,政府機關及公、私立學校之員工,1,False,3,205,0,2,39124.0
2025-12,S,其他服務業,5,公司、行號員工,1,True,347,2924,117,123,35057.32
2025-12,S,其他服務業,7,自願投保者,1,False,933,3391,89,238,35319.44
2025-12,S,其他服務業,7,自願投保者,2,False,6,960,56,55,36632.44
2025-12,S,其他服務業,8,新聞、文化、公益及合作事業之員工,1,True,364,4808,76,117,38384.1
