"縣 市 別","總計家數","總計資本額","農林漁牧業家數","農林漁牧業資本額","礦業及土石採取業家數","礦業及土石採取業資本額","製造業家數","製造業資本額","電力及燃氣供應業家數","電力及燃氣供應業資本額","用水供應及污染整治業家數","用水供應及污染整治業資本額","營造業家數","營造業資本額","批發及零售業家數","批發及零售業資本額","運輸及倉儲業家數","運輸及倉儲業資本額","住宿及餐飲業家數","住宿及餐飲業資本額","資訊及通訊傳播業家數","資訊及通訊傳播業資本額","金融及保險業家數","金融及保險業資本額","不動產業家數","不動產業資本額","專業科學及技術服務業家數","專業科學及技術服務業資本額","支援服務業家數","支援服務業資本額","公共行政及國防；強制性社會安全家數","公共行政及國防；強制性社會安全資本額","教育服務業家數","教育服務業資本額","醫療保健及社會工作服務業家數","醫療保健及社會工作服務業資本額","藝術娛樂及休閒服務業家數","藝術娛樂及休閒服務業資本額","其他服務業家數","其他服務業資本額","未分類家數","未分類資本額"
"總計","2008","21438.747253","54","926.05667","10","526.2449","440","3902.647327","8","65.71002","11","39.68","283","1226.407567","457","1442.78634","28","78.1","29","107.838","81","182.455","121","2942.399008","113","901.159","215","7127.053421","38","272.38","0","0","1","2","0","0","10","1373.9","45","102.25","64","219.68"
"   臺灣地區","2005","21436.267253","54","926.05667","10","526.2449","440","3902.647327","8","65.71002","11","39.68","282","1225.407567","456","1442.58634","28","78.1","29","107.838","81","182.455","121","2942.399008","113","901.159","215","7127.053421","38","272.38","0","0","1","2","0","0","10","1373.9","45","102.25","63","218.4"
"      新北市","279","1606.46859","2","0.36","0","0","81","955.718","0","0","2","4.5","51","174.16","48","208.23004","0","0","2","2.1","22","66.33","12","73.38555","10","67.239","35","31.996","2","4","0","0","0","0","0","0","3","0.55","3","7.3","6","10.6"
"      臺北市","682","12553.75376","11","131.3","1","500","93","1037.761327","2","12.50992","0","0","63","372.07","223","686.7503","10","31.75","8","10.718","36","77.4","66","2403.783458","21","243.58","92","6806.670755","14","135.65","0","0","0","0","0","0","1","0.7","16","41.9","25","61.21"
"      桃園市","185","898.782666","5","6.52","3","4.5","51","155.8","0","0","5","27.25","34","95.45","25","72.046","6","18.3","2","1.1","3","6.5","6","278.48","12","121","20","62.106666","2","3.3","0","0","0","0","0","0","0","0","3","4.1","8","42.33"
"      臺中市","250","2400.3151","8","193.5","0","0","64","213.35","1","11.0001","0","0","35","197.19","52","159.69","5","12.8","7","46.5","7","14.725","10","22.7","22","80.3","19","56.36","5","43.95","0","0","1","2","0","0","1","1308","8","8.25","5","30"
"      臺南市","104","749.88367","3","333.29667","0","0","29","88.3","0","0","1","0.93","14","73.133","15","22.3","1","3","1","2","3","6.1","6","49.2","12","50.25","12","83.5","0","0","0","0","0","0","0","0","0","0","2","7.2","5","30.674"
"      高雄市","199","820.28","10","93.9","0","0","39","133.01","2","5.2","0","0","37","147.9","42","180.51","2","3","6","22.1","5","4.2","15","91.85","13","64.24","15","33.12","4","3.25","0","0","0","0","0","0","1","15","6","20","2","3"
"      宜蘭縣","15","209.98","1","3.5","1","12","3","38.1","0","0","0","0","2","15","1","0.5","0","0","0","0","0","0","0","0","3","131.95","2","1.5","2","7.43","0","0","0","0","0","0","0","0","0","0","0","0"
"      新竹縣","48","361.556","0","0","0","0","15","214.77","1","1","0","0","3","6.7","9","27.9","1","0.25","1","10","0","0","2","16","5","31.5","4","23.8","0","0","0","0","0","0","0","0","2","20.05","3","4","2","5.586"
"      苗栗縣","24","77.9","1","1.2","1","2","6","37.5","0","0","0","0","6","6.9","1","1","0","0","0","0","3","6","0","0","0","0","1","1","1","0.3","0","0","0","0","0","0","0","0","2","3.5","2","18.5"
"      彰化縣","54","208.67","2","101.4","0","0","25","51.75","0","0","0","0","4","3.67","12","13.85","0","0","0","0","0","0","0","0","2","14","2","2.5","2","6","0","0","0","0","0","0","0","0","0","0","5","15.5"
"      南投縣","16","80.475","1","3.675","1","5","2","51","0","0","3","7","2","8","3","2","0","0","0","0","1","0.2","0","0","2","3.1","0","0","1","0.5","0","0","0","0","0","0","0","0","0","0","0","0"
"      雲林縣","19","778.334567","1","0.5","0","0","5","675.6","2","36","0","0","7","52.234567","1","0.5","0","0","0","0","0","0","1","0.5","0","0","0","0","2","13","0","0","0","0","0","0","0","0","0","0","0","0"
"      嘉義縣","14","29.005","3","4.005","1","1","3","9.5","0","0","0","0","1","1","2","1","0","0","0","0","0","0","0","0","1","8","3","4.5","0","0","0","0","0","0","0","0","0","0","0","0","0","0"
"      屏東縣","28","133.38","3","7.8","1","0.5","6","29.5","0","0","0","0","6","33.5","4","7.71","1","1","1","12.32","0","0","0","0","3","5.55","1","5","1","30","0","0","0","0","0","0","0","0","0","0","1","0.5"
"      臺東縣","7","36.7","0","0","0","0","1","6","0","0","0","0","1","2","0","0","0","0","0","0","0","0","1","0.5","1","3","0","0","2","25","0","0","0","0","0","0","0","0","0","0","1","0.2"
"      花蓮縣","9","64.8449","1","40","1","1.2449","0","0","0","0","0","0","2","15.1","1","5","0","0","0","0","1","1","0","0","0","0","3","2.5","0","0","0","0","0","0","0","0","0","0","0","0","0","0"
"      澎湖縣","2","6","0","0","0","0","0","0","0","0","0","0","1","1","0","0","0","0","0","0","0","0","0","0","0","0","0","0","0","0","0","0","0","0","0","0","0","0","1","5","0","0"
"      基隆市","24","91.6","0","0","0","0","1","0.5","0","0","0","0","6","11.5","9","36.4","2","8","0","0","0","0","0","0","1","1","3","10.3","0","0","0","0","0","0","0","0","1","23.6","0","0","1","0.3"
"      新竹市","34","209.688","1","5","0","0","14","154.238","0","0","0","0","5","7.4","5","11","0","0","0","0","0","0","2","6","3","18.2","2","0.85","0","0","0","0","0","0","0","0","1","6","1","1","0","0"
"      嘉義市","12","118.65","1","0.1","0","0","2","50.25","0","0","0","0","2","1.5","3","6.2","0","0","1","1","0","0","0","0","2","58.25","1","1.35","0","0","0","0","0","0","0","0","0","0","0","0","0","0"
"    金馬地區","3","2.48","0","0","0","0","0","0","0","0","0","0","1","1","1","0.2","0","0","0","0","0","0","0","0","0","0","0","0","0","0","0","0","0","0","0","0","0","0","0","0","1","1.28"
"      金門縣","3","2.48","0","0","0","0","0","0","0","0","0","0","1","1","1","0.2","0","0","0","0","0","0","0","0","0","0","0","0","0","0","0","0","0","0","0","0","0","0","0","0","1","1.28"
"      連江縣","0","0","0","0","0","0","0","0","0","0","0","0","0","0","0","0","0","0","0","0","0","0","0","0","0","0","0","0","0","0","0","0","0","0","0","0","0","0","0","0","0","0"
