year_month,industry,metric,companies,capital_million_twd,quality_flag
2014-11,總計,existing,84901,1542238.092093,official_monthly_recovered
2014-11,農林漁牧業,existing,1369,36429.33791,official_monthly_recovered
2014-11,礦業及土石採取業,existing,452,10538.58809,official_monthly_recovered
2014-11,製造業,existing,29104,715391.403903,official_monthly_recovered
2014-11,電力及燃氣供應業,existing,284,16479.842758,official_monthly_recovered
2014-11,用水供應及污染整治業,existing,417,140801.694109,official_monthly_recovered
2014-11,營造業,existing,12020,98238.744005,official_monthly_recovered
2014-11,批發及零售業,existing,14804,73798.506662,official_monthly_recovered
2014-11,運輸及倉儲業,existing,1480,36532.57608,official_monthly_recovered
2014-11,住宿及餐飲業,existing,629,7442.911,official_monthly_recovered
2014-11,資訊及通訊傳播業,existing,2277,19110.16319,official_monthly_recovered
2014-11,金融及保險業,existing,3137,192772.344784,official_monthly_recovered
2014-11,不動產業,existing,4136,109973.096132,official_monthly_recovered
2014-11,專業科學及技術服務業,existing,5986,26347.620138,official_monthly_recovered
2014-11,支援服務業,existing,2030,16050.488826,official_monthly_recovered
2014-11,公共行政及國防強制性社會安全,existing,15,29.49,official_monthly_recovered
2014-11,教育服務業,existing,42,161.219,official_monthly_recovered
2014-11,醫療保健及社會工作服務業,existing,7,34.2,official_monthly_recovered
2014-11,藝術娛樂及休閒服務業,existing,304,3530.65,official_monthly_recovered
2014-11,其他服務業,existing,1741,10378.580052,official_monthly_recovered
2014-11,未分類,existing,4667,28196.635454,official_monthly_recovered
2025-08,總計,existing,124051,2338302.520384,official_monthly_recovered
2025-08,農林漁牧業,existing,2738,55694.308706,official_monthly_recovered
2025-08,礦業及土石採取業,existing,618,14433.07552,official_monthly_recovered
2025-08,製造業,existing,35563,930111.791165,official_monthly_recovered
2025-08,電力及燃氣供應業,existing,1188,60431.853733,official_monthly_recovered
2025-08,用水供應及污染整治業,existing,437,160462.522139,official_monthly_recovered
2025-08,營造業,existing,19253,148911.306861,official_monthly_recovered
2025-08,批發及零售業,existing,14328,69019.699884,official_monthly_recovered
2025-08,運輸及倉儲業,existing,2004,71738.136517,official_monthly_recovered
2025-08,住宿及餐飲業,existing,1258,8489.58192,official_monthly_recovered
2025-08,資訊及通訊傳播業,existing,3680,24311.125965,official_monthly_recovered
2025-08,金融及保險業,existing,9444,408679.54023,official_monthly_recovered
2025-08,不動產業,existing,6558,185612.552679,official_monthly_recovered
2025-08,專業科學及技術服務業,existing,16894,126465.138713,official_monthly_recovered
2025-08,支援服務業,existing,3952,35122.587122,official_monthly_recovered
2025-08,公共行政及國防強制性社會安全,existing,0,0.0,official_monthly_recovered
2025-08,教育服務業,existing,90,209.983888,official_monthly_recovered
2025-08,醫療保健及社會工作服務業,existing,7,43.2,official_monthly_recovered
2025-08,藝術娛樂及休閒服務業,existing,585,4145.140362,official_monthly_recovered
2025-08,其他服務業,existing,2427,14443.623965,official_monthly_recovered
2025-08,未分類,existing,3027,19977.351015,official_monthly_recovered
2025-08,總計,new,625,2649.0631,official_monthly_recovered
2025-08,農林漁牧業,new,17,20.4,official_monthly_recovered
2025-08,礦業及土石採取業,new,1,5.0,official_monthly_recovered
2025-08,製造業,new,91,1019.556,official_monthly_recovered
2025-08,電力及燃氣供應業,new,4,10.0,official_monthly_recovered
2025-08,用水供應及污染整治業,new,1,0.5,official_monthly_recovered
2025-08,營造業,new,111,360.302,official_monthly_recovered
2025-08,批發及零售業,new,53,43.61,official_monthly_recovered
2025-08,運輸及倉儲業,new,9,23.1,official_monthly_recovered
2025-08,住宿及餐飲業,new,11,11.27,official_monthly_recovered
2025-08,資訊及通訊傳播業,new,32,15.35,official_monthly_recovered
2025-08,金融及保險業,new,97,826.2781,official_monthly_recovered
2025-08,不動產業,new,21,94.976,official_monthly_recovered
2025-08,專業科學及技術服務業,new,131,172.115,official_monthly_recovered
2025-08,支援服務業,new,25,23.506,official_monthly_recovered
2025-08,公共行政及國防強制性社會安全,new,0,0.0,official_monthly_recovered
2025-08,教育服務業,new,0,0.0,official_monthly_recovered
2025-08,醫療保健及社會工作服務業,new,0,0.0,official_monthly_recovered
2025-08,藝術娛樂及休閒服務業,new,5,9.6,official_monthly_recovered
2025-08,其他服務業,new,16,13.5,official_monthly_recovered
2025-08,未分類,new,0,0.0,official_monthly_recovered
2025-08,總計,dissolved,387,1593.97042,official_monthly_recovered
2025-08,農林漁牧業,dissolved,4,12.4,official_monthly_recovered
2025-08,礦業及土石採取業,dissolved,2,16.3,official_monthly_recovered
2025-08,製造業,dissolved,78,688.68,official_monthly_recovered
2025-08,電力及燃氣供應業,dissolved,1,10.0,official_monthly_recovered
2025-08,用水供應及污染整治業,dissolved,4,12.15,official_monthly_recovered
2025-08,營造業,dissolved,59,172.95,official_monthly_recovered
2025-08,批發及零售業,dissolved,58,120.446,official_monthly_recovered
2025-08,運輸及倉儲業,dissolved,5,24.91,official_monthly_recovered
2025-08,住宿及餐飲業,dissolved,9,52.94,official_monthly_recovered
2025-08,資訊及通訊傳播業,dissolved,18,82.38,official_monthly_recovered
2025-08,金融及保險業,dissolved,22,109.48,official_monthly_recovered
2025-08,不動產業,dissolved,21,42.67942,official_monthly_recovered
2025-08,專業科學及技術服務業,dissolved,76,162.145,official_monthly_recovered
2025-08,支援服務業,dissolved,15,25.16,official_monthly_recovered
2025-08,公共行政及國防強制性社會安全,dissolved,0,0.0,official_monthly_recovered
2025-08,教育服務業,dissolved,1,0.5,official_monthly_recovered
2025-08,醫療保健及社會工作服務業,dissolved,0,0.0,official_monthly_recovered
2025-08,藝術娛樂及休閒服務業,dissolved,1,0.1,official_monthly_recovered
2025-08,其他服務業,dissolved,5,2.25,official_monthly_recovered
2025-08,未分類,dissolved,8,58.5,official_monthly_recovered
2025-09,總計,existing,124225,2346879.857723,official_monthly_recovered
2025-09,農林漁牧業,existing,2743,55793.829826,official_monthly_recovered
2025-09,礦業及土石採取業,existing,620,14577.22552,official_monthly_recovered
2025-09,製造業,existing,35564,931076.468448,official_monthly_recovered
2025-09,電力及燃氣供應業,existing,1199,60808.613733,official_monthly_recovered
2025-09,用水供應及污染整治業,existing,438,160464.122139,official_monthly_recovered
2025-09,營造業,existing,19290,149131.846263,official_monthly_recovered
2025-09,批發及零售業,existing,14310,69032.616235,official_monthly_recovered
2025-09,運輸及倉儲業,existing,2012,71641.445517,official_monthly_recovered
2025-09,住宿及餐飲業,existing,1259,8335.83192,official_monthly_recovered
2025-09,資訊及通訊傳播業,existing,3682,24292.185965,official_monthly_recovered
2025-09,金融及保險業,existing,9504,413897.277191,official_monthly_recovered
2025-09,不動產業,existing,6564,186988.704379,official_monthly_recovered
2025-09,專業科學及技術服務業,existing,16927,126661.734235,official_monthly_recovered
2025-09,支援服務業,existing,3972,35363.297122,official_monthly_recovered
2025-09,公共行政及國防強制性社會安全,existing,0,0.0,official_monthly_recovered
2025-09,教育服務業,existing,91,210.483888,official_monthly_recovered
2025-09,醫療保健及社會工作服務業,existing,7,43.2,official_monthly_recovered
2025-09,藝術娛樂及休閒服務業,existing,589,4175.050362,official_monthly_recovered
2025-09,其他服務業,existing,2425,14399.093965,official_monthly_recovered
2025-09,未分類,existing,3029,19986.831015,official_monthly_recovered
2025-09,總計,new,525,1098.742989,official_monthly_recovered
2025-09,農林漁牧業,new,6,13.8,official_monthly_recovered
2025-09,礦業及土石採取業,new,2,2.0,official_monthly_recovered
2025-09,製造業,new,75,127.927389,official_monthly_recovered
2025-09,電力及燃氣供應業,new,8,27.0,official_monthly_recovered
2025-09,用水供應及污染整治業,new,1,0.1,official_monthly_recovered
2025-09,營造業,new,83,122.05,official_monthly_recovered
2025-09,批發及零售業,new,47,39.253,official_monthly_recovered
2025-09,運輸及倉儲業,new,14,42.0,official_monthly_recovered
2025-09,住宿及餐飲業,new,15,14.75,official_monthly_recovered
2025-09,資訊及通訊傳播業,new,24,45.5,official_monthly_recovered
2025-09,金融及保險業,new,76,427.7795,official_monthly_recovered
2025-09,不動產業,new,23,43.3281,official_monthly_recovered
2025-09,專業科學及技術服務業,new,109,122.695,official_monthly_recovered
2025-09,支援服務業,new,25,44.23,official_monthly_recovered
2025-09,公共行政及國防強制性社會安全,new,0,0.0,official_monthly_recovered
2025-09,教育服務業,new,1,0.5,official_monthly_recovered
2025-09,醫療保健及社會工作服務業,new,0,0.0,official_monthly_recovered
2025-09,藝術娛樂及休閒服務業,new,6,9.01,official_monthly_recovered
2025-09,其他服務業,new,10,16.82,official_monthly_recovered
2025-09,未分類,new,0,0.0,official_monthly_recovered
2025-09,總計,dissolved,357,1238.693952,official_monthly_recovered
2025-09,農林漁牧業,dissolved,2,69.81,official_monthly_recovered
2025-09,礦業及土石採取業,dissolved,0,0.0,official_monthly_recovered
2025-09,製造業,dissolved,78,176.627352,official_monthly_recovered
2025-09,電力及燃氣供應業,dissolved,2,1.76,official_monthly_recovered
2025-09,用水供應及污染整治業,dissolved,2,2.0,official_monthly_recovered
2025-09,營造業,dissolved,43,95.08,official_monthly_recovered
2025-09,批發及零售業,dissolved,52,178.18,official_monthly_recovered
2025-09,運輸及倉儲業,dissolved,9,183.191,official_monthly_recovered
2025-09,住宿及餐飲業,dissolved,13,37.5,official_monthly_recovered
2025-09,資訊及通訊傳播業,dissolved,24,31.05,official_monthly_recovered
2025-09,金融及保險業,dissolved,14,68.7,official_monthly_recovered
2025-09,不動產業,dissolved,14,44.7156,official_monthly_recovered
2025-09,專業科學及技術服務業,dissolved,68,240.38,official_monthly_recovered
2025-09,支援服務業,dissolved,14,16.2,official_monthly_recovered
2025-09,公共行政及國防強制性社會安全,dissolved,0,0.0,official_monthly_recovered
2025-09,教育服務業,dissolved,0,0.0,official_monthly_recovered
2025-09,醫療保健及社會工作服務業,dissolved,0,0.0,official_monthly_recovered
2025-09,藝術娛樂及休閒服務業,dissolved,2,1.3,official_monthly_recovered
2025-09,其他服務業,dissolved,10,73.2,official_monthly_recovered
2025-09,未分類,dissolved,10,19.0,official_monthly_recovered
