model,h,n_forecasts,n_failed_origins,MAE,RMSE,MASE,sMAPE_pct,coverage_80,width_80,coverage_95,width_95,WQL
naive,1,6,0,2477.8333333333335,2713.149062129343,1.5366782413703384,29.77639626455323,0.5,5622.6463720338115,1.0,8591.639070213836,0.1471698452392717
naive,2,6,0,3418.8333333333335,3601.9363079691825,2.1441415914199244,41.08164222743675,0.6666666666666666,7951.622755758097,1.0,11777.61682670834,0.21533304675108458
naive,3,6,0,4416.166666666667,5268.859316778158,2.730381372358631,50.77952033096704,0.5,9636.63407262451,0.6666666666666666,14065.096383935472,0.27870301913623535
naive,4,5,0,3557.8,4075.433105818325,2.1773475254912,42.04283369632502,0.8,10838.862891473002,1.0,15560.541331132936,0.20932407699698483
naive,5,5,0,3409.6,3622.7200830315332,2.0734552835882347,43.011036073502105,1.0,11891.66267406023,1.0,17131.26799928578,0.23754719950470937
naive,6,5,0,5513.8,5747.889717104878,3.365653414829403,64.01901421871358,0.6,12843.46643189915,1.0,18405.40950780436,0.28172025680511775
naive,7,4,0,2845.75,2997.0012095426323,1.6979926228568945,31.057613870370094,1.0,14235.997060703177,1.0,20578.202427720382,0.20086795671194033
naive,8,4,0,4333.5,4780.826654460502,2.5881060297513065,48.61833347630051,1.0,15126.435283053848,1.0,21567.214240028596,0.30864158777857903
naive,9,4,0,3990.5,4985.151401913487,2.3959924361475706,46.24043156621671,0.75,15962.753145641173,1.0,22478.767637200905,0.2637983609780495
naive,10,3,0,3346.0,3762.6999171694074,1.9773377720032863,36.818142150317804,1.0,16476.365040658337,1.0,23392.85862675091,0.23111334243219886
naive,11,3,0,3268.3333333333335,3822.681824757762,1.9597736951824218,34.17125537515113,1.0,17193.38483749193,1.0,24047.362110831138,0.31193945866851397
naive,12,3,0,588.0,701.3049740780873,0.34410938549934506,9.521736511537513,1.0,17878.488621507735,1.0,24672.732310615113,0.14772219273048845
snaive,1,6,0,677.3333333333334,976.589985613205,0.4263866914238527,7.657388787050119,1.0,5320.127342006347,1.0,8136.432636690773,0.06219582833540263
snaive,2,6,0,1323.6666666666667,1485.3065901242971,0.8127300907454483,15.502320724172549,1.0,5320.127342006347,1.0,8136.432636690773,0.09644513208659918
snaive,3,6,0,967.6666666666666,1286.9667180363808,0.5924433291654413,11.26716955578682,0.8333333333333334,5320.127342006347,1.0,8136.432636690773,0.06579410184883021
snaive,4,5,0,732.6,1054.6626948934904,0.4434888699790308,8.220325997391729,1.0,5392.83166578447,1.0,8247.624304631896,0.06299796634238021
snaive,5,5,0,1185.0,1354.143640829879,0.7176762397601426,13.494192454646264,1.0,5392.83166578447,1.0,8247.624304631896,0.09290084846367774
snaive,6,5,0,1039.2,1383.1558119026215,0.6152158179461156,12.567255025903314,1.0,5392.83166578447,1.0,8247.624304631896,0.07205051349843818
snaive,7,4,0,835.5,1168.174430468327,0.5053249302956017,9.470210085411713,1.0,5459.924494921848,1.0,8350.233932106605,0.06800867621033879
snaive,8,4,0,881.25,923.1095547116821,0.5335031459460745,10.879118949383788,1.0,5459.924494921848,1.0,8350.233932106605,0.08276124143795195
snaive,9,4,0,607.75,692.8879779589195,0.3636012266584522,8.87008782764256,1.0,5459.924494921848,1.0,8350.233932106605,0.06043824200346221
snaive,10,3,0,1002.0,1334.869531702131,0.5831115867185446,11.366395289271518,1.0,5537.759834359972,1.0,8469.272811325127,0.07341146878034502
snaive,11,3,0,961.0,999.3933159672422,0.5724805875683238,12.358621948563078,1.0,5537.759834359972,1.0,8469.272811325127,0.09620724463383072
snaive,12,3,0,588.0,701.3049740780873,0.34410938549934506,9.521736511537513,1.0,5537.759834359972,1.0,8469.272811325127,0.06015582086397483
drift,1,6,0,2550.3606958768337,2796.421459155447,1.5816641473210777,30.42372231866794,0.5,5681.546216151831,1.0,8668.04520469356,0.1519550318160315
drift,2,6,0,3614.1607856930627,3793.5500412094143,2.2661144835266422,42.87576938066643,0.6666666666666666,8127.80777829208,1.0,11980.075265182068,0.2310851175465993
drift,3,6,0,4709.1578452062595,5431.689029118355,2.913340710518707,53.37301604881776,0.5,9920.922069125585,0.6666666666666666,14450.69135879395,0.28875331258332265
drift,4,5,0,3919.4178856633494,4360.139720576519,2.397836874346534,45.47890699778625,0.8,11207.812427035042,1.0,16148.309913409543,0.22330991374298992
drift,5,5,0,3861.6223570791867,4073.481759124375,2.3490669696574025,47.29861852329159,1.0,12414.33858738047,1.0,17931.49012264859,0.2603893256238469
drift,6,5,0,5875.245010313205,6147.4834332915125,3.581183549373543,66.93098797153529,0.8,13535.947050784069,1.0,19454.057475589223,0.30110523672341993
drift,7,4,0,3307.511562025907,3638.7995396260085,1.9701730205314214,34.457425413383035,1.0,15264.129035927472,1.0,22085.733912004576,0.22441583068128826
drift,8,4,0,5162.863863094543,5653.788115879519,3.0911758226107713,55.19366000953992,1.0,16381.280986285235,1.0,23386.289021948956,0.3539528178820002
drift,9,4,0,3983.193436890452,5696.068524034075,2.3867538498877603,44.89449143270462,0.75,17457.29525142619,1.0,24617.536981261856,0.28797867092725865
drift,10,3,0,4476.909468793936,4812.483301827065,2.6557820257428655,45.692724787739365,1.0,18176.442651925143,1.0,26040.230777186367,0.2823008769202034
drift,11,3,0,4512.333749006663,5287.69237039535,2.7060623742959593,43.69380606131299,1.0,19150.255172772933,1.0,27039.51890578937,0.38799985040515556
drift,12,3,0,1799.7199339812944,1937.1434169046524,1.074541357973447,17.76257290248672,1.0,20102.199310681455,1.0,28018.944277874878,0.20649115859354236
chronos,1,6,0,1362.7018229166667,1552.2679557401755,0.8353529468603854,16.569388757295094,1.0,4636.329671223958,,,0.0817904049275469
chronos,2,6,0,1474.73486328125,1715.8458445921103,0.9214509993911396,17.338424293349373,0.8333333333333334,5102.961263020833,,,0.10227092758277119
chronos,3,6,0,2421.4931640625,2853.0997412805195,1.502630325203344,26.73575753738398,0.5,5394.953125,,,0.14856191197589522
chronos,4,5,0,777.073828125,842.1829645599935,0.4756030138525711,8.178750054031578,1.0,5638.22998046875,,,0.06625204608824992
chronos,5,5,0,1204.6056640625,1345.311412318695,0.7391799745803609,14.936395100815782,1.0,5735.446875,,,0.0965178096424643
chronos,6,5,0,2241.58984375,2543.663662683918,1.373121651528058,26.441246208916898,0.8,5807.7240234375,,,0.1311378658208813
chronos,7,4,0,584.5709228515625,692.9783379233575,0.35344050147085576,6.396425605882774,1.0,5800.4080810546875,,,0.0615576857132146
chronos,8,4,0,1596.6134033203125,1618.381435278019,0.9660497457283642,19.31992224307055,1.0,5814.26904296875,,,0.11573732670290708
chronos,9,4,0,2013.060302734375,2114.3620887314214,1.2204495304219656,24.93235094452259,0.75,5923.734375,,,0.12319629442736944
chronos,10,3,0,1065.494140625,1306.6143362963514,0.623586978638699,12.385623320409517,1.0,5965.559244791667,,,0.07859848237692557
chronos,11,3,0,1445.490234375,1508.9663797037167,0.8594529578869275,17.986285699961613,1.0,5941.947102864583,,,0.12250033277279737
chronos,12,3,0,2082.1004231770835,2089.845121271519,1.2315556469218043,26.271507315363607,0.6666666666666666,6050.159016927083,,,0.1175113023383358
