model,origin,h,period,actual,mase_scale,error,q0.025,q0.1,q0.5,q0.9,q0.975
naive,2024-12,1,2025-01,8080.0,1736.7916666666667,,1229.2581459632047,2658.3608084094153,5358.0,8057.639191590584,9486.741854036794
naive,2024-12,2,2025-02,8905.0,1736.7916666666667,,0.0,1540.133641738656,5358.0,9175.866358261344,11196.922725516273
naive,2024-12,3,2025-03,13102.0,1736.7916666666667,,0.0,682.0877580609367,5358.0,10033.912241939062,12509.190662527853
naive,2024-12,4,2025-04,10127.0,1736.7916666666667,,0.0,0.0,5358.0,10757.278383181168,13615.483708073589
naive,2024-12,5,2025-05,8819.0,1736.7916666666667,,0.0,0.0,5358.0,11394.576747119127,14590.147447174788
naive,2024-12,6,2025-06,11490.0,1736.7916666666667,,0.0,0.0,5358.0,11970.738509016608,15471.31082206273
naive,2024-12,7,2025-07,9053.0,1736.7916666666667,,0.0,0.0,5358.0,12500.573930552142,16281.624173365099
naive,2024-12,8,2025-08,10289.0,1736.7916666666667,,0.0,0.0,5358.0,12993.732716522689,17035.845451032546
naive,2024-12,9,2025-09,9312.0,1736.7916666666667,,0.0,0.0,5358.0,13456.917574771756,17744.225562110383
naive,2024-12,10,2025-10,9770.0,1736.7916666666667,,0.0,0.0,5358.0,13895.00870608193,18414.22812962273
naive,2024-12,11,2025-11,6036.0,1736.7916666666667,,0.0,0.0,5358.0,14311.690267844344,19051.48758607635
naive,2024-12,12,2025-12,4239.0,1736.7916666666667,,0.0,0.0,5358.0,14709.824483878127,19660.381325055707
naive,2025-03,1,2025-04,10127.0,1655.962962962963,,8824.237915687852,10304.921717225294,13102.0,15899.078282774706,17379.762084312148
naive,2025-03,2,2025-05,8819.0,1655.962962962963,,7052.330843760362,9146.333957480761,13102.0,17057.66604251924,19151.669156239637
naive,2025-03,3,2025-06,11490.0,1655.962962962963,,5692.698727279624,8257.3183014867,13102.0,17946.681698513297,20511.301272720375
naive,2025-03,4,2025-07,9053.0,1655.962962962963,,4546.475831375707,7507.843434450586,13102.0,18696.156565549412,21657.52416862429
naive,2025-03,5,2025-08,10289.0,1655.962962962963,,3536.633187906855,6847.542821327376,13102.0,19356.457178672623,22667.366812093147
naive,2025-03,6,2025-09,9312.0,1655.962962962963,,2623.6656524106093,6250.58543658177,13102.0,19953.414563418228,23580.33434758939
naive,2025-03,7,2025-10,9770.0,1655.962962962963,,1784.1053570087424,5701.626466198525,13102.0,20502.373533801474,24419.894642991254
naive,2025-03,8,2025-11,6036.0,1655.962962962963,,1002.6616875207237,5190.667914961524,13102.0,21013.332085038477,25201.338312479274
naive,2025-03,9,2025-12,4239.0,1655.962962962963,,268.7137470635589,4710.765151675878,13102.0,21493.234848324122,25935.28625293644
naive,2025-03,10,2026-01,8394.0,1655.962962962963,,0.0,4256.86183263941,13102.0,21947.13816736059,26629.471474735623
naive,2025-03,11,2026-02,7609.0,1655.962962962963,,0.0,3825.1408267846964,13102.0,22378.859173215304,27289.731776072047
naive,2025-03,12,2026-03,12692.0,1655.962962962963,,0.0,3412.6366029734018,13102.0,22791.3633970266,27920.60254544075
naive,2025-06,1,2025-07,9053.0,1673.2333333333333,,7175.111257697767,8668.645900401138,11490.0,14311.354099598862,15804.888742302232
naive,2025-06,2,2025-08,10289.0,1673.2333333333333,,5387.825820505194,7500.002768090358,11490.0,15479.997231909641,17592.174179494803
naive,2025-06,3,2025-09,9312.0,1673.2333333333333,,4016.3934693255605,6603.27135335203,11490.0,16376.72864664797,18963.60653067444
naive,2025-06,4,2025-10,9770.0,1673.2333333333333,,2860.2225153955333,5847.291800802277,11490.0,17132.708199197725,20119.777484604463
naive,2025-06,5,2025-11,6036.0,1673.2333333333333,,1841.6154568636339,5181.260444699233,11490.0,17798.739555300766,21138.384543136366
naive,2025-06,6,2025-12,4239.0,1673.2333333333333,,920.7242844800712,4579.12207227332,11490.0,18400.87792772668,22059.27571551993
naive,2025-06,7,2026-01,8394.0,1673.2333333333333,,73.87745295602326,4025.3986920088537,11490.0,18954.601307991146,22906.122547043975
naive,2025-06,8,2026-02,7609.0,1673.2333333333333,,0.0,3510.0055361807154,11490.0,19469.994463819283,23694.34835898961
naive,2025-06,9,2026-03,12692.0,1673.2333333333333,,0.0,3025.9377012034147,11490.0,19954.062298796583,24434.6662269067
naive,2025-06,10,2026-04,10572.0,1673.2333333333333,,0.0,2568.0949594140475,11490.0,20411.905040585953,25134.876275894385
naive,2025-06,11,2026-05,7856.0,1673.2333333333333,,0.0,2132.6270508995785,11490.0,20847.37294910042,25800.866970345018
naive,2025-06,12,2026-06,11255.0,1673.2333333333333,,0.0,1716.54270670406,11490.0,21263.45729329594,26437.213061348877
naive,2025-09,1,2025-10,9770.0,1570.969696969697,,5059.464582028781,6531.416547741412,9312.0,12092.583452258588,13564.53541797122
naive,2025-09,2,2025-11,6036.0,1570.969696969697,,3298.006737433162,5379.661170505704,9312.0,13244.338829494296,15325.993262566837
naive,2025-09,3,2025-12,4239.0,1570.969696969697,,1946.3925950876965,4495.888186002857,9312.0,14128.111813997144,16677.6074049123
naive,2025-09,4,2026-01,8394.0,1570.969696969697,,806.9291640575611,3750.8330954828243,9312.0,14873.166904517177,17817.07083594244
naive,2025-09,5,2026-02,7609.0,1570.969696969697,,0.0,3094.426383638757,9312.0,15529.573616361242,18820.95827130913
naive,2025-09,6,2026-03,12692.0,1570.969696969697,,0.0,2500.9893547399515,9312.0,16123.010645260048,19728.541887142674
naive,2025-09,7,2026-04,10572.0,1570.969696969697,,0.0,1955.2676856623366,9312.0,16668.732314337663,20563.15115744596
naive,2025-09,8,2026-05,7856.0,1570.969696969697,,0.0,1447.322341011407,9312.0,17176.677658988592,21339.986525133674
naive,2025-09,9,2026-06,11255.0,1570.969696969697,,0.0,970.2496432242369,9312.0,17653.750356775763,22069.60625391366
naive,2025-12,1,2026-01,8394.0,1550.888888888889,,0.0,1438.0136321723935,4239.0,7039.986367827607,8522.738984624346
naive,2025-12,2,2026-02,7609.0,1550.888888888889,,0.0,277.8070905960444,4239.0,8200.192909403955,10297.1217697221
naive,2025-12,3,2026-03,12692.0,1550.888888888889,,0.0,0.0,4239.0,9090.450700385221,11658.65356773288
naive,2025-12,4,2026-04,10572.0,1550.888888888889,,0.0,0.0,4239.0,9840.972735655214,12806.47796924869
naive,2025-12,5,2026-05,7856.0,1550.888888888889,,0.0,0.0,4239.0,10502.195922512758,13817.731567485962
naive,2025-12,6,2026-06,11255.0,1550.888888888889,,0.0,0.0,4239.0,11099.987377669231,14731.974703597758
naive,2026-03,1,2026-04,10572.0,1483.3846153846155,,8152.380380293056,9723.70227794891,12692.0,15660.29772205109,17231.619619706944
naive,2026-03,2,2026-05,7856.0,1483.3846153846155,,6272.008365795447,8494.193104314185,12692.0,16889.806895685815,19111.99163420455
naive,2026-03,3,2026-06,11255.0,1483.3846153846155,,4829.148171631069,7550.757533416551,12692.0,17833.242466583448,20554.85182836893
snaive,2024-12,1,2025-01,8080.0,1736.7916666666667,,4132.632849310534,5637.755545772674,8481.0,11324.244454227326,12829.367150689464
snaive,2024-12,2,2025-02,8905.0,1736.7916666666667,,2539.632849310534,4044.7555457726744,6888.0,9731.244454227326,11236.367150689464
snaive,2024-12,3,2025-03,13102.0,1736.7916666666667,,8143.632849310534,9648.755545772674,12492.0,15335.244454227326,16840.367150689464
snaive,2024-12,4,2025-04,10127.0,1736.7916666666667,,5457.632849310534,6962.755545772674,9806.0,12649.244454227326,14154.367150689464
snaive,2024-12,5,2025-05,8819.0,1736.7916666666667,,6870.632849310534,8375.755545772674,11219.0,14062.244454227326,15567.367150689464
snaive,2024-12,6,2025-06,11490.0,1736.7916666666667,,4376.632849310534,5881.755545772674,8725.0,11568.244454227326,13073.367150689464
snaive,2024-12,7,2025-07,9053.0,1736.7916666666667,,4368.632849310534,5873.755545772674,8717.0,11560.244454227326,13065.367150689464
snaive,2024-12,8,2025-08,10289.0,1736.7916666666667,,5298.632849310534,6803.755545772674,9647.0,12490.244454227326,13995.367150689464
snaive,2024-12,9,2025-09,9312.0,1736.7916666666667,,5630.632849310534,7135.755545772674,9979.0,12822.244454227326,14327.367150689464
snaive,2024-12,10,2025-10,9770.0,1736.7916666666667,,3174.632849310534,4679.755545772674,7523.0,10366.244454227326,11871.367150689464
snaive,2024-12,11,2025-11,6036.0,1736.7916666666667,,2311.632849310534,3816.7555457726744,6660.0,9503.244454227326,11008.367150689464
snaive,2024-12,12,2025-12,4239.0,1736.7916666666667,,1009.6328493105339,2514.7555457726744,5358.0,8201.244454227326,9706.367150689464
snaive,2025-03,1,2025-04,10127.0,1655.962962962963,,5627.242400816229,7073.657270486993,9806.0,12538.342729513006,13984.75759918377
snaive,2025-03,2,2025-05,8819.0,1655.962962962963,,7040.242400816229,8486.657270486994,11219.0,13951.342729513006,15397.75759918377
snaive,2025-03,3,2025-06,11490.0,1655.962962962963,,4546.242400816229,5992.657270486993,8725.0,11457.342729513006,12903.75759918377
snaive,2025-03,4,2025-07,9053.0,1655.962962962963,,4538.242400816229,5984.657270486993,8717.0,11449.342729513006,12895.75759918377
snaive,2025-03,5,2025-08,10289.0,1655.962962962963,,5468.242400816229,6914.657270486993,9647.0,12379.342729513006,13825.75759918377
snaive,2025-03,6,2025-09,9312.0,1655.962962962963,,5800.242400816229,7246.657270486993,9979.0,12711.342729513006,14157.75759918377
snaive,2025-03,7,2025-10,9770.0,1655.962962962963,,3344.242400816229,4790.657270486993,7523.0,10255.342729513006,11701.75759918377
snaive,2025-03,8,2025-11,6036.0,1655.962962962963,,2481.242400816229,3927.657270486993,6660.0,9392.342729513006,10838.75759918377
snaive,2025-03,9,2025-12,4239.0,1655.962962962963,,1179.2424008162288,2625.657270486993,5358.0,8090.342729513007,9536.75759918377
snaive,2025-03,10,2026-01,8394.0,1655.962962962963,,3901.242400816229,5347.657270486993,8080.0,10812.342729513006,12258.75759918377
snaive,2025-03,11,2026-02,7609.0,1655.962962962963,,4726.242400816229,6172.657270486993,8905.0,11637.342729513006,13083.75759918377
snaive,2025-03,12,2026-03,12692.0,1655.962962962963,,8923.242400816229,10369.657270486994,13102.0,15834.342729513006,17280.75759918377
snaive,2025-06,1,2025-07,9053.0,1673.2333333333333,,4540.215532885545,5985.947432200373,8717.0,11448.052567799627,12893.784467114456
snaive,2025-06,2,2025-08,10289.0,1673.2333333333333,,5470.215532885545,6915.947432200373,9647.0,12378.052567799627,13823.784467114456
snaive,2025-06,3,2025-09,9312.0,1673.2333333333333,,5802.215532885545,7247.947432200373,9979.0,12710.052567799627,14155.784467114456
snaive,2025-06,4,2025-10,9770.0,1673.2333333333333,,3346.215532885545,4791.947432200373,7523.0,10254.052567799627,11699.784467114456
snaive,2025-06,5,2025-11,6036.0,1673.2333333333333,,2483.215532885545,3928.9474322003734,6660.0,9391.052567799627,10836.784467114456
snaive,2025-06,6,2025-12,4239.0,1673.2333333333333,,1181.2155328855451,2626.9474322003734,5358.0,8089.052567799627,9534.784467114456
snaive,2025-06,7,2026-01,8394.0,1673.2333333333333,,3903.215532885545,5348.947432200373,8080.0,10811.052567799627,12256.784467114456
snaive,2025-06,8,2026-02,7609.0,1673.2333333333333,,4728.215532885545,6173.947432200373,8905.0,11636.052567799627,13081.784467114456
snaive,2025-06,9,2026-03,12692.0,1673.2333333333333,,8925.215532885544,10370.947432200373,13102.0,15833.052567799627,17278.784467114456
snaive,2025-06,10,2026-04,10572.0,1673.2333333333333,,5950.215532885545,7395.947432200373,10127.0,12858.052567799627,14303.784467114456
snaive,2025-06,11,2026-05,7856.0,1673.2333333333333,,4642.215532885545,6087.947432200373,8819.0,11550.052567799627,12995.784467114456
snaive,2025-06,12,2026-06,11255.0,1673.2333333333333,,7313.215532885545,8758.947432200373,11490.0,14221.052567799627,15666.784467114456
snaive,2025-09,1,2025-10,9770.0,1570.969696969697,,3526.4413527744823,4909.790761696262,7523.0,10136.209238303738,11519.558647225516
snaive,2025-09,2,2025-11,6036.0,1570.969696969697,,2663.4413527744823,4046.7907616962616,6660.0,9273.209238303738,10656.558647225516
snaive,2025-09,3,2025-12,4239.0,1570.969696969697,,1361.4413527744823,2744.7907616962616,5358.0,7971.209238303738,9354.558647225516
snaive,2025-09,4,2026-01,8394.0,1570.969696969697,,4083.4413527744823,5466.790761696262,8080.0,10693.209238303738,12076.558647225516
snaive,2025-09,5,2026-02,7609.0,1570.969696969697,,4908.441352774482,6291.790761696262,8905.0,11518.209238303738,12901.558647225516
snaive,2025-09,6,2026-03,12692.0,1570.969696969697,,9105.441352774482,10488.790761696262,13102.0,15715.209238303738,17098.558647225516
snaive,2025-09,7,2026-04,10572.0,1570.969696969697,,6130.441352774482,7513.790761696262,10127.0,12740.209238303738,14123.558647225516
snaive,2025-09,8,2026-05,7856.0,1570.969696969697,,4822.441352774482,6205.790761696262,8819.0,11432.209238303738,12815.558647225516
snaive,2025-09,9,2026-06,11255.0,1570.969696969697,,7493.441352774482,8876.790761696262,11490.0,14103.209238303738,15486.558647225516
snaive,2025-12,1,2026-01,8394.0,1550.888888888889,,4161.407102633471,5517.769825382522,8080.0,10642.230174617478,11998.592897366529
snaive,2025-12,2,2026-02,7609.0,1550.888888888889,,4986.407102633471,6342.769825382522,8905.0,11467.230174617478,12823.592897366529
snaive,2025-12,3,2026-03,12692.0,1550.888888888889,,9183.407102633471,10539.769825382522,13102.0,15664.230174617478,17020.59289736653
snaive,2025-12,4,2026-04,10572.0,1550.888888888889,,6208.407102633471,7564.769825382522,10127.0,12689.230174617478,14045.592897366529
snaive,2025-12,5,2026-05,7856.0,1550.888888888889,,4900.407102633471,6256.769825382522,8819.0,11381.230174617478,12737.592897366529
snaive,2025-12,6,2026-06,11255.0,1550.888888888889,,7571.407102633471,8927.769825382522,11490.0,14052.230174617478,15408.592897366529
snaive,2026-03,1,2026-04,10572.0,1483.3846153846155,,6336.762851507419,7648.697138442135,10127.0,12605.302861557866,13917.23714849258
snaive,2026-03,2,2026-05,7856.0,1483.3846153846155,,5028.762851507419,6340.697138442135,8819.0,11297.302861557866,12609.23714849258
snaive,2026-03,3,2026-06,11255.0,1483.3846153846155,,7699.762851507419,9011.697138442134,11490.0,13968.302861557866,15280.23714849258
drift,2024-12,1,2025-01,8080.0,1736.7916666666667,,1152.6758723135345,2601.996581120631,5339.828571428571,8077.660561736511,9526.981270543609
drift,2024-12,2,2025-02,8905.0,1736.7916666666667,,0.0,1396.3702583332106,5321.657142857143,9246.944027381076,11324.865386284311
drift,2024-12,3,2025-03,13102.0,1736.7916666666667,,0.0,431.47798071363013,5303.4857142857145,10175.4934478578,12754.578551228275
drift,2024-12,4,2025-04,10127.0,1736.7916666666667,,0.0,0.0,5285.314285714286,10984.566052189015,14001.567694034904
drift,2024-12,5,2025-05,8819.0,1736.7916666666667,,0.0,0.0,5267.142857142857,11720.27474413021,15136.356415168848
drift,2024-12,6,2025-06,11490.0,1736.7916666666667,,0.0,0.0,5248.971428571429,12405.840905902223,16194.458754055233
drift,2024-12,7,2025-07,9053.0,1736.7916666666667,,0.0,0.0,5230.8,13054.806607343446,17196.585519274046
drift,2024-12,8,2025-08,10289.0,1736.7916666666667,,0.0,0.0,5212.628571428571,13675.831699055081,18155.980809421224
drift,2024-12,9,2025-09,9312.0,1736.7916666666667,,0.0,0.0,5194.457142857143,14274.818593740521,19081.671585745593
drift,2024-12,10,2025-10,9770.0,1736.7916666666667,,0.0,0.0,5176.285714285715,14855.983544766746,19980.106051324703
drift,2024-12,11,2025-11,6036.0,1736.7916666666667,,0.0,0.0,5158.114285714286,15422.448906704485,20856.05943539639
drift,2024-12,12,2025-12,4239.0,1736.7916666666667,,0.0,0.0,5139.942857142857,15976.594067060312,21713.170697128222
drift,2025-03,1,2025-04,10127.0,1655.962962962963,,8971.314453159892,10465.835385848199,13289.052631578947,16112.269877309694,17606.790809998
drift,2025-03,2,2025-05,8819.0,1655.962962962963,,7292.112199610272,9432.609538533037,13476.105263157895,17519.600987782753,19660.098326705516
drift,2025-03,3,2025-06,11490.0,1655.962962962963,,5995.255854551216,8649.3862430355,13663.157894736842,18676.929546438183,21331.059934922465
drift,2025-03,4,2025-07,9053.0,1655.962962962963,,4888.753198346709,7990.628534601283,13850.21052631579,19709.7925180303,22811.667854284868
drift,2025-03,5,2025-08,10289.0,1655.962962962963,,3899.4745706638514,7408.519498518366,14037.263157894737,20666.006817271107,24175.05174512562
drift,2025-03,6,2025-09,9312.0,1655.962962962963,,2990.5345163218444,6878.941032002395,14224.315789473683,21569.69054694497,25458.097062625522
drift,2025-03,7,2025-10,9770.0,1655.962962962963,,2140.387604431038,6387.805335019918,14411.368421052632,22434.931507085344,26682.34923767422
drift,2025-03,8,2025-11,6036.0,1655.962962962963,,1335.2335411008917,5926.088880414365,14598.421052631578,23270.75322484879,27861.608564162263
drift,2025-03,9,2025-12,4239.0,1655.962962962963,,565.6509010179707,5487.631329294138,14785.473684210527,24083.316039126916,29005.29646740308
drift,2025-03,10,2026-01,8394.0,1655.962962962963,,0.0,5068.025013333248,14972.526315789473,24877.0276182457,30120.153894391697
drift,2025-03,11,2026-02,7609.0,1655.962962962963,,0.0,4664.000540929193,15159.578947368422,25655.157353807648,31211.180948100606
drift,2025-03,12,2026-03,12692.0,1655.962962962963,,0.0,4273.062481183708,15346.631578947368,26420.20067671103,32282.194060749927
drift,2025-06,1,2025-07,9053.0,1673.2333333333333,,7264.959676221341,8773.793617645075,11624.048780487805,14474.303943330535,15983.137884754267
drift,2025-06,2,2025-08,10289.0,1673.2333333333333,,5520.457263043235,7679.523795246312,11758.09756097561,15836.671326704907,17995.73785890798
drift,2025-06,3,2025-09,9312.0,1673.2333333333333,,4164.307316071783,6839.184001652156,11892.146341463415,16945.108681274673,19619.985366855046
drift,2025-06,4,2025-10,9770.0,1673.2333333333333,,3002.0233390748235,6125.606352304715,12026.19512195122,17926.783891597723,21050.366904827613
drift,2025-06,5,2025-11,6036.0,1673.2333333333333,,1959.4254264597603,5490.287214028071,12160.243902439024,18830.200590849978,22361.06237841829
drift,2025-06,6,2025-12,4239.0,1673.2333333333333,,999.047681537173,4908.728953735294,12294.292682926829,19679.856412118363,23589.537684316485
drift,2025-06,7,2026-01,8394.0,1673.2333333333333,,98.97560172179692,4366.602448382388,12428.341463414634,20490.08047844688,24757.70732510747
drift,2025-06,8,2026-02,7609.0,1673.2333333333333,,0.0,3854.716888125442,12562.390243902439,21270.063599679437,25879.627431474648
drift,2025-06,9,2026-03,12692.0,1673.2333333333333,,0.0,3366.7890003434622,12696.439024390244,22026.089048437025,26964.90743964618
drift,2025-06,10,2026-04,10572.0,1673.2333333333333,,0.0,2898.316901829934,12830.487804878048,22762.658707926163,28020.432385842694
drift,2025-06,11,2026-05,7856.0,1673.2333333333333,,0.0,2445.956685997924,12964.536585365853,23483.116484733782,29051.316333871102
drift,2025-06,12,2026-06,11255.0,1673.2333333333333,,0.0,2007.1525311252917,13098.585365853658,24190.018200582024,30061.46807574648
drift,2025-09,1,2025-10,9770.0,1570.969696969697,,5089.419125210527,6577.104507415141,9387.40909090909,12197.71367440304,13685.399056607654
drift,2025-09,2,2025-11,6036.0,1570.969696969697,,3317.3771750183005,5444.530292168734,9462.818181818182,13481.10607146763,15608.259188618063
drift,2025-09,3,2025-12,4239.0,1570.969696969697,,1930.258932333366,4563.644160918914,9538.227272727272,14512.81038453563,17146.195613121177
drift,2025-09,4,2026-01,8394.0,1570.969696969697,,735.7464653338993,3808.6961771603965,9613.636363636364,15418.576550112331,18491.526261938827
drift,2025-09,5,2026-02,7609.0,1570.969696969697,,0.0,3131.668093059571,9689.045454545454,16246.422816031336,19717.6887078421
drift,2025-09,6,2026-03,12692.0,1570.969696969697,,0.0,2508.2793123595866,9764.454545454546,17020.629778549504,20861.816918332624
drift,2025-09,7,2026-04,10572.0,1570.969696969697,,0.0,1924.3109692453745,9839.863636363636,17755.4163034819,21945.6567721154
drift,2025-09,8,2026-05,7856.0,1570.969696969697,,0.0,1370.6321322240074,9915.272727272728,18459.91332232145,22983.172823838562
drift,2025-09,9,2026-06,11255.0,1570.969696969697,,0.0,840.9929911628751,9990.681818181818,19140.37064520076,23983.923333270544
drift,2025-12,1,2026-01,8394.0,1550.888888888889,,0.0,1371.4454498586329,4201.659574468085,7031.873699077538,8530.098555707058
drift,2025-12,2,2026-02,7609.0,1550.888888888889,,0.0,120.3138758714631,4164.31914893617,8208.324422000876,10349.091499574013
drift,2025-12,3,2026-03,12692.0,1550.888888888889,,0.0,0.0,4126.978723404255,9130.137722707486,11778.650112369927
drift,2025-12,4,2026-04,10572.0,1550.888888888889,,0.0,0.0,4089.6382978723404,9924.274187312238,13012.94385471693
drift,2025-12,5,2026-05,7856.0,1550.888888888889,,0.0,0.0,4052.2978723404253,10639.262774225723,14126.19136381171
drift,2025-12,6,2026-06,11255.0,1550.888888888889,,0.0,0.0,4014.9574468085107,11299.666908502564,15155.959156475266
drift,2026-03,1,2026-04,10572.0,1483.3846153846155,,8248.843611271965,9833.144458529325,12825.96,15818.775541470673,17403.076388728034
drift,2026-03,2,2026-05,7856.0,1483.3846153846155,,6423.747015662836,8686.146202716003,12959.92,17233.693797283995,19496.092984337163
drift,2026-03,3,2026-06,11255.0,1483.3846153846155,,5012.129661388402,7809.507490870028,13093.88,18378.25250912997,21175.630338611594
chronos,2024-12,1,2025-01,8080.0,1736.7916666666667,,,4228.09716796875,6028.2578125,8176.9267578125,
chronos,2024-12,2,2025-02,8905.0,1736.7916666666667,,,5010.99267578125,7151.859375,9755.87109375,
chronos,2024-12,3,2025-03,13102.0,1736.7916666666667,,,6091.05078125,8628.42578125,11567.55078125,
chronos,2024-12,4,2025-04,10127.0,1736.7916666666667,,,6548.3515625,9228.7919921875,12328.82421875,
chronos,2024-12,5,2025-05,8819.0,1736.7916666666667,,,6587.9189453125,9375.140625,12588.501953125,
chronos,2024-12,6,2025-06,11490.0,1736.7916666666667,,,6269.654296875,9046.32421875,12237.044921875,
chronos,2024-12,7,2025-07,9053.0,1736.7916666666667,,,6037.71142578125,8718.5283203125,11946.0986328125,
chronos,2024-12,8,2025-08,10289.0,1736.7916666666667,,,5911.80859375,8575.794921875,11806.357421875,
chronos,2024-12,9,2025-09,9312.0,1736.7916666666667,,,5687.5234375,8295.2919921875,11488.3720703125,
chronos,2024-12,10,2025-10,9770.0,1736.7916666666667,,,5174.11962890625,7704.509765625,10784.2822265625,
chronos,2024-12,11,2025-11,6036.0,1736.7916666666667,,,4636.6708984375,7022.1171875,10033.94140625,
chronos,2024-12,12,2025-12,4239.0,1736.7916666666667,,,4269.06201171875,6568.06005859375,9531.33203125,
chronos,2025-03,1,2025-04,10127.0,1655.962962962963,,,9294.1435546875,11699.06640625,14470.064453125,
chronos,2025-03,2,2025-05,8819.0,1655.962962962963,,,8477.5849609375,10996.541015625,13968.89453125,
chronos,2025-03,3,2025-06,11490.0,1655.962962962963,,,7616.232421875,10093.869140625,13173.220703125,
chronos,2025-03,4,2025-07,9053.0,1655.962962962963,,,7167.234375,9610.158203125,12774.9609375,
chronos,2025-03,5,2025-08,10289.0,1655.962962962963,,,7026.76416015625,9530.4169921875,12749.982421875,
chronos,2025-03,6,2025-09,9312.0,1655.962962962963,,,6769.33837890625,9320.1259765625,12586.796875,
chronos,2025-03,7,2025-10,9770.0,1655.962962962963,,,6086.5634765625,8542.5361328125,11693.0380859375,
chronos,2025-03,8,2025-11,6036.0,1655.962962962963,,,5206.8583984375,7555.52490234375,10587.123046875,
chronos,2025-03,9,2025-12,4239.0,1655.962962962963,,,4772.8076171875,6988.3974609375,9986.8603515625,
chronos,2025-03,10,2026-01,8394.0,1655.962962962963,,,5293.85546875,7499.9453125,10577.5048828125,
chronos,2025-03,11,2026-02,7609.0,1655.962962962963,,,6529.638671875,8933.408203125,12178.13671875,
chronos,2025-03,12,2026-03,12692.0,1655.962962962963,,,7919.5361328125,10681.1884765625,14232.8359375,
chronos,2025-06,1,2025-07,9053.0,1673.2333333333333,,,7727.46630859375,10113.4970703125,13080.48828125,
chronos,2025-06,2,2025-08,10289.0,1673.2333333333333,,,7227.3896484375,9824.6748046875,13063.91796875,
chronos,2025-06,3,2025-09,9312.0,1673.2333333333333,,,6784.03515625,9408.2958984375,12730.630859375,
chronos,2025-06,4,2025-10,9770.0,1673.2333333333333,,,6292.44775390625,8924.330078125,12271.0224609375,
chronos,2025-06,5,2025-11,6036.0,1673.2333333333333,,,5741.3857421875,8316.1689453125,11676.41015625,
chronos,2025-06,6,2025-12,4239.0,1673.2333333333333,,,5367.43603515625,7887.900390625,11257.287109375,
chronos,2025-06,7,2026-01,8394.0,1673.2333333333333,,,5494.23046875,8027.94873046875,11518.2392578125,
chronos,2025-06,8,2026-02,7609.0,1673.2333333333333,,,6098.78466796875,8825.5703125,12458.2314453125,
chronos,2025-06,9,2026-03,12692.0,1673.2333333333333,,,7174.12744140625,10321.1748046875,14219.09375,
chronos,2025-06,10,2026-04,10572.0,1673.2333333333333,,,7224.28076171875,10335.0625,14227.146484375,
chronos,2025-06,11,2026-05,7856.0,1673.2333333333333,,,6917.72802734375,9881.9453125,13697.80078125,
chronos,2025-06,12,2026-06,11255.0,1673.2333333333333,,,6500.802734375,9348.5703125,13075.7099609375,
chronos,2025-09,1,2025-10,9770.0,1570.969696969697,,,6855.345703125,8803.3671875,11040.78125,
chronos,2025-09,2,2025-11,6036.0,1570.969696969697,,,5921.837890625,7967.95849609375,10373.0146484375,
chronos,2025-09,3,2025-12,4239.0,1570.969696969697,,,5548.69140625,7685.0205078125,10265.3154296875,
chronos,2025-09,4,2026-01,8394.0,1570.969696969697,,,5797.5263671875,8080.8662109375,10853.5078125,
chronos,2025-09,5,2026-02,7609.0,1570.969696969697,,,6501.5595703125,8916.5595703125,11872.9892578125,
chronos,2025-09,6,2026-03,12692.0,1570.969696969697,,,7550.69482421875,10245.72265625,13403.83984375,
chronos,2025-09,7,2026-04,10572.0,1570.969696969697,,,7617.3037109375,10161.703125,13280.0654296875,
chronos,2025-09,8,2026-05,7856.0,1570.969696969697,,,7261.46533203125,9793.1533203125,12884.28125,
chronos,2025-09,9,2026-06,11255.0,1570.969696969697,,,6831.85595703125,9339.689453125,12466.92578125,
chronos,2025-12,1,2026-01,8394.0,1550.888888888889,,,3944.29150390625,6006.943359375,8421.515625,
chronos,2025-12,2,2026-02,7609.0,1550.888888888889,,,5084.2314453125,7515.04150390625,10308.1943359375,
chronos,2025-12,3,2026-03,12692.0,1550.888888888889,,,6368.486328125,9158.0400390625,12201.2783203125,
chronos,2025-12,4,2026-04,10572.0,1550.888888888889,,,6551.697265625,9300.80078125,12320.091796875,
chronos,2025-12,5,2026-05,7856.0,1550.888888888889,,,6284.72216796875,8976.576171875,11931.701171875,
chronos,2025-12,6,2026-06,11255.0,1550.888888888889,,,5978.36181640625,8594.0302734375,11489.13671875,
chronos,2026-03,1,2026-04,10572.0,1483.3846153846155,,,8470.7509765625,10710.2158203125,13148.296875,
chronos,2026-03,2,2026-05,7856.0,1483.3846153846155,,,7965.78271484375,10283.4853515625,12835.6943359375,
chronos,2026-03,3,2026-06,11255.0,1483.3846153846155,,,7399.0361328125,9672.0224609375,12239.2548828125,
