序號,統一編號,公司名稱,公司所在地,資本額,核准設立日期,核准解散日期
17,12888045,飛特達股份有限公司,臺中市太平區宜昌東路21號2樓,5000000,0900822,1070226
37,16355219,福銓工程顧問有限公司,臺中市南區樹義里福田一街六三號一樓,500000,0861230,1070222
45,16651627,昱筌企業有限公司,臺中市沙鹿區竹林里福田南街24巷20號,1000000,0870909,1070205
61,22245893,駿鷹企業有限公司,臺中市潭子區頭家東里大成街67號1樓,5000000,0750827,1070227
64,22476113,鉅鏟企業股份有限公司,臺中市北區建成里天祥街178號1樓,5000000,0760409,1070212
68,22542042,幼華國際股份有限公司,臺中市北屯區文昌三街55號1樓,10000000,0761123,1070206
77,23198118,龍祥凡而股份有限公司,臺中市龍井區龍津里三港路468巷5號,5000000,0780210,1070214
81,23375818,茂釧企業股份有限公司,臺中市神岡區豐工路663巷51號,5000000,0780622,1070201
83,23593722,吉利旅行社股份有限公司,臺中市北區忠明路424號12樓之3,8000000,0781123,1070202
86,23683168,僑益工業有限公司,臺中市沙鹿區福興里福成路11號,5000000,0790321,1070226
87,23716528,傑樂國際股份有限公司,臺中市南區國光路3之1號1樓,10000000,0790509,1070222
92,23974237,正旺貿易有限公司,臺中市北屯區平心里安順東七街38號8樓,5000000,0800122,1070209
96,24249522,震曄科技股份有限公司,臺中市南屯區大進街375之2號,500000,0971015,1070209
97,24272895,無老企業股份有限公司,臺中市南屯區大業里公益路二段74號1、2樓,100000,0971201,1070205
106,24425689,宏佳安科技有限公司,臺中市霧峰區五福里中投西路二段480號1樓,6000000,0980618,1070226
129,24586185,欣邦實業有限公司,臺中市大里區樹王里樹王路228巷12號1樓,1000000,1030704,1070226
130,24591321,興沅貿易有限公司,臺中市南屯區三義里河南路四段160號,500000,1030801,1070201
131,24592335,和園餐飲有限公司,臺中市西區五權西四街136號,1000000,1030806,1070226
132,24599908,萬勝發實業有限公司,臺中市西屯區黎明路二段727號1樓,10000000,1030918,1070227
173,24820078,弘預工程有限公司,臺中市梧棲區永安里向上路九段465巷35弄9號2樓,1000000,1031111,1070222
174,24824264,居樂科技有限公司,臺中市潭子區潭秀里雅潭路一段2之1號,500000,1031203,1070222
175,24824546,星澤空間設計有限公司,臺中市大里區瑞城里中興路一段2巷203弄50號1樓,5000000,1031204,1070227
176,24837633,隆赫行銷企業有限公司,臺中市西屯區何南里大墩二十街99號5樓,200000,1040212,1070205
177,24846746,淳沅國際事業有限公司,臺中市西區大忠里忠明南路270號17樓之1,500000,1040401,1070207
178,24847359,倍仕特貿易有限公司,臺中市北屯區軍功里環中東路二段126號1樓,1800000,1040407,1070207
212,25096642,全淯有限公司,臺中市太平區中興里新平路一段209巷12號1樓,1000000,0981225,1070201
225,27292260,大會企業有限公司,臺中市西屯區至善里至善路57號7樓之5,3000000,0930517,1070221
229,27408136,中寰營造股份有限公司,臺中市潭子區家興里大通街93巷47弄2號1樓,3000000,0930726,1070206
238,27593863,桐發投資股份有限公司,臺中市西區中興里公益路161號14樓之10,19320000,0940110,1070201
248,27826820,臺灣鐵馬工業股份有限公司,臺中市外埔區大東里大馬路庄內巷２號１樓,10000000,0940624,1070213
264,28121130,昂錼有限公司,臺中市豐原區北湳里圓環北路二段257巷28號,1000000,0950314,1070205
272,28333205,天源輪具有限公司,臺中市外埔區三崁里三崁路33號,10000000,0950609,1070201
275,28396117,七元素藝術創作有限公司,臺中市西屯區西安里逢甲路200巷37號,1000000,0950906,1070212
278,28518218,寶鼎開發有限公司,臺中市大里區德芳路二段127號1樓,5000000,0951110,1070212
280,28569285,建盛鞋業有限公司,臺中市南屯區東興路一段353號1樓,2540000,0960126,1070201
283,28649957,五星有限公司,臺中市西區昇平里忠明南路353號8樓之6,2000000,0960423,1070201
289,28725244,億順興菸酒有限公司,臺中市大甲區文武里德興路92巷33號,500000,0960529,1070206
296,28803402,超盟國際運通有限公司,臺中市南屯區春社里嶺東南路40號8樓,5000000,0961002,1070207
301,28896204,百購股份有限公司,臺中市西屯區大河里文心路三段167-7號9樓,8000000,0961214,1070221
350,42661501,崇明十九餐飲股份有限公司,臺中市中區綠川里中山路16號1樓,3600000,1040903,1070222
351,42679734,台中雅音展覽有限公司,臺中市西屯區黎明路二段807號1樓,200000,1041209,1070227
352,42680654,姬宮茶園有限公司,臺中市西區忠明里美村路一段117巷23號2樓之1,500000,1041211,1070202
353,42682301,衛豐餐飲有限公司,臺中市沙鹿區鹿寮里光大路90號,1000000,1041222,1070212
354,42682323,百花堂創藝有限公司,臺中市西區後龍里向上路一段8之1號1樓,1000000,1041222,1070214
355,42682956,容芝肯有限公司,臺中市中區大墩里三民路二段199號1樓,2000000,1041225,1070202
356,42685285,華揚精密工業有限公司,臺中市大里區仁德里至善路222號,220000,1050106,1070131
357,42687404,富貿國際實業有限公司,臺中市西屯區何安里四川路138號1樓,5000000,1050118,1070226
387,42871197,台灣室內設計有限公司,臺中市太平區福隆里光興路1343巷58弄11號1樓,1000000,1050202,1070227
388,42873293,新食代國際有限公司,臺中市神岡區三角里中興路67號,100000,1050224,1070202
389,42879634,全力有限公司,臺中市西屯區何安里青海路一段84-2號,6000000,1050722,1070201
390,42884215,環球綠能國際有限公司,臺中市南屯區三厝里黎明東街163號2樓之5,500000,1050812,1070227
411,45878715,狄朗有限公司,臺中市太平區光華里大興十五街50巷17號,6000000,1050523,1070205
412,45879209,亨翔樂餐飲有限公司,臺中市北區三民路3段117號及117之1號,500000,1050525,1070201
414,45890247,赤坂屋餐飲有限公司,臺中市南屯區大進街377號,7000000,1050719,1070226
441,52454220,勇豐汽車材料有限公司,臺中市西區林森路137號,2000000,0670114,1070213
474,52871203,建興企業管理顧問股份有限公司,臺中市西區忠誠里大隆路20號12樓之5,2500000,0720920,1070208
479,53033368,順盟開發股份有限公司,臺中市西區安龍里民權路185號13樓之3,6000000,0990428,1070209
483,53091541,塑佑塑膠工業股份有限公司,臺中市南屯區公益路二段51號21樓,45000000,0990913,1070223
496,53171039,晶彩生活事業股份有限公司,臺中市霧峰區萬豐里中正路116-1號,5880000,0991019,1070212
511,53271537,環資光達股份有限公司,臺中市北區進化路340之2號,6000000,0991201,1070226
532,53466857,地天泰科技材料股份有限公司,臺中市太平區建興北路29號1樓,900000,1001227,1070212
534,53497296,元晟開發有限公司,臺中市梧棲區中華路一段888號1樓,500000,1000722,1070206
546,53607060,上雅圖書有限公司,臺中市北屯區忠平里敦化路456號3樓,3000000,1000922,1070205
548,53621963,亞鴻精密科技有限公司,臺中市太平區中山路四段139巷1號1樓,1000000,1001024,1070208
549,53626159,津禾豐開發企業有限公司,臺中市南屯區永定里南屯路二段870巷29號2樓,5000000,1001031,1070201
550,53629043,季明有限公司,臺中市中區大誠里大誠街5之9之6號,200000,1001107,1070213
561,53799335,登珈土木包工業有限公司,臺中市北區建興里永興街98巷20號1樓,800000,1010210,1070207
562,53805884,儀展開發有限公司,臺中市北區梅豐街74號1樓,2000000,1010224,1070208
567,53827830,隆利建設有限公司,臺中市大雅區雅潭路162巷14號1樓,2000000,1010405,1070213
572,53856927,台灣之寶生物科技有限公司,臺中市龍井區東海里臺灣大道五段246號3樓,2000000,1010530,1070227
585,53986822,和太國際有限公司,臺中市北屯區大連路三段10號10樓之2,150000,1010920,1070207
587,54006348,泓富企業有限公司,臺中市南屯區同心里文心路一段186號10樓之8,5000000,1011106,1070206
588,54006522,喬登室內裝修設計有限公司,臺中市北區太平路124之2號1樓,5000000,1011107,1070212
589,54008697,皇鼎不動產經紀股份有限公司,臺中市南屯區黎明路一段1079號2樓,1700000,1011113,1070201
598,54106557,新環通訊工程有限公司,臺中市西屯區永福路21巷2號,1000000,1011224,1070227
601,54124767,豐德利文化事業有限公司,臺中市東區泉源里樂業路67巷46號,500000,1020204,1070226
604,54131704,富城廣告事業有限公司,臺中市北屯區松安里興安路二段353號1樓,1000000,1020301,1070201
605,54131795,立揚科技工程有限公司,臺中市東區東信里東英路265號2樓,10000000,1020301,1070208
621,54226075,上策廣告行銷有限公司,臺中市西屯區上安里上仁街141巷5號1樓,500000,1020401,1070221
623,54235671,昱明管理顧問有限公司,臺中市東區旱溪里旱溪五街64號1樓,500000,1020419,1070223
655,54586486,玖風科技有限公司,臺中市神岡區庄後里大圳路55號,3000000,1020807,1070202
656,54591903,黑玳國際貿易有限公司,臺中市大雅區大楓里德勝路215巷1弄33號1樓,300000,1020906,1070201
657,54592190,凱賀生活實業有限公司,臺中市西屯區福中八街9巷17號1樓,300000,1020909,1070205
658,54604098,無限成就國際有限公司,臺中市西區中興里中興街125號,200000,1021121,1070222
659,54606602,唐霖建設有限公司,臺中市北屯區瀋陽路三段36號1樓,10000000,1021204,1070212
677,54741255,艮彤研磨有限公司,臺中市太平區光隆里光興路733巷63弄45號,990000,1021231,1070208
678,54741826,宗其有機農業有限公司,臺中市大里區東湖里長春路31號2樓,2000000,1030103,1070212
679,54752837,台榮建設股份有限公司,臺中市清水區秀水里中社路22之3號1樓,2000000,1030306,1070222
680,54762173,皇聖冷氣空調有限公司,臺中市南區南門里台中路534號1樓,600000,1030419,1070209
701,54907706,鑫強科技貿易有限公司,臺中市西屯區潮洋里市政北二路236號24樓之5,1000000,1040811,1070205
702,54908304,世侑網路行銷有限公司,臺中市北屯區后庄里后庄路222號一樓,600000,1040813,1070221
758,60204507,昌佑通信有限公司,臺中市沙鹿區英才路16之1號1樓,100000,1050907,1070227
760,60260063,子群鋼鋁有限公司,臺中市北屯區東山路一段146之36號2樓之1,2000000,1051111,1070209
761,60265692,創意小日子有限公司,臺中市西區向上路一段30號4樓,6000000,1051122,1070227
762,60281784,宏全盛建設股份有限公司,臺中市北屯區崇德路二段26號4樓,5000000,1051219,1070131
763,60282995,黑澤企業股份有限公司,臺中市南屯區同心里文心路一段214號1樓,600000,1051221,1070212
764,60283283,愜林悠活有限公司,臺中市北區中清路一段89號15樓之6,6000000,1051221,1070205
765,60288077,萬和屋不動產有限公司,臺中市南屯區溝墘里文心路一段522號1樓,500000,1051229,1070202
767,61751587,夙幗粹食品有限公司,臺中市北屯區平順里柳陽西街92巷42號,1000000,1060510,1070205
768,61781858,福鴻貿易有限公司,臺中市南屯區向上南路一段163號9樓之6,1000000,1060525,1070201
769,61799132,天駒企業有限公司,臺中市北屯區崇德路一段586之6號,1000000,1060607,1070201
770,61802679,永康健康管理顧問有限公司,臺中市南屯區大同里向上南路一段167號14樓,100000,1060609,1070202
771,61805330,捷拜科技股份有限公司,臺中市西屯區何南里大墩二十街99號5樓,3000000,1060612,1070214
772,61816511,瑞楓企業有限公司,臺中市南屯區公益路二段532號,500000,1060620,1070208
773,61833785,互聯旺企業有限公司,臺中市東區東門里東福一街21巷16號1樓,300000,1060704,1070223
774,61843876,津品飲品有限公司,臺中市北屯區三光里北屯路299之5號1樓,250000,1060718,1070206
775,61854752,緹摩斯有限公司,臺中市北屯區和平里軍福十六路287號9樓之1,500000,1060727,1070226
776,61861542,喬丞企業有限公司,臺中市北屯區三光里北屯路212巷9號,180000,1060731,1070227
777,61878656,禾耕農業科技股份有限公司,臺中市大里區金城里上興街二段90號1樓,1000000,1060808,1070222
778,61930772,祐全老深山椴木牛樟芝復育科技有限公司,臺中市霧峰區五福里五福路847巷12號2樓,28000000,1060914,1070212
779,61932146,萬客達育樂股份有限公司,臺中市北區健行里忠明路424號20樓之1,1000000,1060918,1070201
780,62002008,品歐蔬食館有限公司,臺中市西區公正里大昌街217號1樓,1000000,1061019,1070213
781,62007806,迎喆有限公司,臺中市北區陝西路62號6樓之6,500000,1061020,1070223
837,79975574,佳慈有限公司,臺中市北區賴村里五常街380號8樓之1,2000000,0910606,1070223
838,79983602,和泳實業有限公司,臺中市神岡區昌平路五段237巷195號,1000000,0910618,1070207
840,80007259,東揚生化科技股份有限公司,臺中市大甲區大甲里光明路64號1樓,4800000,0920311,1070222
841,80016139,生姜傳奇國際有限公司,臺中市南區新和街154巷49號1樓,1000000,0920321,1070205
849,80140616,美羅開發興業有限公司,臺中市大里區東湖里中興路一段泉水巷337號1樓,2100000,0920220,1070206
863,80411645,洋澤企業有限公司,臺中市北屯區豐樂路二段206號,5000000,0920606,1070131
871,80557232,台灣歐迪芬有限公司,臺中市西屯區臺灣大道四段925號7樓之5,24000000,0921002,1070205
874,80627096,宗冠五金百貨有限公司,臺中市東區十甲東路622號,1000000,0921231,1070209
917,86672441,巨崙工業有限公司,臺中市大里區瑞城里中興路一段2巷81弄15號,2500000,0810526,1070205
929,89387245,品登股份有限公司,臺中市南屯區大光街173巷3-1號1樓,7000000,0840419,1070209
934,89550935,聯讚模具股份有限公司,臺中市北屯區軍功里軍功路二段391號1樓,7000000,0840613,1070226
936,89634689,羽苑室內裝修有限公司,臺中市北屯區平德里文昌二街129號1樓,15000000,0841209,1070201
942,89802643,橋格室內裝修有限公司,臺中市南屯區豐樂里永春東三路245號1樓,1000000,0841209,1070209
960,97420859,弘國有限公司,臺中市太平區宜欣二路208號1樓,1000000,0860412,1070221
