序號,統一編號,公司名稱,公司所在地,資本額,核准變更日期
15,01193194,達岳企業股份有限公司,臺中市北屯區同榮里同榮路288巷13號1樓,5000000,1030505
43,03553700,昶欣國際股份有限公司,臺中市西屯區文心路二段562之1號4樓之2,63020000,1030507
116,04761086,舜翔貨櫃倉儲股份有限公司,臺中市神岡區新庄里19鄰和睦路861之1號,6000000,1030520
125,04852662,商登貿易有限公司,臺中市西區台中港路1段152號13樓之1,19000000,1030526
166,05832159,伍義實業股份有限公司,臺中市北屯區水湳里文心路三段447號16樓之2,10000000,1030521
179,07541918,豐客旅行社股份有限公司,臺中市豐原區三民路46號2樓,3000000,1030516
308,12603574,昶慶興環保工程有限公司,臺中市大里區內新里益民路一段209巷35弄11號1樓,5000000,1030520
312,12604975,金協益有限公司,臺中市大甲區孟春里臨江路112巷8之2號,1000000,1030505
315,12606571,天盛投資股份有限公司,臺中市北區太平路42之1號,60000000,1030519
318,12608699,績鎰水電工程有限公司,臺中市西區五權西五街85-1號1樓,29000000,1030505
322,12625521,永大霖企業股份有限公司,臺中市太平區德隆里工業二十路67號,24000000,1030512
326,12630828,榮新流通股份有限公司,臺中市沙鹿區興安里興安路51號,27000000,1030529
385,12713290,健璟實業股份有限公司,臺中市太平區福隆里光興路1788巷19號1樓,16000000,1030515
392,12721910,豐昱國際股份有限公司,臺中市西屯區何南里臺灣大道二段689號地下1樓之1至之3及9至12樓、東興路三段407號、東興路三段409號2樓之1至13樓之20,400000000,1030529
395,12726534,泓銘工業有限公司,臺中市豐原區社皮里豐原大道一段428巷22弄11號1樓,1000000,1030516
396,12728391,吉安五金有限公司,臺中市東區東門路161號,5000000,1030519
399,12734886,東陽旅遊露營用品有限公司,臺中市豐原區西勢里中山路三六一號,1000000,1030513
404,12737997,雷強投資股份有限公司,臺中市西屯區櫻城一街160號1樓,52000000,1030523
405,12741726,中盟科技有限公司,臺中市太平區中山里中源街三巷26號1樓,1500000,1030529
420,12758423,駿全營造有限公司,臺中市北屯區軍功里37鄰旱溪東路3段91號1樓,10000000,1030509
426,12771468,冠程文教用品有限公司,臺中市沙鹿區六路里平等路125號1樓,6000000,1030521
432,12785385,北皓企業有限公司,臺中市烏日區三榮十五路10號3樓之1,4300000,1030512
434,12795617,凱川企業有限公司,臺中市南屯區南屯路二段175號10樓,5000000,1030519
435,12798157,旗儀資訊有限公司,臺中市南區新榮里復興路三段140號2樓,12000000,1030520
437,12799727,彩博光電科技有限公司,臺中市西區東興路三段160號6樓之2,1180000,1030507
441,12801786,忠泰投資股份有限公司,臺中市北區三民路三段374號1樓,5000000,1030513
445,12806620,臻美裝璜有限公司,臺中市神岡區社口里社口街一六六巷六號一樓,2000000,1030514
447,12807584,麗富康國際股份有限公司,臺中市西區民龍里臺灣大道二段309號6樓之1,30000000,1030522
456,12820799,勇陸企業有限公司,臺中市外埔區水美里二崁路588巷21號1樓,33000000,1030526
461,12826978,群崴營造股份有限公司,臺中市北屯區和平里軍功東街九十六巷22號2樓,6000000,1030507
465,12829200,亞路有限公司,臺中市北區明新里中清路一段447號6樓之1,9000000,1030502
468,12834169,万全杰事業股份有限公司,臺中市西區忠明里中美街439號1樓,16000000,1030515
472,12840269,車台精品工業股份有限公司,臺中市南區長榮里有恆街72號,2000000,1030509
473,12841302,福億通訊股份有限公司,臺中市南區復興路1段270號8樓,69231690,1030512
474,12844716,永立聖生技有限公司,臺中市大雅區二和里雅潭路四段416號,10000000,1030502
501,12886004,渱閔實業有限公司,臺中市南屯區溝墘里水安街33號,2000000,1030513
503,12887480,正鈑企業有限公司,臺中市西屯區大河里大河街74號,31000000,1030527
505,12895799,和河企業有限公司,臺中市西屯區港尾里中清路二段1250巷7號1樓,1000000,1030509
509,12902882,日蝕科技股份有限公司,臺中市北屯區松茂里松明街147巷10號1樓,5000000,1030519
513,12907922,塑揚工業有限公司,臺中市潭子區大通街131巷9-1號1樓,1000000,1030522
528,12926322,長慶豐企業有限公司,臺中市豐原區西湳里東洲路20巷16號,6000000,1030527
530,12928095,優群貿易股份有限公司,臺中市南屯區河南路四段688號12樓之12,40000000,1030516
591,12988683,金大勝企業股份有限公司,臺中市霧峰區育賢路70號1樓,4700000,1030526
595,12995544,勇佃機械工業有限公司,臺中市豐原區三豐路799巷139號,3000000,1030508
597,12999197,東翰實業有限公司,臺中市太平區大源六街22號,1000000,1030529
598,13002662,永辛企業有限公司,臺中市西屯區福林里台中港路三段120巷51弄18號5樓,5000000,1030513
605,13022415,大鵬營造有限公司,臺中市大肚區瑞井里遊園路一段105之17號1樓,3000000,1030526
607,13023152,鉅騰冷凍科技有限公司,臺中市南屯區春社里忠勇路21之1號1樓,3000000,1030526
609,13026783,育聯文化事業有限公司,臺中市大里區中興路二段816巷7號6樓,500000,1030509
611,13029135,思微特室內裝修工程有限公司,臺中市北屯區松竹路一段797號1樓,5000000,1030523
614,13035880,利士多國際有限公司,臺中市大里區仁化工十二路97號1樓,60000000,1030514
625,13049033,磐溢企業有限公司,臺中市神岡區東寶里大德北路35巷27弄17號1樓,500000,1030502
627,13050586,安丞股份有限公司,臺中市南屯區文心路一段73號4樓之1,25000000,1030505
629,13052851,佶慶不動產經紀有限公司,臺中市沙鹿區居仁里臺灣大道七段892號1樓,500000,1030506
636,13063983,大台灣旅遊網股份有限公司,臺中市南區永和里南和一街16巷20號1樓,60000000,1030523
642,13068220,萬得發有限公司,臺中市大雅區中清路四段821號,10000000,1030523
645,13078796,旭邦醫療器材有限公司,臺中市后里區后里里泉州路4之30巷12號,32000000,1030505
658,13090362,樸源國際股份有限公司,臺中市豐原區鎌村里鎌村路326巷23-3號,60000000,1030507
668,13107933,銳典國際有限公司,臺中市神岡區岸裡里大豐路42巷35號,2000000,1030512
710,13157715,太鋼科技股份有限公司,臺中市霧峰區中投東路2段322號,15000000,1030501
727,14013907,長欣利科技股份有限公司,臺中市西屯區重慶路99號8樓之3,40750000,1030521
767,16024936,冠霖鋼模股份有限公司,臺中市大安區永安里東西四路二段400巷12號,1000000,1030528
769,16028736,總興有限公司,臺中市豐原區北湳里圓環北路2段223巷16弄16號,2500000,1030527
772,16033127,服杏企業有限公司,臺中市西屯區長安路1段29巷16弄17號2樓,22000000,1030527
775,16039712,星汯企業有限公司,臺中市中區大誠街33之1號,1000000,1030514
776,16041766,有舜工業有限公司,臺中市大里區健民里仁化路221巷17號,1500000,1030530
777,16044644,新六寶加油站股份有限公司,臺中市大雅區員林里中清路四段259號,20000000,1030515
778,16046066,兆遠鋼鐵股份有限公司,臺中市豐原區東湳里三豐路700巷9號,75000000,1030530
793,16075218,信風紙器有限公司,臺中市大肚區頂街里華昌街223號1樓,2000000,1030507
799,16085969,群健有線電視股份有限公司,臺中市北屯區文心路4段934號12樓之1、之2及936號12樓之1,2581283930,1030508
863,16172871,陞富國際股份有限公司,臺中市西區美村路一段41號2樓,198000000,1030508
873,16191595,成洋工業股份有限公司,臺中市太平區宜欣里宜昌東路162號,16000000,1030508
878,16203419,金莊嚴家具精品有限公司,臺中市西屯區港尾里17鄰中清路1386巷21弄6號1樓,2000000,1030528
882,16207745,長園科技實業股份有限公司,臺中市西屯區科雅東路9號,547410000,1030513
893,16226790,裕展藥品股份有限公司,臺中市大雅區大雅里中清路三段1076號,1000000,1030527
896,16233069,全盛螺絲五金企業有限公司,臺中市神岡區和睦路311號,1000000,1030528
900,16244805,榮井有限公司,臺中市后里區公館里三豐路374之3號,10000000,1030505
902,16251220,三豐開發股份有限公司,臺中市東區十甲里十甲路186巷3號1樓,15000000,1030523
906,16264771,衛蒲實業有限公司,臺中市外埔區大同里甲后路342號,5000000,1030515
912,16274363,協承興業有限公司,臺中市北區尊賢街9號18樓,10000000,1030526
950,16339990,商捷實業股份有限公司,臺中市北屯區同榮路420號1樓,1000000,1030513
954,16345959,家陽營造股份有限公司,臺中市北區明德里太原五街22號1樓,7400000,1030520
957,16352228,威昌營造股份有限公司,臺中市東勢區新盛里泰昌街30巷30號1樓,6000000,1030520
966,16373074,莉安企業有限公司,臺中市龍井區東海里藝術南街115號,1000000,1030516
969,16376684,丞浩企業有限公司,臺中市西屯區大鵬里長安路二段71巷32弄2號1樓,3000000,1030528
973,16380414,文利害蟲防治有限公司,臺中市豐原區豐社路五七巷十二號之三,10000000,1030512
975,16383658,鈺大貿易股份有限公司,臺中市烏日區溪福路332號1樓,9220000,1030505
976,16386058,揚程機械有限公司,臺中市南屯區黎明路2段248巷2弄5號1樓,1000000,1030529
977,16386373,博浤有限公司,臺中市東區東英里自由路四段362號1樓,2000000,1030515
978,16387660,忠合成實業股份有限公司,臺中市大肚區社腳里沙田路1段854巷67之23號,193000000,1030526
981,16392235,上萊工業有限公司,臺中市東區十甲里十甲路174巷1號,2000000,1030515
983,16393092,源寶源企業股份有限公司,臺中市南屯區大正街5-3號1樓,5000000,1030529
985,16393276,美諾實業有限公司,臺中市西屯區中清路二段1386巷6號1樓,5000000,1030528
996,16428584,元倫家電股份有限公司,臺中市豐原區水源路465號,15000000,1030509
1013,16448343,保勝投資股份有限公司,臺中市西區臺灣大道2段220號36樓,1762594000,1030512
1041,16486129,沛翊通管理顧問有限公司,臺中市北屯區大連路3段10號8樓之2,1000000,1030523
1042,16487669,匯德興企業有限公司,臺中市北屯區松勇里松竹路2段86巷48弄16號,1000000,1030520
1043,16490144,正乙建設股份有限公司,臺中市大里區東興里永隆路３９１號３樓,35000000,1030516
1049,16498820,昌盛電機廠有限公司,臺中市外埔區永豐里六分路93之1號,1000000,1030507
1051,16503598,煒訊資訊科技有限公司,臺中市豐原區北湳里角潭路一段37號1樓,5000000,1030526
1055,16505694,順風汽車有限公司,臺中市西區民生里建國路51-7號1樓,500000,1030528
1056,16509570,日碩實業股份有限公司,臺中市西區忠誠里大隆路20號4樓之3,136010000,1030509
1059,16513075,一泰企業管理顧問有限公司,臺中市西屯區何明里漢口路一段54號4樓,6000000,1030507
1062,16523840,慶泰營造有限公司,臺中市龍井區竹坑里竹師路一段210巷3號1樓,3000000,1030520
1063,16524616,科安自動控制設備有限公司,臺中市東區東英十二街118號1樓,500000,1030520
1068,16545669,藤宇有限公司,臺中市大里區現岱路13號12樓,10000000,1030509
1077,16551057,上佳路企業股份有限公司,臺中市西屯區逢福里櫻城一街65號3樓,25000000,1030529
1078,16552302,昱泰機電企業有限公司,臺中市太平區太平十八街78號4樓,1000000,1030514
1081,16556187,柏洲國際股份有限公司,臺中市豐原區北湳里圓環北路二段143號14樓之2,10000000,1030516
1082,16567662,李安開發有限公司,臺中市西區向上路一段79巷76號1樓,5000000,1030515
1086,16574100,集得科技股份有限公司,臺中市潭子區仁愛路2段239巷42號1樓,12000000,1030505
1125,16646287,常誠人力資源顧問有限公司,臺中市西屯區臺灣大道二段715號5樓之2,17000000,1030523
1126,16655279,盈威利實業有限公司,臺中市西屯區工業區一路2巷3號10樓之2,500000,1030526
1128,16660040,虹菱科技股份有限公司,臺中市大雅區上楓里民族街71號1樓,5000000,1030505
1132,16667212,維泰消防工程檢修技術顧問有限公司,臺中市后里區墩東里民生路92號,3000000,1030527
1137,16677788,台灣船井技研股份有限公司,臺中市南屯區南屯路二段408號11樓之9,20000000,1030513
1141,16683753,工固股份有限公司,臺中市龍井區工業路250號,24000000,1030519
1148,16699570,昕榮工業股份有限公司,臺中市霧峰區五福西路102號,5000000,1030508
1154,16710673,金允泰企業有限公司,臺中市北屯區平安里文昌東六街46號2樓,15000000,1030520
1156,16714427,尚鑫有限公司,臺中市南屯區文山里文山九街110號,1000000,1030528
1157,16715328,兌德企業有限公司,臺中市東區進化路205巷30號1樓,1000000,1030509
1168,16725557,品郁有限公司,臺中市霧峰區本堂里樹仁一街14號1樓,500000,1030528
1173,16729028,金曲音響有限公司,臺中市北區一中街243號2樓,1000000,1030514
1245,16832064,凱督國際股份有限公司,臺中市潭子區頭家里中山路一段223號,126000000,1030523
1260,16853320,喬騰廣告有限公司,臺中市南屯區豐樂里文心南一路110號,1000000,1030515
1261,16854221,擎誠企業有限公司,臺中市南屯區黎明路一段148巷48號,600000,1030515
1264,16862448,溢峰國際股份有限公司,臺中市西區美村路一段41號2樓,22500000,1030508
1267,16864282,台灣曼寧工程顧問股份有限公司,臺中市西屯區大墩19街186號3樓之1,11000000,1030519
1269,16867345,台詳工業有限公司,臺中市東區東門路28巷30號1樓,31000000,1030519
1272,16869081,啟森交通事業有限公司,臺中市梧棲區頂寮里臨港路四段860巷7號1樓,25000000,1030519
1273,16869110,啟元交通事業有限公司,臺中市梧棲區福德里忠孝街137號1樓,25000000,1030521
1279,16880136,百士佳股份有限公司,臺中市西屯區工業區36路5號,29900000,1030512
1286,16891978,立晟彩珍有限公司,臺中市南區建國南路88號1樓,2000000,1030521
1303,16911010,大將作事業股份有限公司,臺中市大里區西榮路291號1樓及地下1層,10000000,1030522
1306,16914987,忠仕金屬股份有限公司,臺中市東區東信里一心街279號1樓,72600000,1030529
1311,16926359,浚宇營造有限公司,臺中市西屯區洛陽路118巷12號,3000000,1030508
1312,16928476,廣玉投資股份有限公司,臺中市西區忠誠里臺灣大道二段536號5樓之3,29000000,1030501
1313,16930282,大宇國際電器有限公司,臺中市南屯區文山里精科三路8號,30000000,1030529
1314,16930966,力得益工業有限公司,臺中市西屯區港尾里中清路二段1250巷50號1樓,3000000,1030522
1317,16933485,強鼎營造股份有限公司,臺中市大里區新里里德芳路二段137巷1號1樓,3000000,1030512
1321,16936671,比堤國際股份有限公司,臺中市太平區大源九街28號1樓,5000000,1030521
1324,16943420,鴻勁科技股份有限公司,臺中市大雅區中清路三段758巷7號,215866160,1030514
1336,16967983,新曜機械有限公司,臺中市太平區中興里永平路二段521巷134號1樓,5000000,1030515
1338,16973090,永山宏興業有限公司,臺中市南屯區鎮平里鎮平巷36號,5000000,1030501
1413,22034243,台灣艾恩司股份有限公司,臺中市烏日區溪南路3段418巷133號,15000000,1030527
1417,22054922,隆盟電機有限公司,臺中市大里區國光里國光路二段334號,5000000,1030519
1428,22081673,挐峰塑膠股份有限公司,臺中市潭子區潭北里人和路62號1樓,18000000,1030514
1429,22082069,欣忠通信有限公司,臺中市大里區東湖里國寶街23-22號1樓,2000000,1030527
1430,22087640,晉豪機械股份有限公司,臺中市后里區月眉里雲頭路44之28號1樓,6000000,1030521
1433,22096063,富昌營造有限公司,臺中市南區福興里和昌街250號,25000000,1030515
1434,22099218,華邦電子股份有限公司,臺中市大雅區科雅1路8號,36944661930,1030514
1441,22100405,光聯科技股份有限公司,臺中市潭子區台中加工出口區建國路12號,1583518320,1030527
1442,22104649,華興家具有限公司,臺中市北區賴厝里中清路一段520號1樓,4000000,1030508
1444,22108758,鉅基科技股份有限公司,臺中市神岡區豐工中路31號,251442750,1030521
1446,22110240,臺隆手套實業股份有限公司,臺中市后里區三豐路391巷28號,10000000,1030506
1453,22132618,旭裕不銹鋼有限公司,臺中市太平區東平路777巷9號,5000000,1030521
1455,22134307,寬青企業有限公司,臺中市西區民生里自由路一段101號20樓,5000000,1030507
1476,22222152,森輝彩色印刷股份有限公司,臺中市東區東興里建成路719號1樓,6000000,1030505
1494,22291354,勤匯實業股份有限公司,臺中市中區光復里臺灣大道一段299巷8號1、2樓,12000000,1030513
1495,22295274,晉得鋼閥股份有限公司,臺中市太平區正光街105號,50000000,1030513
1501,22303921,鄉源木器業有限公司,臺中市神岡區昌平路五段100號,40000000,1030501
1503,22307927,舜昌齒輪機械股份有限公司,臺中市豐原區南村里向陽路147巷13號,5000000,1030520
1505,22314342,南信企業有限公司,臺中市烏日區溪埧里溪南路一段158號1樓,6000000,1030519
1516,22340019,台灣發那科股份有限公司,臺中市西屯區協和里工業區16路10號,1448190000,1030528
1533,22388815,特旺塑膠股份有限公司,臺中市沙鹿區斗潭路195巷30號,75650000,1030515
1535,22396478,塑華工業股份有限公司,臺中市潭子區民生街66號1樓,8000000,1030522
1536,22405618,宗懋貿易有限公司,臺中市南屯區文心路一段186號18樓之1,5400000,1030522
1537,22408565,高讚工業股份有限公司,臺中市沙鹿區犂分里七賢南路25號1樓,10000000,1030505
1538,22409277,馨莊化粧品股份有限公司,臺中市潭子區潭秀里潭富路1段144巷29號,10000000,1030520
1539,22413595,建禎股份有限公司,臺中市豐原區社皮里成功路３１０巷２５號,7000000,1030508
1563,22486702,台中果菜運銷股份有限公司,臺中市西屯區港尾里8鄰中清路二段1558號,3000000,1030516
1566,22491775,銘陽建設股份有限公司,臺中市西屯區大隆路168之2號3樓,81000000,1030530
1571,22503076,尚品塑膠股份有限公司,臺中市南屯區工業區21路9號,28800000,1030526
1573,22504841,詠栓工業有限公司,臺中市西區公正里大進街218號1樓,3000000,1030508
1578,22510203,台振精密模具股份有限公司,臺中市豐原區南陽路184巷53號,5000000,1030530
1582,22517536,普德家電股份有限公司,臺中市太平區中興里東平路769號1樓,7540000,1030526
1614,22577230,益利企業有限公司,臺中市西區館前路55號8樓之3,12000000,1030507
1617,22585800,長生預拌混凝土股份有限公司,臺中市烏日區榮泉里中山路三段1335巷57之1號,133000000,1030505
1620,22612460,元輪機車有限公司,臺中市西區忠誠里西屯路2段9之1號1樓,1000000,1030530
1626,22650040,凱鍶鎂股份有限公司,臺中市大甲區日南里東二街16號,80000000,1030505
1631,22659491,佩谷投資股份有限公司,臺中市西屯區工業區九路10號1樓,5000000,1030522
1639,22664348,立勤實業股份有限公司,臺中市大里區東興里東明路436巷8號,78800000,1030529
1646,22680924,遠泰汽車股份有限公司,臺中市潭子區頭家里中山路一段223號,23000000,1030512
1651,22699156,承航有限公司,臺中市南屯區東興路2段186號12樓之1,5000000,1030515
1653,22711898,和宗機械股份有限公司,臺中市潭子區栗林里中山路三段603號1樓,89400000,1030529
1668,22771229,希華晶體科技股份有限公司,臺中市潭子區中山路3段111巷1-1號,1575060220,1030526
1681,22802861,富田電機股份有限公司,臺中市神岡區豐洲里豐洲路301巷2-1號,240000000,1030529
1684,22812404,罄鐘佛具有限公司,臺中市豐原區三村里三和路354巷97弄50-3號,5000000,1030513
1685,22817273,龍邦國際興業股份有限公司,臺中市西區臺灣大道2段220號36樓,5632142900,1030508
1707,22853690,台灣日油股份有限公司,臺中市大肚區社腳里沙田路1段854巷67之3號,50000000,1030516
1724,22910735,鎂和鋼鐵股份有限公司,臺中市南屯區中和里南光路91巷41號1樓,79800000,1030512
1726,22930752,鑑麟實業股份有限公司,臺中市北屯區仁美里崇德路三段908之1號,20000000,1030520
1730,22939037,名冠企業股份有限公司,臺中市太平區永義路95號,5000000,1030501
1737,22967125,佳昕興業股份有限公司,臺中市大雅區員林里神林路一段343巷17號,12000000,1030523
1739,22971599,加貿工業股份有限公司,臺中市大雅區六寶里中清路五段79巷12號,5000000,1030514
1740,22977783,辛雨實業有限公司,臺中市神岡區豐洲里豐洲路456巷26弄16號,1000000,1030522
1752,22998324,湧舜實業股份有限公司,臺中市豐原區東湳里三豐路884巷35號,15000000,1030526
1753,22999766,洽群機械股份有限公司,臺中市大雅區大雅里民生路1段49巷2號,90000000,1030506
1754,23000832,義益貨運股份有限公司,臺中市南屯區黎明路一段37巷105號1樓,10000000,1030522
1756,23005127,欣旺交通有限公司,臺中市大雅區三和里建興路79-22號1樓,10000000,1030501
1779,23085873,通裕機電工業股份有限公司,臺中市西屯區工業區三五路6號,9000000,1030514
1780,23089414,台灣滑軌股份有限公司,臺中市龍井區三德里中厝路50巷60弄33-3號,5000000,1030514
1784,23101135,暘星企業股份有限公司,臺中市豐原區豐圳里成功路665號1樓,35000000,1030502
1790,23113033,華太建設股份有限公司,臺中市西區中興街229號12樓,170000000,1030528
1792,23115320,聯合建築經理股份有限公司,臺中市北區臺灣大道二段340號5樓之3,11178300,1030508
1815,23183614,川岳機械股份有限公司,臺中市太平區德隆里工業十五路5號,40000000,1030515
1816,23187858,金擷成精機股份有限公司,臺中市豐原區西湳里三豐路799巷267號,3000000,1030505
1817,23193492,升冠機械股份有限公司,臺中市大里區西湖里西湖路419號,5000000,1030529
1821,23203604,明仁醫藥股份有限公司,臺中市西屯區大鵬里長安路二段131巷3-5號11樓,5000000,1030520
1823,23206975,中大機電工業股份有限公司,臺中市烏日區仁德里文德街33巷10號1樓,28800000,1030512
1825,23216241,駿龍實業股份有限公司,臺中市西屯區成都路190號,20000000,1030527
1836,23235015,同好企業有限公司,臺中市南屯區南屯路二段26號1樓,5000000,1030521
1843,23251176,華茂企業股份有限公司,臺中市北區華美街2段262號4樓之2,5000000,1030521
1846,23258585,玉雪股份有限公司,臺中市北區錦平里育才北路69號2樓,72000000,1030528
1850,23265988,明星鑄鋁有限公司,臺中市神岡區三角里大豐路四段230號,3000000,1030523
1851,23270737,亞美先進科技股份有限公司,臺中市西屯區協和里工業區32路63號,77250000,1030528
1853,23275418,捷淨環保工程股份有限公司,臺中市西屯區黎明里干城街166號,16120000,1030526
1885,23380087,世錩交通器材有限公司,臺中市烏日區太明路成豐巷67號1樓,18300000,1030519
1886,23386110,富商企業股份有限公司,臺中市太平區永義路13號1樓,6000000,1030528
1891,23409747,大倚企業股份有限公司,臺中市烏日區北里里太明路53巷28弄9號1樓,2000000,1030521
1892,23409922,六贏股份有限公司,臺中市龍井區中社一街132號1樓,2000000,1030509
1914,23474198,豐農證券股份有限公司,臺中市豐原區水源路669號,200000000,1030526
1930,23505951,豪億興企業有限公司,臺中市南區和平里南平路6-10號1樓,5000000,1030523
1934,23521431,龍翌興業股份有限公司,臺中市后里區墩南里三豐路79號,29000000,1030522
1935,23522425,佳宣廣告有限公司,臺中市北區英才路290號12樓之1,5000000,1030521
1954,23542610,全豐交通有限公司,臺中市西屯區永安里福雅路366號1樓,3000000,1030521
1958,23547306,保固油漆股份有限公司,臺中市南區和平里南平路2-15號1樓,20000000,1030519
1961,23568126,遠新股份有限公司,臺中市北屯區太和路一段132號1樓,10400000,1030512
1962,23573021,企盛工業股份有限公司,臺中市東區大振街154號,5000000,1030529
1967,23584701,大立欣業有限公司,臺中市北區賴厝里中清路一段546號,2000000,1030502
2007,23695538,俊國水電工程有限公司,臺中市大里區日新路403號,12600000,1030508
2009,23699345,統帥保全股份有限公司,臺中市北屯區平德里文心路四段462號4樓,40000000,1030507
2029,23751685,吉臨國際股份有限公司,臺中市西屯區工業區一路90之7號,5000000,1030501
2041,23782527,虹鳴工業有限公司,臺中市神岡區社口里社口街136號3樓,1380000,1030509
2048,23800665,中竑股份有限公司,臺中市太平區太平里永豐路108巷12弄17號,8000000,1030529
2050,23808060,岑益儀器股份有限公司,臺中市霧峰區民生路２２９之１１號１樓,5000000,1030512
2052,23811282,大銓自動門有限公司,臺中市北區福樂街40號1樓,1000000,1030505
2054,23812563,春田科技陶瓷有限公司,臺中市北屯區文心路四段81號9樓之1,5000000,1030527
2055,23813985,宜勵實業有限公司,臺中市潭子區潭秀里南門街一○三號,2000000,1030515
2062,23836283,閤祥重機械有限公司,臺中市西屯區廣福里中清路三段323號1樓,1000000,1030527
2063,23839079,玄基貿易有限公司,臺中市西屯區福中里中工二路146號3樓,5000000,1030512
2106,23942003,光悌企業有限公司,臺中市東區建成路718號2樓,5000000,1030519
2121,23984729,山銘汽車貨運股份有限公司,臺中市大雅區員林里中清路四段68號,30000000,1030520
2139,24200984,高領精密機器股份有限公司,臺中市大雅區中清路一段123號1樓,20000000,1030528
2142,24203048,大同生醫高科技股份有限公司,臺中市西屯區漢口路二段330-7號,10000000,1030506
2147,24206951,華陽精密工業有限公司,臺中市神岡區庄後里溝心路52號,10000000,1030523
2150,24208424,宏揚安全器材有限公司,臺中市豐原區中興里成功路43號6樓,1000000,1030502
2151,24209628,恩達生技股份有限公司,臺中市大甲區中山路1段1191號,100000000,1030519
2153,24211342,喬陽有限公司,臺中市大雅區六寶里中清路四段811巷7弄5號1樓,1000000,1030515
2154,24211498,虹運塑膠企業有限公司,臺中市神岡區岸裡里大富路147巷5號1樓,2000000,1030512
2162,24215683,台灣矽能能源股份有限公司,臺中市西屯區臺灣大道三段658號9樓之5,308793250,1030508
2166,24217423,閤里居空間設計有限公司,臺中市南區永和里五權南一路43號,250000,1030523
2167,24219787,松泉國際有限公司,臺中市沙鹿區三鹿里向上路七段753號,14000000,1030507
2168,24222299,江氏國際有限公司,臺中市大甲區中山里水源路317號,1200000,1030526
2172,24227415,威得環衛工程股份有限公司,臺中市東區東橋里建德街267號1樓,1000000,1030514
2181,24235999,增澤科技股份有限公司,臺中市西屯區福恩里工業區一路70號10樓A室,110290000,1030527
2183,24237188,祥祐不動產經紀有限公司,臺中市西區向上南路一段241號1樓,1400000,1030528
2192,24242014,呈大企業有限公司,臺中市沙鹿區埔子里正英三街45巷12號2樓,5000000,1030521
2197,24245130,照翔實業有限公司,臺中市西區忠明里美村路一段52巷18號2樓,1000000,1030527
2200,24246460,裕力投資股份有限公司,臺中市西屯區工業區九路10號1樓,33000000,1030515
2202,24248592,碧璽生技有限公司,臺中市西屯區福林里臺灣大道四段1262號12樓之1,1000000,1030514
2205,24249918,聚喜餐飲有限公司,臺中市豐原區自成街66號,2300000,1030516
2214,24259181,藍海保全股份有限公司,臺中市北區邱厝里健行路373之5號,40000000,1030508
2220,24265682,鼎申機械股份有限公司,臺中市神岡區大社里大漢街34-1號4樓,500000,1030508
2224,24268822,和立資訊股份有限公司,臺中市西屯區臺灣大道三段540號3樓之3,8000000,1030526
2228,24273141,瑞弘國際實業有限公司,臺中市豐原區圓環北路二段399號2樓,8100000,1030513
2230,24274280,耀威光電股份有限公司,臺中市大雅區中清路三段738號,200000000,1030526
2233,24275485,鑫和衛星電視股份有限公司,臺中市梧棲區中華路1段1098號1樓,50000000,1030515
2234,24275990,裕唐投資有限公司,臺中市北區英才路219號2樓,22500000,1030519
2237,24277907,川漁有限公司,臺中市西屯區惠來里市政北一路15號1樓,5000000,1030515
2238,24278482,弘德興業有限公司,臺中市西屯區林厝里福雅路482巷102號2樓,1000000,1030522
2240,24279882,鈦展塑科有限公司,臺中市龍井區龍津里中央路一段3巷188號7樓,7000000,1030528
2246,24284230,育洲國際有限公司,臺中市南屯區同心里文心路一段210號8樓之2,5000000,1030523
2247,24286119,鉅鎧科技有限公司,臺中市西屯區文心路3段236號8樓,500000,1030523
2249,24288572,弘嘉貿易有限公司,臺中市西屯區潮洋里黎明路二段783號,1000000,1030522
2256,24296448,冠威生物科技有限公司,臺中市北屯區軍功里東山路一段218巷6之7弄12之10號,1000000,1030514
2301,24324937,統源國際資產管理股份有限公司,臺中市豐原區成功路500號,201000000,1030516
2339,24364206,鑫世豐有限公司,臺中市西區向上路一段5號之1壹樓,5000000,1030527
2344,24366507,儀翔光電科技有限公司,臺中市西區吉龍里五權西6街171號1樓,3000000,1030509
2351,24373042,台灣昕陽有限公司,臺中市大雅區四德里中清路三段708號,3000000,1030526
2353,24374197,立家公寓大廈管理維護有限公司,臺中市潭子區潭陽里中山路2段135號4樓之3,10000000,1030522
2365,24381140,鑫坊有限公司,臺中市大里區國光路二段630號1樓,500000,1030507
2372,24384391,光勝科技股份有限公司,臺中市烏日區高鐵路一段23號1樓,30700000,1030508
2373,24384998,唯誠國際有限公司,臺中市豐原區三村里三和路51號1樓,3000000,1030520
2375,24385357,阡悅企業有限公司,臺中市梧棲區仁美街135巷116號1樓,5000000,1030506
2383,24387643,全球旭能有限公司,臺中市大雅區雅潭路四段420號,10000000,1030520
2391,24395854,日月燒烤餐廳有限公司,臺中市西區大忠里大忠南街92巷12號1樓,3000000,1030507
2392,24396170,亞詮有限公司,臺中市大里區健康2街35號1樓,2500000,1030506
2393,24396262,銳昇工業股份有限公司,臺中市大肚區華山路138巷1號1樓,7200000,1030528
2398,24398402,利綸企業股份有限公司,臺中市西區忠誠里臺灣大道二段536號6樓,1000000,1030514
2402,24400054,豐機國際股份有限公司,臺中市大里區東湖里國寶街23-22號1樓,8880000,1030513
2412,24407134,良特機械工程有限公司,臺中市龍井區中央路一段3巷158號3樓,3000000,1030514
2415,24408859,吉力不動產有限公司,臺中市南屯區大墩路286號1樓,1000000,1030513
2418,24413683,鑫榮資通有限公司,臺中市西屯區福和里中工三路151號2樓,2000000,1030506
2419,24413868,云暉有限公司,臺中市南屯區向心南路906巷39號,5000000,1030506
2423,24418195,飛瑞興業有限公司,臺中市北屯區同榮里同榮路35號1樓,1000000,1030521
2425,24420381,嵐雅光學股份有限公司,臺中市大雅區中清路4段860巷41號1樓,8000000,1030513
2427,24420565,利齊電子有限公司,臺中市南屯區向心南路981巷7號2樓,1000000,1030506
2428,24421044,里禾事業股份有限公司,臺中市北屯區和平里東山路一段296、296-1號1樓,2400000,1030520
2438,24430206,御翔順股份有限公司,臺中市神岡區中山路667巷127號側,28000000,1030519
2440,24431710,基因沃克生醫科技有限公司,臺中市北屯區水湳里文心路四段81號9樓之1,1000000,1030521
2441,24433267,首岳資訊網路股份有限公司,臺中市北區文心路四段200號8樓之1,5000000,1030505
2442,24435321,森泰營造有限公司,臺中市北屯區中清路二段415巷40弄29號1樓,3000000,1030526
2444,24435390,金沛投資股份有限公司,臺中市北區進化北路231之8號,39560000,1030501
2450,24437931,威富建設開發有限公司,臺中市南屯區南屯里三和街65號6樓之6,10000000,1030509
2452,24439760,天韻室內設計有限公司,臺中市北區育德里健行路689號1樓,1000000,1030520
2456,24443856,辰碩環技工程有限公司,臺中市梧棲區文明街66巷32號1樓,5000000,1030527
2526,24493911,富維康國際有限公司,臺中市南屯區文心路一段512號1樓,5000000,1030507
2612,25000787,寶達開發建設有限公司,臺中市大雅區員林里大林路195巷23-17號1樓,12000000,1030526
2616,25004897,優穩建設有限公司,臺中市南屯區大墩五街350號,20000000,1030523
2622,25009078,光遠心國際股份有限公司,臺中市西屯區福聯里福順路832號,61000000,1030520
2623,25009252,陞運事業有限公司,臺中市南區台中路334號,4000000,1030530
2633,25020664,家園事業有限公司,臺中市北區山西路2段61號3樓之2,1000000,1030502
2639,25023959,沃農士食品股份有限公司,臺中市大安區福興里興安路168號,10000000,1030520
2641,25024296,力德集成科技股份有限公司,臺中市南屯區文心路一段186號13樓之2,4000000,1030528
2644,25024768,凱迪亞有限公司,臺中市北屯區仁美里長生巷23-5號1樓,5000000,1030506
2647,25030585,金磚有限公司,臺中市南屯區春社里永春南路430巷68-8號2樓,1030000,1030526
2652,25035548,美十樂健康事業股份有限公司,臺中市南屯區文心南一路80號1樓,12000000,1030522
2665,25046101,深耕發展農業股份有限公司,臺中市太平區山田路26巷5號1樓,25000000,1030527
2666,25046616,廣至環球有限公司,臺中市梧棲區居仁街68號,5000000,1030519
2670,25047381,三富鑫企業有限公司,臺中市西屯區福聯里福科路841號,5000000,1030506
2679,25053123,國昌醫院管理顧問有限公司,臺中市北區健行里忠明路432號B1,4000000,1030514
2690,25064705,楓義工程有限公司,臺中市北屯區仁愛里四平路37巷6-1號,3000000,1030501
2691,25064873,宏強實業有限公司,臺中市北區中清路一段447號7樓之1,1000000,1030501
2695,25065654,民順輪胎股份有限公司,臺中市南屯區豐樂里東興路1段445號1樓,29850000,1030506
2709,25071852,富苑科技股份有限公司,臺中市南屯區三義里黎明東街561之6號3樓,3000000,1030523
2713,25072894,山喜建設開發有限公司,臺中市烏日區九德里中華路611號3樓之5,20000000,1030502
2722,25079284,元富興業股份有限公司,臺中市西屯區福中里天保街150巷56號2樓,1000000,1030512
2723,25080466,鵬程開發有限公司,臺中市西區忠誠里華美西街一段186號1樓,25000000,1030513
2727,25084646,惠得生技有限公司,臺中市南屯區南屯路2段119號2樓,500000,1030505
2728,25085602,葳夫利德數位行銷有限公司,臺中市西屯區中清路二段1426號,3000000,1030514
2744,25096642,全淯有限公司,臺中市太平區中興里新平路一段209巷12號1樓,1000000,1030516
2812,25136124,迴廊創新產業育成有限公司,臺中市南區高工路460號5樓,20000000,1030515
2850,25155472,邏思音樂分析有限公司,臺中市北屯區水湳里文心路四段81號9樓之1,5000,1030519
2851,25156113,慶昌齒輪企業有限公司,臺中市神岡區豐洲里東洲路137之12號,10000000,1030507
2853,25157464,揚晟貿易有限公司,臺中市西屯區福和里台灣大道四段771號10樓,500000,1030523
2856,25159717,冠軍銘版有限公司,臺中市南屯區楓樹里永春東二路56號,1000000,1030509
2858,25162353,捷聯精密有限公司,臺中市烏日區南里里溪南路三段108號1樓,100000,1030512
2859,25162760,賽佛數位行銷有限公司,臺中市西屯區福和里臺灣大道四段923號3樓,3500000,1030520
2864,25166153,詮巨有限公司,臺中市大甲區育英路108號1樓,8000000,1030506
2871,25170635,海派國際股份有限公司,臺中市神岡區溪洲里神洲路856號1-3樓,10000000,1030521
2879,25177074,高進科技有限公司,臺中市北屯區東山路一段145巷23弄68號1樓,1000000,1030522
2881,25177975,正豪興業有限公司,臺中市梧棲區臺灣大道九段30號1樓,1000000,1030529
2882,25178003,東玖紙業有限公司,臺中市大肚區福利路118巷4號,4100000,1030515
2888,25183300,良欣氣體股份有限公司,臺中市外埔區水美里二崁路588巷22號,66000000,1030523
2890,25185383,京傳不動產經紀有限公司,臺中市大里區永隆里國光路二段359號1樓,750000,1030506
2892,25188473,永泰豐科技股份有限公司,臺中市豐原區南嵩里水源路81號1樓,60000000,1030529
2908,27058010,健康化學製藥股份有限公司,臺中市大甲區日南里幼四路12號,10000000,1030520
2916,27209235,保旺國際投資有限公司,臺中市西屯區市政路386號12樓之6,139500000,1030502
2945,27265453,安普琪科技股份有限公司,臺中市南屯區惠中路三段69號10樓,1000000,1030507
2946,27266050,瓜瓜實業有限公司,臺中市西區公正里大墩十街28號1樓,1500000,1030526
2947,27268352,形向企業有限公司,臺中市西屯區成都路159號1樓,2500000,1030515
2952,27272715,康富生技中心股份有限公司,臺中市北區學士路257號12樓,300000000,1030523
2953,27273756,榮蓁科技股份有限公司,臺中市大雅區四德里中清路三段758巷2號,24000000,1030530
2960,27280320,中科鋼鐵股份有限公司,臺中市大里區仁化里仁美路159巷16號,133000000,1030514
2966,27283537,瀧井企業有限公司,臺中市烏日區溪埧里環中路八段３３２巷１１８弄９０號一樓,1000000,1030519
2967,27287479,欣泊實業有限公司,臺中市龍井區龍泉里中社三街51號1樓,500000,1030516
2972,27296218,華易有限公司,臺中市南屯區豐富路299巷20號1樓,20000000,1030516
2977,27304961,優綱德級國際有限公司,臺中市南屯區文心路1段378號8樓之9,15700000,1030501
2978,27307952,立昕科技股份有限公司,臺中市大里區塗城路852巷18之2號,5000000,1030515
2990,27324024,國際智庫永續資源中心股份有限公司,臺中市南區忠明南路789號36樓,5000000,1030515
3034,27372545,泳捷科技有限公司,臺中市西屯區港尾里中清路二段1250巷130弄6號1樓,1000000,1030522
3036,27374425,鴻國國際有限公司,臺中市豐原區西勢里興安街22號1樓,2000000,1030507
3038,27378724,明潁有限公司,臺中市大里區中興路二段69-11號,500000,1030508
3044,27388547,展旺土木包工業股份有限公司,臺中市大肚區新興里沙田路2段159巷6號,5000000,1030501
3046,27389644,銓耀貿易有限公司,臺中市西屯區港尾里15鄰中清路二段1302號,2500000,1030530
3048,27391888,鑫大略建設股份有限公司,臺中市西區梅川西路一段107號,25000000,1030505
3054,27398502,湶洲有限公司,臺中市大里區國光里永興路78號2樓,1000000,1030502
3056,27398995,博琝實業有限公司,臺中市清水區南社里鰲峰路161巷86之2號,20000000,1030512
3058,27399489,盛東方建設事業股份有限公司,臺中市西區忠明里博館路117號3樓之3,10000000,1030530
3067,27411174,恒揚光電科技股份有限公司,臺中市西屯區至善里臺灣大道三段658號13樓之2,49144410,1030519
3071,27417114,家康住活設計有限公司,臺中市西屯區西屯路三段宏福三巷4弄7號2樓,2000000,1030515
3072,27418802,方順有限公司,臺中市大里區瑞城里美村街146巷65弄10號,600000,1030523
3084,27435746,采京貿易有限公司,臺中市西屯區漢口路二段151號15樓之5,5000000,1030527
3094,27446820,錫昌科技企業有限公司,臺中市神岡區豐洲里東洲路137之12號,28200000,1030507
3095,27447399,禾晟科技有限公司,臺中市大里區大元里現岱路16巷11弄22號1樓,2000000,1030519
3106,27459599,云登國際貿易有限公司,臺中市潭子區大豐路三段128號1樓,1000000,1030521
3117,27473924,仲樺開發有限公司,臺中市北屯區北屯里太原路三段139巷7號,1000000,1030516
3121,27485484,統智開發有限公司,臺中市北區建成里東光東街10號1樓,1000000,1030506
3128,27498973,祺益科技有限公司,臺中市西屯區福順路891巷5號14樓之2,2000000,1030521
3130,27499179,胤程工程有限公司,臺中市北屯區松竹路二段300巷7弄28號1樓,3000000,1030506
3142,27518598,國興電工股份有限公司,臺中市南屯區寶山里工業區23路28之1號2樓,330000000,1030528
3209,27580558,翔天電子實業有限公司,臺中市大里區仁化工十二路97號2樓,5000000,1030528
3219,27593081,閎凱科技股份有限公司,臺中市北屯區平興里遼寧路一段173號1樓,29000000,1030527
3220,27595145,永業不動產有限公司,臺中市西屯區安和路133-1號1樓,500000,1030520
3226,27602949,鈞元建設股份有限公司,臺中市南區三民西路238-1號,25000000,1030508
3228,27605087,鉅鯨開發建設股份有限公司,臺中市東區東英12街23號1樓,12000000,1030514
3229,27606678,足依寶健康事業有限公司,臺中市南屯區河南路四段690巷22-1號1樓,7000000,1030507
3233,27613880,顯鑫國際有限公司,臺中市東區東南里十甲路13巷25號1樓,1000000,1030506
3238,27621657,廣彥科技有限公司,臺中市大里區東湖里公園街425巷122號1樓,1000000,1030520
3243,27630656,博浥有限公司,臺中市北區淡溝里英才路329號1樓,1000000,1030506
3249,27633387,佑隆工程有限公司,臺中市北區健行路８６巷１弄１８之２號,12000000,1030523
3260,27642885,寶騰蓮花股份有限公司,臺中市梧棲區文化里中和街１號１樓,25000000,1030530
3263,27644595,英吉機械有限公司,臺中市太平區華安街100巷24號1樓,1000000,1030515
3267,27646257,安盈機械有限公司,臺中市神岡區三角里三社路53巷22號1樓,2000000,1030502
3270,27648229,順佳科技股份有限公司,臺中市東區十甲里十甲路258號1樓,8000000,1030526
3273,27655488,敉瑞科有限公司,臺中市北區進化路575號6樓之4,6490000,1030523
3282,27668147,意坊舞蹈戲劇服裝用品有限公司,臺中市西屯區河南路22號1樓　,1000000,1030520
3285,27671451,峰康企業股份有限公司,臺中市西屯區合江街８４號,20000000,1030515
3369,27773366,印比雅實業股份有限公司,臺中市西屯區協和里工業區41路2號,5000000,1030520
3374,27782750,威特凱企業有限公司,臺中市豐原區三豐路662巷1號1樓,10000000,1030527
3377,27788109,岑益精密工業股份有限公司,臺中市霧峰區民生路229之12號1樓,10000000,1030512
3386,27794355,拓程開發實業股份有限公司,臺中市西屯區青海路二段242-33號及台中市西屯區青海路二段242-33號3樓之1、3樓之3、3樓之5至3樓之12、4樓之1、4樓之2、4樓之5至4樓之11、5樓之1、5樓之2、5樓之9至5樓之12、6樓之1、6樓之2、6樓之5至6樓之9、7樓之1、7樓之3、7樓之5至7樓之12、8樓之1至8樓之12、9樓之1至9樓之12、10樓之1至10樓之12、11樓之1至11樓之12、12樓之1、12樓之2、12樓之5至12樓之12,5500000,1030508
3395,27800791,榮鎂油漆實業有限公司,臺中市西屯區港尾里中清路二段1355號1樓,1000000,1030516
3397,27801497,悟纈有限公司,臺中市梧棲區福德里中央路二段292之1號,10000000,1030529
3399,27804282,欣仕發企業有限公司,臺中市大肚區頂街里沙田路三段245巷97號,2000000,1030507
3400,27804419,仁亨企業管理顧問有限公司,臺中市太平區長安路３２號１樓,500000,1030528
3403,27809771,博今生物科技有限公司,臺中市中區大墩里三民路二段39號1樓,5300000,1030516
3404,27809961,光源貿易有限公司,臺中市南區和平里南平路33-3號,500000,1030516
3410,27817505,綠誠生物科技食品股份有限公司,臺中市西屯區大河里大河街32巷21號1樓,88000000,1030530
3414,27819807,鴻禧國際興業有限公司,臺中市西屯區廣福里中科路1731號,20000000,1030506
3415,27821971,尚頂精密有限公司,臺中市大里區仁美路137巷28號1樓,500000,1030501
3417,27826217,舉基工業股份有限公司,臺中市梧棲區草湳里自立路388號,16000000,1030501
3419,27827980,程印印刷有限公司,臺中市南屯區永定里文昌街２２７巷３２號１樓,1000000,1030509
3420,27828186,珅鋐實業有限公司,臺中市豐原區西湳里三豐路721巷40弄2號1樓,8000000,1030526
3425,27832082,富中國際有限公司,臺中市南屯區豐偉路89之2號7樓,1000000,1030523
3427,27834574,辰揚環保股份有限公司,臺中市南屯區楓樂巷1-95號,2000000,1030514
3429,27834976,贊銘實業有限公司,臺中市東區振興路412巷181號1樓,1000000,1030505
3430,27836138,明遠顧問股份有限公司,臺中市西區自由路1段101號17樓之1,5000000,1030501
3434,27841420,永豐不動產有限公司,臺中市北屯區瀋陽路三段130號1樓,1000000,1030506
3446,27857941,詰興開發實業有限公司,臺中市南屯區同心里南屯路二段290號7樓之5,5000000,1030523
3450,27860707,佳格萊加油站股份有限公司,臺中市沙鹿區三鹿里中興路643號,8000000,1030519
3455,27864611,台楊建設有限公司,臺中市大雅區四德里神林南路515號1樓,580000,1030501
3469,27882012,聯合農化股份有限公司,臺中市北屯區軍榮一街15號,1000000,1030515
3473,27890189,尚立租賃股份有限公司,臺中市北屯區仁和里崇德路三段168號2樓,80000000,1030522
3477,27894278,風尚電腦有限公司,臺中市北區賴村里尚德街５７號１樓,3000000,1030515
3540,27981673,泰威保險經紀人股份有限公司,臺中市南區仁和一街26號,3000000,1030528
3572,28021076,國躍工業有限公司,臺中市大肚區沙田路一段320巷33-45號,5000000,1030501
3577,28031476,優樂多股份有限公司,臺中市南區樹德一巷2之5號,12500000,1030520
3585,28035796,同文國際顧問有限公司,臺中市西屯區重慶路389號,2000000,1030506
3590,28042488,祥運國際企業有限公司,臺中市大雅區中清路五段25巷2號,1000000,1030509
3592,28044681,順動電機企業有限公司,臺中市西屯區福中里天保街66號1樓,1000000,1030526
3595,28049623,永強電訊有限公司,臺中市北屯區新平里中清路二段415巷40弄26號1樓,1000000,1030514
3606,28063363,捷安全省物流倉儲有限公司,臺中市太平區新坪里育才路146號,500000,1030514
3609,28069330,本草堂股份有限公司,臺中市南屯區惠文路318號,5000000,1030513
3611,28070343,合基興業股份有限公司,臺中市豐原區南陽里南陽路301巷30弄4號2樓,5000000,1030501
3617,28080243,鼎鑫物業管理顧問有限公司,臺中市北屯區昌平路一段388號7樓之1,6000000,1030519
3626,28088998,翊豐通風有限公司,臺中市大里區大元里大里街16巷7號1樓,10000000,1030521
3634,28097672,統帥物業管理顧問有限公司,臺中市北屯區天津路三段67號6樓,1000000,1030508
3640,28101583,漢新不動產經紀有限公司,臺中市西屯區何厝里漢口路二段11號1樓,1000000,1030529
3644,28104505,英美達國際股份有限公司,臺中市北屯區水景里太原路三段1022-2號1樓,12700000,1030501
3645,28106573,首工俱工具有限公司,臺中市大里區西湖里草堤路158巷35號,1500000,1030512
3656,28113217,台積太陽能股份有限公司,臺中市大雅區橫山里13鄰科雅西路5號,11341000000,1030508
3664,28130790,奇盛多媒體網路有限公司,臺中市南區工學二街115巷2號1樓,1000000,1030521
3682,28144062,百宜紙器有限公司,臺中市大里區塗城里光正路134巷141弄37號,2000000,1030519
3684,28144844,誠泰知識股份有限公司,臺中市南屯區東興路2段186號8樓之2,5000000,1030515
3690,28148383,台中商務旅館股份有限公司,臺中市西屯區臺灣大道三段593號,65100000,1030502
3691,28152626,詮鑫國際有限公司,臺中市梧棲區中正里仁美街135巷33弄7號1樓,1000000,1030512
3702,28165050,東方紅企業有限公司,臺中市南屯區大誠里精誠路678-1號8樓,500000,1030520
3704,28169576,久崧開發有限公司,臺中市豐原區豐田里田心路二段267中巷20號1樓,17300000,1030506
3724,28181988,容景精密科技股份有限公司,臺中市北區淡溝里臺灣大道二段360號5樓之1,45000000,1030516
3795,28310441,協發機電消防工程有限公司,臺中市西屯區廣福路180巷7之27號1樓,6000000,1030508
3799,28315044,凌揚資訊股份有限公司,臺中市西區公正里東興路3段126之3號4樓,6000000,1030506
3802,28320715,佑良精密有限公司,臺中市豐原區豐田里南陽路59巷100弄29之5號,2000000,1030530
3807,28324058,藍鵲建設股份有限公司,臺中市大雅區四德里神林南路641巷1號8樓之7,50000000,1030515
3815,28336218,得意生活百貨有限公司,臺中市清水區清水里中山路129號,5000000,1030508
3818,28340938,翰陞環保科技股份有限公司,臺中市大里區西榮路146號1樓,5000000,1030502
3824,28347762,玄鴻建設股份有限公司,臺中市太平區長安路283巷13號1樓,30000000,1030512
3826,28357851,捷恩麥克生物科技有限公司,臺中市大里區新里里爽文路596號5樓之1,10000000,1030526
3833,28369391,黃河精密股份有限公司,臺中市豐原區南陽里永康路211巷60號8樓之1,10000000,1030530
3836,28371299,汎華實業股份有限公司,臺中市烏日區仁德里興祥街19巷39弄10號1樓,12000000,1030505
3837,28372109,益利望有限公司,臺中市西屯區惠來里惠中路１６０號２樓,3000000,1030526
3838,28373177,多買國際行銷有限公司,臺中市北區崇德路一段579號7樓之2,5000000,1030530
3840,28374943,創邑科技有限公司,臺中市西屯區福林里台灣大道四段1218號8樓之2,7500000,1030526
3845,28379166,立錦有限公司,臺中市南區樹義里復興路一段152巷2號,13300000,1030515
3848,28382423,京章有限公司,臺中市南屯區向心里向心南路923號1樓,1000000,1030515
3856,28393527,登越工程有限公司,臺中市梧棲區頂寮里四維中路224巷3號1樓,10000000,1030515
3857,28393815,鼎邦科技有限公司,臺中市西區忠誠里大隆路20號12樓之2,500000,1030527
3859,28397642,捷聖科技有限公司,臺中市東區旱溪街276號1樓,500000,1030509
3860,28398157,精峰國際有限公司,臺中市西區中興里中興7巷2號1樓,2000000,1030508
3863,28401441,達康興業有限公司,臺中市太平區新吉里育仁南路1號2樓,5000000,1030515
3871,28420209,研華寶元數控股份有限公司,臺中市西屯區臺灣大道二段633號6樓之1、2、5、6、7,300000000,1030530
3890,28444504,詠庒國際股份有限公司,臺中市西屯區朝馬六街60之3號,6700000,1030526
3924,28463804,尊榮實業股份有限公司,臺中市西屯區逢甲里崇義街41號1樓,10000000,1030512
3973,28493379,大岩建設股份有限公司,臺中市南屯區大墩五街300號1樓,22500000,1030514
3978,28499845,韓進國際企業股份有限公司,臺中市西屯區惠來里市政北一路77號12樓之16,5000000,1030513
3979,28501820,星博有限公司,臺中市沙鹿區福興里福至路51巷31號1樓,6000000,1030521
3987,28511947,路迪曼企業有限公司,臺中市北區英才路334號2樓,5000000,1030513
3989,28512880,中台資產開發有限公司,臺中市西區英士路71號1樓,5000000,1030528
3995,28517920,台灣三軸科技有限公司,臺中市南屯區寶山里五權西路三段10巷88-1號1樓,8000000,1030528
3996,28518076,台灣美光記憶體股份有限公司,臺中市后里區三豐路429-1號,29451000000,1030523
3997,28519687,冠鴻事業股份有限公司,臺中市西屯區天保街150巷56號1樓,20000000,1030512
4002,28520896,寶蓮資產管理股份有限公司,臺中市南屯區文心路1段324號7樓之2,135622200,1030506
4005,28523296,華宥建材有限公司,臺中市北屯區環中路1段1566號,10000000,1030507
4007,28526603,臣浬投資有限公司,臺中市太平區中山路一段376巷24號1樓,1000000,1030527
4008,28526619,樂天開發有限公司,臺中市西屯區福恩里工業區一路58巷33弄33號10樓之6,16000000,1030519
4010,28528784,華躍事務機器有限公司,臺中市西屯區中清路二段1296巷11號1樓,1000000,1030526
4016,28537411,民權科技有限公司,臺中市中區柳川里民權路164號,500000,1030507
4020,28541533,光益工程技術顧問有限公司,臺中市大雅區忠義里東大路二段1100巷7號1樓,6000000,1030519
4023,28543440,璽貿實業股份有限公司,臺中市西屯區河南路2段262號9樓之11,6000000,1030527
4031,28554179,中信國際科技有限公司,臺中市東區東信里一心街160巷7號1樓,600000,1030506
4034,28556319,米笛亞美音有限公司,臺中市南屯區三厝里永春東七路736號2樓,2000000,1030530
4039,28563064,沛穎國際有限公司,臺中市大里區立德里立元路87號,8800000,1030501
4042,28568194,金浦生技股份有限公司,臺中市西區後龍里臺灣大道二段105號6樓,1000000,1030519
4046,28571888,先施管理股份有限公司,臺中市西屯區港尾里中康街220號,1500000,1030507
4050,28575879,帝崙國際企業有限公司,臺中市大雅區三和里雅潭路四段11號1樓,5000000,1030520
4053,28576883,宏境科技股份有限公司,臺中市西屯區工業區38路210號2樓之12,30937500,1030527
4054,28578897,精量實業有限公司,臺中市西區大隆路20號11樓之6,12000000,1030529
4092,28614556,真河堂有限公司,臺中市北區中華路2段116號、116-1號,5000000,1030529
4100,28624196,采豐五金有限公司,臺中市大肚區自強里遊園路2段133巷8號1樓,1000000,1030506
4107,28633033,金格科技股份有限公司,臺中市大里區仁化里工業十二路38號,14079850,1030529
4109,28634770,優勢品牌包裝有限公司,臺中市南屯區公益路二段608號14樓之5,3000000,1030515
4110,28637376,元聚不動產經紀有限公司,臺中市大雅區大雅里中清路三段1030號1號,500000,1030516
4112,28641049,金和利廣告股份有限公司,臺中市西屯區青海路二段451號6樓之2,2000000,1030527
4119,28650834,印天堂事業有限公司,臺中市西區英才路476號1樓,1000000,1030507
4126,28653918,沛高實業有限公司,臺中市太平區東平里中和街338號1樓,10000000,1030526
4132,28659841,胤福股份有限公司,臺中市大雅區大楓里前村路162號,110000000,1030516
4133,28660404,艾羅資訊有限公司,臺中市西區五權五街151號4樓之3,4500000,1030513
4136,28661488,源臻翔國際開發有限公司,臺中市西屯區大墩20街88之8號3樓之2,1000000,1030522
4140,28664324,優映國際股份有限公司,臺中市沙鹿區鹿寮里光榮街83巷52號1樓,3000000,1030526
4142,28666809,百瀚國際有限公司,臺中市北屯區水湳里文心路4段83號9樓之2,5000000,1030523
4231,28724603,宜慶科技股份有限公司,臺中市霧峰區民生路229之12號2樓,22000000,1030512
4232,28727073,元碁工程股份有限公司,臺中市南屯區南屯路二段255號1樓,1000000,1030515
4233,28727849,綠寶生物科技有限公司,臺中市大肚區王田里沙田路一段320巷50-1號,10000000,1030515
4236,28728586,亞昌通訊科技有限公司,臺中市西屯區福雅里福雅路166號9樓之2,3000000,1030521
4241,28732955,易鴻廣告有限公司,臺中市北區健行里健行路780號1樓,500000,1030520
4246,28737109,桑緹亞股份有限公司,臺中市后里區星科路8號,2360100000,1030509
4254,28746135,日祐國際有限公司,臺中市北區賴厝里東漢街7號1樓,1000000,1030526
4258,28750860,文河堂有限公司,臺中市北區中華路二段116-1號,5000000,1030523
4262,28753677,光波屋股份有限公司,臺中市北屯區興安路二段461巷55弄21號1樓,5000000,1030522
4263,28755886,好士特家具有限公司,臺中市北屯區環中路1段878號,10000000,1030508
4271,28763751,程盛有限公司,臺中市烏日區中山路一段557號2樓,1000000,1030514
4279,28767790,新雙溪水上股份有限公司,臺中市大甲區奉化里農安路171號,26000000,1030521
4291,28776670,源佑有限公司,臺中市大里區立德里26鄰新甲路37號,5000000,1030508
4294,28779888,翔林科技有限公司,臺中市北屯區山西中街106巷22號2樓,10000000,1030520
4313,28794678,裕昇報關有限公司,臺中市梧棲區八德路82之1號5樓之6,5000000,1030527
4315,28799300,台中銀保險經紀人股份有限公司,臺中市西區民權路87號8樓,284360000,1030505
4320,28802895,山水興事業有限公司,臺中市大里區中新里新生路123號1樓,20000000,1030521
4331,28818284,義發興業有限公司,臺中市外埔區永豐里六分路91之3號1樓,500000,1030512
4359,28835609,群英數位科技股份有限公司,臺中市西屯區河南路2段262號4樓之3,10000000,1030522
4391,28857390,陽天科技股份有限公司,臺中市烏日區烏日里民族街33號1樓,20000000,1030512
4411,28871034,逸品家具有限公司,臺中市大里區夏田里環河路一段756號1樓,1000000,1030530
4412,28872054,龍寶生命科技股份有限公司,臺中市北區光大里中清路一段100號11樓之3,30000000,1030529
4413,28873130,玖舜貿易有限公司,臺中市東勢區粵寧里新豐街40號1樓,2000000,1030514
4418,28876755,妗美生醫科技有限公司,臺中市北屯區仁美里長生巷27之13號1樓,1000000,1030514
4422,28881259,兩津興業有限公司,臺中市龍井區東海街93巷42號1樓,2000000,1030529
4424,28882503,育傑塑膠股份有限公司,臺中市豐原區翁子里豐勢路二段757號1樓,5010000,1030529
4425,28882742,釧陽國際股份有限公司,臺中市西屯區福雅路111巷6號1樓,3000000,1030516
4427,28883539,喬瓏顧問有限公司,臺中市大里區瑞城里瑞城二街13巷8號,12000000,1030528
4430,28884973,昱鑫應材有限公司,臺中市西屯區港尾里中清路二段1250巷102弄2號2樓,2000000,1030523
4435,28888582,大東開發有限公司,臺中市西區忠誠里華美西街一段142號6樓之3,5000000,1030514
4446,28896210,伊美設計有限公司,臺中市豐原區豐西里瑞安街156號4樓之2,500000,1030526
4448,28898625,鑫盛達貿易有限公司,臺中市豐原區西安里西勢路114巷62弄4號,1000000,1030521
4457,28902748,可睿智全球行銷策略有限公司,臺中市西屯區文心路二段201號14樓之5,10000000,1030513
4461,28904345,寶慶開發股份有限公司,臺中市西屯區台灣大道四段600號10樓,370000000,1030529
4464,28905533,美揚科技有限公司,臺中市清水區下湳里中山路396-28號1樓,5000000,1030516
4466,28907011,盛幃有限公司,臺中市烏日區中山路1段557號2樓,1000000,1030514
4468,28911227,有富工程有限公司,臺中市西區貴和街69巷3號1樓,3000000,1030509
4469,28913409,京浩投資股份有限公司,臺中市西屯區至善里台中港路2段128-3號13樓之2,68500000,1030507
4471,28915737,越聖科技貿易有限公司,臺中市北屯區松強里松竹路二段362之26號1樓,3000000,1030515
4477,28921288,五張犁加油站股份有限公司,臺中市烏日區五光路279號,28000000,1030520
4480,28923835,昌隆電機有限公司,臺中市霧峰區吉峰里民生路288巷24號1樓,1000000,1030527
4482,28924692,孟奇拉企業有限公司,臺中市北區忠明路432號5樓之2,500000,1030526
4490,28931461,富比德精密機械股份有限公司,臺中市豐原區豐圳里榮春街337號,5000000,1030508
4491,28931552,福麗通運股份有限公司,臺中市梧棲區自立二街122號,60000000,1030502
4496,28935516,僑凌工程實業有限公司,臺中市北區崇德里崇興路2段73號1樓,15200000,1030501
4499,28937541,六星開發股份有限公司,臺中市南屯區文心路一段186號10樓之9,3000000,1030513
4503,28942410,行國冷凍空調科技有限公司,臺中市北屯區東山路一段123巷29號1樓,3000000,1030528
4504,28942657,凱虹機械有限公司,臺中市神岡區大社里大漢街31巷9弄20號,3000000,1030529
4516,28960937,青騰國際有限公司,臺中市北區尊賢街7號11樓,3000000,1030514
4524,28966382,聚將土地開發有限公司,臺中市西屯區西平里西屯路二段296-6號2樓,1500000,1030502
4529,28968749,普力瑪泰克有限公司,臺中市西屯區協和里工業區37路1號,2500000,1030513
4536,28977156,香港商富吉多有限公司,臺中市西屯區中清路3段492號,5000000,1030529
4541,28983158,英屬安圭拉商豐瑞盛世有限公司,臺中市南屯區大墩十二街292之2號,1010000,1030507
4547,28990221,日商台灣龍雲精機股份有限公司,臺中市西區公益路130號9樓,500000,1030523
4570,29019204,泰泓投資股份有限公司,臺中市南屯區三厝里黎明路2段137號5樓之12,6000000,1030501
4634,29052505,慈恩投資有限公司,臺中市大甲區庄美里興安路138之192號,15000000,1030521
4676,29082233,寶華人力資源顧問股份有限公司,臺中市北屯區文心路三段447號13樓之2,21000000,1030530
4680,29085533,宏浚工業有限公司,臺中市霧峰區北柳里霧工三路9號,5000000,1030501
4687,29089209,億瑩工程有限公司,臺中市后里區義里里甲后路108巷35弄7號1樓,2000000,1030508
4698,29098376,海逢愛不釋手有限公司,臺中市南屯區公益路二段871號1、2樓,1000000,1030501
4706,29104829,亞環育樂有限公司,臺中市大雅區上雅里雅環路二段10號1樓,500000,1030505
4708,29105279,葡萄樹生機有限公司,臺中市西屯區福星路309號3樓,500000,1030506
4709,29106164,天鈺有限公司,臺中市南屯區文心南一路378號5樓之10,1000000,1030528
4710,29107369,法月餐飲股份有限公司,臺中市南屯區惠中里惠文路587號、589號、601巷1號、601巷3號,5000000,1030526
4713,29108753,貝比楷兒有限公司,臺中市太平區坪林里中山路二段126-1號,250000,1030516
4720,29119978,展市有限公司,臺中市太平區新坪里育才路146號1樓,250000,1030513
4721,29120052,晉德國際貿易有限公司,臺中市北屯區仁和里崇德路三段317巷30號2樓,10000000,1030520
4727,29126318,躍佳股份有限公司,臺中市西屯區工業區一路2巷3號4樓之3,2250000,1030528
4771,29168560,捷富科技股份有限公司,臺中市神岡區神洲路856號,5000000,1030501
4789,29182275,法液空電子設備股份有限公司,臺中市大雅區科雅路28號3樓,66200000,1030527
4790,29182660,森勁電力股份有限公司,臺中市西屯區中科路1號,263700000,1030523
4819,30899261,成霖企業股份有限公司,臺中市潭子區潭秀里建國路22號,3295853240,1030526
4860,33825237,成利水電工程企業有限公司,臺中市西屯區何仁里文心路三段296號9樓,35000000,1030508
4879,34097313,小磨坊國際貿易股份有限公司,臺中市西屯區協和里工業區一路70號7樓之1,150000000,1030502
4888,34219456,裕力機械股份有限公司,臺中市西屯區工業區九路10號,218002400,1030523
5083,51073906,大豐麵粉廠股份有限公司,臺中市東區東光園路345號,60840000,1030512
5084,51143001,中台印刷廠股份有限公司,臺中市中區大墩里公園路37號4樓,1500000,1030507
5085,51206103,永進木器廠股份有限公司,臺中市西區公民里柳川西路二段125號2樓,95000000,1030529
5086,51234163,合眾機械科技有限公司,臺中市東區建智街81號,10000000,1030529
5087,51287702,成功電子工業股份有限公司,臺中市南區南平路96號1樓,24000000,1030513
5088,51312435,東光橡膠股份有限公司,臺中市南屯區建功路220號,28000000,1030519
5089,51436203,立忠交通事業有限公司,臺中市西屯區永安里福雅路366號1樓,2500000,1030522
5090,51572023,國際皮件工業股份有限公司,臺中市豐原區鐮村路687巷19號,20000000,1030515
5092,51816908,台中商業銀行股份有限公司,臺中市西區民權路87號,26935822440,1030526
5093,51824800,豐全橡膠企業股份有限公司,臺中市東區樂成里東光園路488號,60000000,1030526
5094,52207208,明高工程股份有限公司,臺中市西區博館路279號,102944210,1030530
5095,52243773,井寶產機企業股份有限公司,臺中市太平區德隆里工業二十路80號,100000000,1030528
5096,52264848,和大工業股份有限公司,臺中市大里區仁化路115號,2252970940,1030521
5097,52266748,奇妮服裝股份有限公司,臺中市西屯區協和里工業區33路19號,20000000,1030507
5098,52271524,大象樹脂化學企業股份有限公司,臺中市南區福興里福新街35號1樓,10000000,1030515
5099,52281017,立寶開發事業股份有限公司,臺中市北區健行路418號,4000000,1030523
5100,52291155,三有樹脂股份有限公司,臺中市中區建國路161號,8000000,1030528
5101,52331353,多利寶寢具股份有限公司,臺中市烏日區前竹里中山路一段265巷6號,29000000,1030516
5102,52339496,慧國工業股份有限公司,臺中市西屯區工業區三路3號,301880000,1030522
5103,52392793,真煒企業股份有限公司,臺中市大肚區營埔一街3號1樓,2000000,1030530
5104,52397397,實毅營造股份有限公司,臺中市西屯區黎明路三段348號10樓,80000000,1030515
5105,52484527,住新建設有限公司,臺中市西屯區西平里逢甲路29-1號2樓之3,20000000,1030506
5106,52487974,恒仁義廣告裝潢有限公司,臺中市西屯區何明里大弘三街17號1樓,1000000,1030513
5107,52497451,全裕記化工興業有限公司,臺中市西屯區大河里福上巷197弄6號1樓,5000000,1030508
5108,52532078,香山籐業股份有限公司,臺中市西屯區大河里大河街35號,28000000,1030516
5109,52566479,詠泰鑄造原料有限公司,臺中市東區十甲里東英路385巷11號1樓,2500000,1030507
5110,52574920,大員鐵工廠有限公司,臺中市西屯區協和里安和路25號,8000000,1030513
5111,52592271,優築營造股份有限公司,臺中市西屯區上安里臺灣大道三段540號9樓之5,250000000,1030519
5112,52594432,富收實業有限公司,臺中市南區美村路2段106巷49弄25號,6000000,1030520
5113,52623416,仲泰精密科技股份有限公司,臺中市西屯區中清路三段185號1樓,13000000,1030520
5114,52625717,喬立車刀有限公司,臺中市東區東興里建成路718號1樓,8000000,1030519
5115,52639000,興農育樂股份有限公司,臺中市大雅區通山路46號1、2樓,195000000,1030506
5116,52642808,榮慶空調設備有限公司,臺中市西區五權路91號,5000000,1030526
5117,52644545,臺遠企業股份有限公司,臺中市北屯區平心里崇德路2段180號2樓,5000000,1030520
5118,52655438,德翁實業有限公司,臺中市北區健行里西屯路一段337巷12號,3300000,1030506
5119,52711059,世岱嬰兒用品有限公司,臺中市西屯區廣福里中清路三段285號1樓,12500000,1030526
5120,52750307,台保機電有限公司,臺中市西屯區上安里上仁街82巷26號1樓,10600000,1030519
5121,52755730,瑾翊企業股份有限公司,臺中市南屯區文山里忠勇路125號,7000000,1030513
5122,52757456,吾友塑膠廠股份有限公司,臺中市南屯區南屯里南美街29號,10000000,1030501
5123,52784171,邦泰複合材料股份有限公司,臺中市潭子區豐興路2段龍興巷23號之6,1203063910,1030514
5124,52797204,梁記金屬股份有限公司,臺中市南屯區中台路383號,20000000,1030520
5125,52824053,正德傷殘用具製造廠有限公司,臺中市西屯區惠來里臺灣大道三段326號1樓,5000000,1030502
5126,52946149,正豐保利龍機械有限公司,臺中市南區和平里復興路2段71巷65弄19號,10000000,1030509
5127,52946979,精格電子工業股份有限公司,臺中市東區合作里旱溪西路2段17巷1號,80000000,1030512
5147,53031729,睿國建設有限公司,臺中市南屯區大同里向上南路一段167號13樓之2,18000000,1030501
5150,53033228,瑞有工程有限公司,臺中市大里區萬安路89巷3號1樓,800000,1030505
5151,53033901,育修禮儀有限公司,臺中市太平區新福東街10巷17號1樓,500000,1030529
5152,53034612,永久鋼鋁工程有限公司,臺中市西區昇平里昇平街145巷12號5樓,2000000,1030512
5153,53035078,台美熱能有限公司,臺中市梧棲區四維東路149巷24號9樓,96000000,1030527
5156,53036371,大進國際貿易有限公司,臺中市清水區高北里海口北路110號1樓,400000,1030514
5157,53036674,弘昌鑫有限公司,臺中市清水區海濱里文興路30巷43號,1000000,1030519
5162,53038531,鈺永股份有限公司,臺中市西屯區臺灣大道4段1038號2樓,620520000,1030509
5166,53040543,兆安機械有限公司,臺中市豐原區鎌村里鎌村路465巷102號1樓,10100000,1030512
5167,53041521,期崧有限公司,臺中市西區忠誠里忠明路74巷1弄6號3樓,1000000,1030520
5168,53041682,鈦鴻科技有限公司,臺中市西區和龍里臺灣大道二段16號20樓之2,1000000,1030523
5172,53042818,薩克斯國際有限公司,臺中市大安區西安里東西七路96號1樓,5000000,1030519
5174,53044098,橙宇企業有限公司,臺中市大里區新里里永隆一街239巷20號1樓,5000000,1030519
5175,53046201,健富工業有限公司,臺中市大雅區雅楓里民生路3段64巷16號1樓,1000000,1030528
5176,53046835,展銳股份有限公司,臺中市南屯區惠中路三段69號10樓,1000000,1030507
5179,53049072,欣磊佳實業有限公司,臺中市龍井區遊園南路319巷39號,1000000,1030513
5182,53051267,盛張有限公司,臺中市東區東信里十甲東路198號1樓,5000000,1030505
5187,53053878,定樂有限公司,臺中市神岡區社南里中山路719號,1400000,1030514
5189,53055382,寰昕設計工程有限公司,臺中市西屯區惠來里西屯路二段138號2樓,5000000,1030521
5192,53056707,祥博開發股份有限公司,臺中市西屯區台灣大道二段910號8樓之5,21110000,1030506
5193,53056729,仕欣模具科技有限公司,臺中市太平區永豐路56號,200000,1030505
5196,53058402,佐藤賴登工業股份有限公司,臺中市西屯區福雅里台灣大道四段936號3樓之2,3000000,1030514
5206,53062139,天將五金有限公司,臺中市梧棲區興農里中華路一段884號1樓,1000000,1030501
5218,53069132,荃豐科技有限公司,臺中市西屯區協和里順和七街31號1樓,3000000,1030520
5219,53069323,晟祐工程有限公司,臺中市清水區高南里海口南路47-1號1樓,3000000,1030522
5222,53070834,和順興科技有限公司,臺中市烏日區東園里溪南路1段18巷610弄82號,1000000,1030530
5226,53074064,鴻銘自動化科技股份有限公司,臺中市大里區大元里國中一路70號,3000000,1030513
5228,53075612,東展運動用品股份有限公司,臺中市南屯區大興里永春東路136號1樓,3000000,1030523
5229,53075893,裘思有限公司,臺中市西屯區市政北一路1號1樓1Ａ,100000,1030505
5233,53076555,真好科技有限公司,臺中市大里區立德里合信街62號1樓,300000,1030521
5307,53115608,國璽投資股份有限公司,臺中市南屯區向上南路一段167號14樓,2000000,1030513
5336,53129883,香蕉船創造力有限公司,臺中市西屯區福林里西屯路3段159之74號12樓之8,4000000,1030522
5339,53131190,鑫固建設有限公司,臺中市南屯區豐樂里文心南五路209號1樓,7000000,1030507
5346,53134247,綠德國際有限公司,臺中市北屯區天津路四段137號1樓,1000000,1030519
5348,53135864,揚博國際貿易有限公司,臺中市南屯區溝墘里大墩路771號8樓之2,500000,1030530
5350,53137096,桂花田烘培美食有限公司,臺中市潭子區頭家東村中山路1段420號1樓,3500000,1030519
5353,53139030,鴻庭不動產開發有限公司,臺中市南屯區向心里永春東路357號9樓之5,3500000,1030522
5354,53140249,喬群機電有限公司,臺中市大里區樹王里福德路67巷15號2樓,10000000,1030515
5356,53140944,台灣雅基達有限公司,臺中市沙鹿區向上路六段772號6樓之3,480000,1030515
5358,53142324,玉山資產管理顧問股份有限公司,臺中市北屯區水湳里文心路三段447號13樓之1,30000000,1030530
5363,53145482,新力岑股份有限公司,臺中市南區建國南路1段88號2樓,2000000,1030520
5364,53146010,爾品康有限公司,臺中市龍井區新庄里6鄰中沙路新庄仔巷56號,1000000,1030529
5365,53146757,至尚生技股份有限公司,臺中市太平區興隆里光興路1266巷22弄5號,3000000,1030529
5367,53147123,閩慶工程有限公司,臺中市西區美村路一段733號2樓之4,1000000,1030505
5371,53149190,艾暐國際有限公司,臺中市西屯區福恩里工業區一路二巷3號3樓之6,1000000,1030516
5373,53150105,舶捷工程有限公司,臺中市西區忠明里美村路一段102巷20號1樓,1000000,1030528
5374,53150941,瀚菱精密股份有限公司,臺中市太平區中興里新平路一段7號4樓,5000000,1030508
5377,53151667,台灣金寶田國際開發股份有限公司,臺中市潭子區中山路2段135號10樓之3,10000000,1030505
5378,53151907,觀驥金屬企業有限公司,臺中市豐原區西湳里豐原大道七段162巷231弄67號2樓,2000000,1030519
5387,53158009,森暘國際股份有限公司,臺中市西區吉龍里五權五街151號7樓之3,1000000,1030528
5391,53161052,台灣綠能開發股份有限公司,臺中市南屯區大墩十二街383號1樓,20000000,1030516
5393,53162904,大青節能科技股份有限公司,臺中市大雅區秀山里科雅路38號3樓,400000000,1030515
5397,53167252,凱棠室內裝修設計工程股份有限公司,臺中市南區工學里高工路112號1樓,2000000,1030527
5398,53167416,德昇油品股份有限公司,臺中市清水區公正路60巷10號1樓,5000000,1030515
5399,53168962,億承信工程有限公司,臺中市西屯區福雅路691之2號,5000000,1030502
5400,53169224,宏福物業管理顧問有限公司,臺中市南區工學里工學北路155號1樓,800000,1030520
5405,53170708,至宸國際有限公司,臺中市南屯區寶山六街27號4樓之18,5000000,1030514
5409,53171214,金承資訊有限公司,臺中市南屯區大同里向上南路一段163號9樓之23,5000000,1030530
5412,53174438,盛正企業有限公司,臺中市豐原區北陽里豐東路116-1號1樓,2000000,1030523
5414,53174710,盛揚汽車有限公司,臺中市烏日區三和里中山路三段290號1樓,5500000,1030513
5416,53175719,久大寰宇企業股份有限公司,臺中市西屯區文心路3段241號17樓之5,46600000,1030505
5418,53177879,永泰興生化科技有限公司,臺中市北屯區廍子里太和五街37號1樓,300000,1030529
5441,53191942,晴太建設股份有限公司,臺中市南區福興里福新街1號1樓,8000000,1030527
5512,53237200,睦豐科技有限公司,臺中市烏日區光明里五光路961巷16號1樓,1000000,1030502
5549,53260969,火星發明設計有限公司,臺中市中區柳川里民權路164號25樓之6,2925923,1030513
5552,53262782,晟傑精密工業有限公司,臺中市神岡區庄後里溝心路52號,5000000,1030521
5554,53265520,通佑塑膠科技有限公司,臺中市烏日區北里里太明路成豐巷188號1樓,8000000,1030508
5556,53267371,驊納國際有限公司,臺中市大里區長榮里新芳路37號1樓,1000000,1030526
5559,53269151,佑君有限公司,臺中市霧峰區環河路一段550號,11000000,1030523
5564,53271889,惠虹廣告事業有限公司,臺中市北區賴福里太原路二段88號10樓之6,500000,1030515
5567,53276049,聯盈廣告有限公司,臺中市南區長春里愛國街139號2樓,10000000,1030515
5576,53281654,東林美麗事業有限公司,臺中市南區福順里平順街208號10樓,500000,1030526
5578,53282653,世昌精密科技有限公司,臺中市大雅區橫山里中和路86巷17號4樓,1000000,1030522
5579,53283225,凰太竹金屬企業有限公司,臺中市神岡區溪洲里神洲路716巷71號1樓,2000000,1030523
5582,53284863,瑤瑤實業有限公司,臺中市太平區永成北路239之1號1樓,150000,1030527
5586,53288663,弘雅商務規劃設計有限公司,臺中市南屯區惠中里文心路一段378號12樓之4,500000,1030501
5587,53288973,京漢國際驗證有限公司,臺中市北屯區昌平路1段400號4樓之1,1000000,1030506
5588,53289924,烘焙客有限公司,臺中市大甲區日南里工七路26號2樓,100000,1030521
5589,53290289,昕展建業有限公司,臺中市西屯區福林里福科路569巷28號1樓,1000000,1030521
5590,53290838,恒廣工程有限公司,臺中市大肚區山陽里沙田路三段591巷1號3樓,2000000,1030529
5591,53290915,正佳商業有限公司,臺中市北區邱厝里健行路441-12號,1400000,1030512
5597,53295854,宏福保全股份有限公司,臺中市東區東英里東英十街208號,40000000,1030520
5600,53296214,渼憶生技股份有限公司,臺中市南屯區三和里公益路二段489號,15000000,1030508
5601,53297092,一甲不動產經紀有限公司,臺中市南屯區三和里河南路四段395號1樓,647000,1030520
5602,53297396,原朗創藝有限公司,臺中市龍井區臺灣大道五段240號,1000000,1030527
5603,53297430,旺溢企業有限公司,臺中市外埔區水美里二崁路588巷33號,1000000,1030521
5606,53302406,梵堤設計開發有限公司,臺中市北區育德里美德街375號1樓,2000000,1030506
5613,53305537,勝珈國際有限公司,臺中市西屯區永安里國安一路141號,3500000,1030502
5719,53350167,瑞可資訊有限公司,臺中市北區陜西東五街47巷3號,1000000,1030523
5737,53362184,台灣公正財務管理顧問有限公司,臺中市北屯區天津路四段157號1樓,5000000,1030522
5738,53363542,金郁盛自動化科技有限公司,臺中市大雅區清泉路2巷89號,3000000,1030507
5744,53369031,台灣鑫兆投資開發股份有限公司,臺中市北屯區天津路四段157號1樓,25000000,1030522
5750,53370184,天下傳動科技股份有限公司,臺中市大里區大元里國光路一段206-10號,147765200,1030523
5751,53370375,鼎泰鑫實業股份有限公司,臺中市西屯區至善里青海路2段337號1樓,20000000,1030508
5754,53372275,銓達精密科技股份有限公司,臺中市太平區德隆里工業14路8號,100000000,1030523
5757,53372578,台創精密科技股份有限公司,臺中市沙鹿區六路里明秀一街15號,500000,1030502
5761,53375435,華祐生技有限公司,臺中市大雅區大雅里中清東路227巷8號1樓,300000,1030520
5762,53375884,萬鑫生命禮儀有限公司,臺中市西區公館里民興街123號1樓,1000000,1030515
5764,53376167,達宥企業有限公司,臺中市南區城隍里信義南街229號1樓,1000000,1030520
5765,53376639,喬富土地開發有限公司,臺中市豐原區水源路597號1樓,1000000,1030506
5766,53378518,台灣百度人力資源管理顧問有限公司,臺中市大雅區橫山里永和路112-6號1樓,15000000,1030526
5767,53380248,向鴻國際有限公司,臺中市北屯區大坑里東山路二段100巷6弄22號1樓,600000,1030506
5768,53380583,朝源國際貿易有限公司,臺中市大雅區三和里龍善三街148號1樓,500000,1030520
5770,53382301,禾揚投資股份有限公司,臺中市西屯區大墩十九街50號14樓之3,212000000,1030527
5772,53385150,品叡開發貿易有限公司,臺中市西區東昇里樂群街133號1樓,3000000,1030530
5774,53385193,創欣國際貿易有限公司,臺中市北區忠明路211號8樓之2,5000000,1030520
5775,53385525,百帝爾國際有限公司,臺中市北區文莊里五權路251號2樓,5000000,1030521
5777,53387919,萬合豐精密有限公司,臺中市北屯區北屯路453之4號6樓,54000000,1030521
5778,53390219,陞達行銷有限公司,臺中市潭子區東寶里大豐路1段201之2號,10000000,1030508
5779,53390484,敘志有限公司,臺中市南屯區寶山里忠勇路105-27號,5000000,1030508
5783,53391723,廣潔廣告有限公司,臺中市烏日區五光里環中路七段239-1號1樓,250000,1030507
5786,53392716,鑫大立開發有限公司,臺中市西區梅川西路一段107號,5000000,1030506
5787,53393503,鄭江股份有限公司,臺中市東區合作里自強街24巷19號1樓,36000000,1030519
5788,53393784,建騰工業有限公司,臺中市潭子區嘉仁里福林路三段290巷12號,500000,1030519
5791,53395875,杰瑪股份有限公司,臺中市大肚區王田里沙田路1段208巷60號,20000000,1030508
5796,53397515,有興五金有限公司,臺中市北屯區陳平里中清路二段766號,5000000,1030509
5799,53398232,全泓油漆有限公司,臺中市西屯區港尾里中清路二段1353號1樓,1000000,1030516
5801,53399339,世界美創意設計有限公司,臺中市北區賴村里五常街380號16樓之22,100000,1030527
5802,53399886,焜旺建設股份有限公司,臺中市北區健行里忠明路200號3樓之2,20000000,1030513
5804,53400700,騰翔精密有限公司,臺中市沙鹿區正德路200巷37-3號1樓,6000000,1030515
5808,53401406,雲太電信股份有限公司,臺中市北區淡溝里博館東街38號,2200000,1030509
5809,53401497,友誠精密機械股份有限公司,臺中市烏日區信義街247巷24弄6號1樓,5000000,1030522
5810,53401519,臻酷設計有限公司,臺中市神岡區社口里文昌街326號1樓,1000000,1030501
5813,53402931,易昕實業有限公司,臺中市南區南和里美村南路107巷15號1樓,1000000,1030506
5817,53406107,中脈國際股份有限公司,臺中市南區忠明南路789號6樓B,16000000,1030515
5818,53406248,范特喜微創文化股份有限公司,臺中市西區中興里中興街171號2樓,61140000,1030508
5821,53409126,利崎生物轉融有限公司,臺中市南區台中路78巷17號1樓,1000000,1030515
5855,53429827,鉦鎧工程有限公司,臺中市太平區立智街6號6樓之1,200000,1030528
5895,53470114,利全精密股份有限公司,臺中市大雅區西寶里昌平路四段558巷80號,18000000,1030515
5896,53470120,佳洋工業股份有限公司,臺中市豐原區西安里成功路227號2樓,8600000,1030515
5899,53470894,合利實業股份有限公司,臺中市東勢區中寧里公園路34號1樓,50000000,1030522
5902,53472513,博樺有限公司,臺中市大雅區六寶里中清路四段811巷5弄6號1樓,300000,1030513
5906,53476721,可杰科技有限公司,臺中市西屯區福雅路691-2號,10000000,1030512
5908,53478235,彩云端商務股份有限公司,臺中市西屯區玉門路83號,10000000,1030522
5909,53478729,千森有限公司,臺中市新社區東興里興社街一段135-10號,200000,1030528
5913,53482364,純中鐳射科技有限公司,臺中市北區進化路351巷18號4樓之1,4000000,1030520
5917,53483814,台新資通有限公司,臺中市南區和平里忠明南路760號6樓,5000000,1030521
5920,53486039,百嘉美居家生活有限公司,臺中市北屯區中清路114巷50號1樓,4000000,1030530
5921,53486919,卉茂興業有限公司,臺中市大甲區文武里12鄰德興路143-3號1樓,1000000,1030505
5924,53490097,佑信自動化有限公司,臺中市大里區東昇里環中東路六段56號,1000000,1030501
5929,53493221,豐原禾風有限公司,臺中市豐原區豐西街145號1樓,1000000,1030530
5930,53493279,霆耀科技有限公司,臺中市大里區仁化路221巷36號1樓,5000000,1030514
5931,53493340,福揚國際有限公司,臺中市西區中興街229號10樓,10000000,1030516
5933,53494679,敬成木業有限公司,臺中市后里區墩北里民生路318-1號1樓,2000000,1030520
5937,53497346,佳得樂器有限公司,臺中市南屯區三義里黎明路二段428號3樓之2,450000,1030520
5938,53499409,鈺達機械有限公司,臺中市潭子區栗林里豐栗路63巷1號2樓,4000000,1030515
5940,53499772,一一一乙安心徵信有限公司,臺中市西屯區何安里重慶路99號7樓之3,500000,1030508
5941,53500736,瑋勝國際有限公司,臺中市潭子區民生街66號2樓,1000000,1030522
5948,53504331,佳運國際海運承攬有限公司,臺中市南屯區溝墘里大墩十四街340號1樓,8000000,1030527
5950,53505824,金宥發興業有限公司,臺中市烏日區建國路323號1樓,6000000,1030516
5955,53507371,日機生技股份有限公司,臺中市北區臺灣大道二段340號10樓之2,17000000,1030514
5958,53508408,梵煬室內空間設計有限公司,臺中市西屯區何仁里重慶路159號1樓,200000,1030512
5964,53512888,堉堂國際股份有限公司,臺中市北屯區軍功里東山路一段238巷25弄56號1樓,1000000,1030520
5965,53513107,黑咪瑪有限公司,臺中市西屯區何南里大隆路54號1樓,10000000,1030523
5967,53514252,台銘國際開發有限公司,臺中市北區賴福里進化北路378-14號1樓,7000000,1030523
5968,53514372,哈精企業股份有限公司,臺中市龍井區龍泉里龍社路100巷5號1樓,5000000,1030522
5971,53516857,日隆鑿井工程有限公司,臺中市大甲區文武里德興路35號,5000000,1030523
6029,53548746,派仕科技有限公司,臺中市西屯區中清路三段492號,5500000,1030529
6103,53592236,榮王能源科技有限公司,臺中市霧峰區舊正里光明路116巷25號1樓,1000000,1030514
6118,53599815,樂摸傢俬工務所有限公司,臺中市南區崇倫里忠明南路730巷23號3樓之1,1000000,1030515
6119,53600480,橙北科技有限公司,臺中市豐原區南陽里保康路66巷9號1樓,890000,1030508
6123,53605719,皇碩工業有限公司,臺中市西屯區西墩里黎明路三段310號7樓之3,2000000,1030513
6126,53608482,鑫亨資產管理有限公司,臺中市北區頂厝里崇德路一段503巷51號1樓,500000,1030515
6129,53611542,安卓資訊股份有限公司,臺中市西屯區東大路一段668號7樓之5,4000000,1030515
6135,53616722,東晨光開發顧問有限公司,臺中市南屯區同心里大墩一街284巷22號1樓,500000,1030522
6136,53618778,有豐開發股份有限公司,臺中市西區忠誠里忠明南路40、42號10樓,50000000,1030512
6137,53618828,勤美管理顧問有限公司,臺中市豐原區田心里大明路23號1樓,80000,1030519
6143,53622908,碩德科技環保有限公司,臺中市大里區爽文路538巷52號,2000000,1030513
6152,53628831,昱安營造工程有限公司,臺中市大里區中興路二段384號3樓,5000000,1030522
6156,53633320,嘉凰建設股份有限公司,臺中市大里區大明路393之12號,112000000,1030514
6161,53636038,承浤國際開發股份有限公司,臺中市西區忠明南路42號10樓,30000000,1030529
6163,53640075,惠興廣告事業有限公司,臺中市西區忠明里館前路12號4樓之3,1000000,1030515
6165,53640602,艾恩室內裝修設計工程有限公司,臺中市西區土庫里忠明南路385號3樓,5000000,1030519
6166,53640650,豐裕景觀股份有限公司,臺中市太平區新坪里育賢路162號2樓,29800000,1030502
6168,53641969,瑞寶鐘錶股份有限公司,臺中市西區美村路一段140號1樓,13000000,1030527
6170,53643039,由鉅事業有限公司,臺中市南屯區春社里永春南路91號,5000000,1030512
6177,53647133,嘉德兄弟投資有限公司,臺中市霧峰區萊園里萊園路139巷2號1樓,24000000,1030515
6178,53647437,風閣娛樂事業有限公司,臺中市西區後龍里12鄰向上路一段17巷8弄1號,1500000,1030530
6183,53651261,香港商九州日東精工香港有限公司,臺中市西屯區市政北一路77號12樓之9,500000,1030530
6200,53666102,英屬維京群島商鑛騰有限公司,臺中市西屯區工業區三十六路2號,50000000,1030523
6212,53672940,模里西斯商酷企鵝國際開發有限公司,臺中市烏日區學田里溫泉路16之6號1樓,180000000,1030516
6214,53673498,薩摩亞商合詠有限公司,臺中市西屯區河南路2段259號3樓之1,1000000,1030512
6464,53779611,財德利香業有限公司,臺中市清水區楊厝里頂三庄路82號1樓,1500000,1030515
6465,53780954,勝宏精密科技股份有限公司,臺中市大里區日新里福大路41號1樓,8100000,1030519
6469,53782566,聖心文具有限公司,臺中市大雅區二和里雅環路一段326、328號1樓,1500000,1030523
6470,53783354,薇納家居生活有限公司,臺中市北屯區同榮里環中路一段1486號,480000,1030520
6479,53790067,杏柏健康有限公司,臺中市北區賴村里中清路一段372號3樓,3000000,1030516
6481,53791592,偉業運動科技股份有限公司,臺中市南屯區永春東路136號1樓,6000000,1030523
6482,53791755,佰頡有限公司,臺中市西區忠明里中美街379巷18號,500000,1030514
6485,53792924,凱友包裝機械有限公司,臺中市西屯區福雅里福順路227巷7號1樓,200000,1030507
6491,53795507,合興數位股份有限公司,臺中市北屯區水湳里文心路三段447號6樓之1,10660000,1030523
6494,53796338,宏基光生物科技有限公司,臺中市東區建功街5號壹樓,500000,1030516
6496,53797625,鈜展企業有限公司,臺中市沙鹿區洛泉里中山路196巷9號2樓,1000000,1030521
6497,53797929,禾豐頤實業有限公司,臺中市南屯區惠德街331號2樓,1000000,1030516
6499,53798151,威嘉貿易有限公司,臺中市神岡區大洲路32巷3號,17000000,1030516
6501,53798271,易創事業有限公司,臺中市北區健行里忠明路424號地下1層之2,500000,1030512
6502,53798568,遠皇事業有限公司,臺中市北區光大里光大街26號,1050000,1030501
6503,53798639,安齊營造有限公司,臺中市大雅區六寶里中清路五段97巷27弄3號,3000000,1030516
6506,53799476,信全國際有限公司,臺中市神岡區中山路667巷26弄8之2號,8000000,1030528
6509,53801629,廣誠開發建設有限公司,臺中市西屯區何成里大墩路921號5樓,3000000,1030526
6514,53802583,裕翰國際有限公司,臺中市東區富台里練武路289之1號1樓,2000000,1030506
6515,53802824,周摩實業有限公司,臺中市大里區新里里爽文路538巷35號1樓,2160000,1030528
6516,53803871,汎朋實業股份有限公司,臺中市南屯區惠中里文心路一段332號,10000000,1030509
6521,53806477,家禾承股份有限公司,臺中市北區淡溝里臺灣大道二段360號5樓之2,8500000,1030515
6522,53806862,貴人競爭力顧問有限公司,臺中市北區長青里漢口路三段189號7樓,500000,1030512
6523,53807031,錡緯科技有限公司,臺中市北區立人里華美街2段262號5樓-3,3000000,1030501
6528,53811422,信偉開發建設有限公司,臺中市大甲區新美里新美街37號1樓,16000000,1030519
6530,53812647,益昕國際有限公司,臺中市西區昇平里昇平街35號1樓,4000000,1030526
6531,53813110,士鋒有限公司,臺中市西屯區寶慶街50巷6之5號9樓之1,300000,1030522
6537,53817707,今煜豐電機有限公司,臺中市北區賴村里中清路一段372號3樓,3000000,1030516
6540,53819775,鐵木真投資有限公司,臺中市中區公園里中正路138號3樓,100000,1030513
6542,53820225,金昱欣實業有限公司,臺中市烏日區東園里溪南路一段682巷286號,2000000,1030522
6544,53820626,豐典興業有限公司,臺中市西區土庫里中美街28巷7號2樓,5100000,1030505
6545,53820885,正立大飯店股份有限公司,臺中市中區中山路55號,40000000,1030521
6547,53821343,倢碩國際有限公司,臺中市南區福平里復興路二段177之1號2樓,3280000,1030527
6548,53821717,米米實業有限公司,臺中市南屯區三厝里向上路3段61-2號1樓,500000,1030509
6562,53826699,騎士保全股份有限公司,臺中市北屯區平興里北屯路366號5樓之2,40000000,1030519
6567,53830820,金廣源傢俱有限公司,臺中市北區新興里精武路243號,300000,1030529
6568,53831139,創略國際有限公司,臺中市豐原區鐮村里鐮村路210巷52弄3-1號1樓,1000000,1030516
6569,53831258,修平車業有限公司,臺中市大里區仁化里仁化路516號1樓,4000000,1030513
6575,53835304,雷虎生技股份有限公司,臺中市西屯區協和里工業區六路7號2樓,240500000,1030507
6584,53839110,大藝室內裝修設計工程有限公司,臺中市北屯區松安里遼寧路一段357巷19號1樓,500000,1030526
6588,53842071,康定企業有限公司,臺中市霧峰區北勢里丁台路594號,2000000,1030530
6589,53842683,沅鋒精密有限公司,臺中市潭子區大富里大富路3段33巷117弄5號,3800000,1030528
6594,53846647,川普國際企業有限公司,臺中市北區光大里中清路一段100號13樓之3,2000000,1030508
6597,53847842,新思惟國際有限公司,臺中市豐原區中山路301號1樓,500000,1030509
6603,53851562,梵谷國際行銷有限公司,臺中市北屯區忠平里敦化路一段473號11樓,7000000,1030527
6604,53852942,玉田事業有限公司,臺中市西區公德里精誠路355號、357號,50000,1030520
6606,53854131,金大發不動產經紀業有限公司,臺中市太平區東平路564號1樓,1000000,1030527
6613,53859179,幸福家有限公司,臺中市北區大雅路298號,1000000,1030529
6618,53860507,聖宇科技股份有限公司,臺中市西屯區福恩里工業區一路58巷10弄25號1、2樓,25000000,1030528
6621,53861301,富禮韻貿易有限公司,臺中市北區五權路190號10樓之2,5200000,1030523
6622,53861479,廣通股份有限公司,臺中市南屯區鎮平里黎明路一段450-1號,5000000,1030527
6626,53863639,金輝自動控制有限公司,臺中市豐原區東湳里角潭路二段161巷22號,1000000,1030526
6627,53863785,禾磊有限公司,臺中市東區振興里立德街177號2樓,1800000,1030520
6628,53864095,承毅鑫鑄煉股份有限公司,臺中市西屯區何明里大有西街21號1樓,100000,1030509
6635,53867564,上仕工程有限公司,臺中市太平區豐年里大源路2之13巷12號1樓,250000,1030523
6643,53870651,漢明有限公司,臺中市后里區廣福里三豐路36-2號,23000000,1030506
6644,53870821,穩茂實業股份有限公司,臺中市西屯區工業區37路32號2樓,29800000,1030512
6652,53873685,長宥木業國際有限公司,臺中市南屯區三和里公益路二段485號8樓之1,100000,1030508
6655,53875662,伊達醫療器材科技股份有限公司,臺中市大雅區科雅路30號2樓,27000000,1030501
6660,53878149,成泓工業有限公司,臺中市潭子區栗林里安和路57號,1000000,1030516
6661,53878160,永霖醫院管理顧問有限公司,臺中市大甲區文武里育英路122號1樓,2000000,1030507
6686,53890734,義誠工業有限公司,臺中市南屯區大同里東興路二段186號4樓之3,5200000,1030528
6744,53914551,浤淳有限公司,臺中市豐原區南陽里15鄰圓環東路210號,5000000,1030502
6788,53933142,台灣高岳電機股份有限公司,臺中市大雅區科雅路48號1樓,19000000,1030522
6851,53959536,御品咖啡國際有限公司,臺中市北區頂厝里崇德路一段629號11樓之2,1000000,1030509
6852,53959584,興承多媒體科技有限公司,臺中市北屯區平安里青島路四段49號1樓,1000000,1030519
6853,53962949,潔呈有限公司,臺中市西屯區福恩里工業區一路98巷11號2樓,5000000,1030515
6862,53966966,德馬斯賓納科技股份有限公司,臺中市神岡區溪洲里光啟路277-15號1樓,1000000,1030521
6863,53967108,沅岱科技有限公司,臺中市大里區東湖里中興路一段273號1樓,2000000,1030501
6864,53968319,吉峰欣業有限公司,臺中市沙鹿區竹林里三民路96號,300000,1030508
6865,53968330,全富數位有限公司,臺中市北區頂厝里崇德路一段631號11樓之1,2000000,1030521
6868,53969231,立綸土地規劃顧問有限公司,臺中市西屯區何仁里寧夏路199號地下二樓,1000000,1030516
6871,53970151,實驗家工程有限公司,臺中市北區明德里太原一街9號1樓,2500000,1030529
6874,53970722,築藝坊室內裝修有限公司,臺中市西區民龍里模範街31巷7弄5號3樓,1000000,1030530
6878,53975326,力生萬實業有限公司,臺中市西區市府路23號1樓,500000,1030509
6884,53981381,新唐淨水科技股份有限公司,臺中市大雅區中清路一段193號,15400000,1030505
6885,53982451,沅晨科技有限公司,臺中市大雅區六寶里中清路四段690號,10000,1030530
6888,53987224,元成有限公司,臺中市北屯區瀋陽路二段161號1樓,1000000,1030523
6890,53987842,鼎鮮肉品有限公司,臺中市北屯區仁美里長生巷16-9號,1500000,1030508
6891,53988384,創意細胞網路整合有限公司,臺中市南區平和里美村路二段382號二樓,260000,1030507
6894,53988899,佳興安生技有限公司,臺中市北屯區松強里興安路2段449號2樓,6500000,1030513
6902,53992232,奇城智慧設計有限公司,臺中市北屯區松竹里崇德七路129號8樓,2000000,1030501
6904,53993339,展園有限公司,臺中市南屯區大同里精誠路508號,2000000,1030514
6907,53996407,唐毅實業有限公司,臺中市太平區宜昌路338號10樓,10000,1030521
6911,53998952,雅葳有限公司,臺中市南區平和里美村南路9號10樓,1000000,1030527
6912,53999039,品沐股份有限公司,臺中市西區忠誠里華美西街一段161-2號4樓,5000000,1030523
6919,54001688,八鮨餐飲有限公司,臺中市西區公益路331號1樓,2000000,1030529
6923,54002510,園邸不動產有限公司,臺中市南屯區南屯里河南路4段706號2樓,1000000,1030514
6924,54002645,康西企業有限公司,臺中市北屯區水湳里文心路三段447號6樓之2,2000000,1030522
6926,54002899,福寶精密科技有限公司,臺中市龍井區忠和里台西南路228巷40弄4號,16600000,1030527
6927,54004088,新機實業有限公司,臺中市西屯區港尾里17鄰中清路二段1386巷21弄6號1樓,2000000,1030522
6928,54005214,丞燦投資控股股份有限公司,臺中市南屯區大墩十四街158號4樓之5,5500000,1030512
6929,54006749,赫杰國際貿易有限公司,臺中市大安區松雅里大安港路542號1樓,6000000,1030513
6932,54007634,鼎盛餐飲有限公司,臺中市西屯區福林里福科路586號,1000000,1030523
6997,54036589,億園工程開發有限公司,臺中市西屯區國安一路65之1號8樓之3,5000000,1030513
7110,54077639,百亭企業有限公司,臺中市北屯區水湳里文心路四段81號9樓之1,500000,1030530
7133,54084195,動資科技股份有限公司,臺中市西屯區西屯路2段256巷6號8樓之8,1600000,1030514
7153,54089305,兆陽精密金屬有限公司,臺中市大里區大里里大里路521-1號,650000,1030526
7154,54090345,咕咕有限公司,臺中市北區崇德路一段629號七樓之3,1000000,1030528
7156,54090470,普照光科技有限公司,臺中市北屯區水湳里文心路四段83號14樓,500000,1030508
7160,54092272,嘉撰國際有限公司,臺中市后里區墩南里南村路436巷63號1樓,300000,1030507
7161,54092505,山琳有限公司,臺中市南區崇倫里三民西路285號1樓,10000000,1030505
7162,54093130,喜陽能源科技有限公司,臺中市西區五權路41巷11號1樓,5500000,1030506
7163,54093482,羽灃國際貿易有限公司,臺中市南屯區田心里惠中路三段359號1樓,1000000,1030505
7166,54094980,聯感有限公司,臺中市南屯區大英西一街5號5樓之2,500000,1030522
7167,54095637,匯億數位有限公司,臺中市潭子區甘蔗里勝利六街53號1樓,500000,1030501
7168,54096360,鴻甲運動事業股份有限公司,臺中市神岡區社口里中山路928號3樓,60000000,1030509
7172,54098775,立捷生技醫藥有限公司,臺中市南區福順里忠明南路787號17樓之2,5000000,1030505
7174,54099227,品淳建設股份有限公司,臺中市西區大忠里五權西路1段257號9樓之1,22000000,1030502
7180,54102546,淙順汽車材料有限公司,臺中市南屯區大墩西一街21巷46號1樓,1000000,1030520
7181,54102709,東昌興有限公司,臺中市烏日區東園里溪南路一段238巷138-7號,8880000,1030516
7183,54103453,堂埕有限公司,臺中市南屯區惠中里大英街295號2樓,2000000,1030519
7184,54103518,詠業金屬有限公司,臺中市梧棲區草湳里自強二街86巷15號1樓,300000,1030526
7185,54103714,英吉安投資有限公司,臺中市北屯區松竹五路88之6號2樓,3000000,1030505
7186,54103735,鉅視科技股份有限公司,臺中市烏日區中山路三段404號1樓,7500000,1030513
7187,54103741,黑芙尼有限公司,臺中市大甲區德化里南北四路15-5號,1000000,1030527
7188,54104896,宥軒新能源有限公司,臺中市西屯區港尾里中康街191號,2000000,1030505
7189,54105298,中台綠景股份有限公司,臺中市神岡區山皮里光復路517巷23號,4000000,1030522
7190,54105430,聖璽建設股份有限公司,臺中市梧棲區頂寮里四維東路149巷20號1樓,12000000,1030519
7191,54105641,祥達興業有限公司,臺中市北屯區同榮里大富路100-7號1樓,10500000,1030507
7194,54107866,田甲木作工程有限公司,臺中市太平區長龍路3段81號1樓,500000,1030509
7195,54107985,秀成科技有限公司,臺中市大雅區六寶里10鄰中清路四段773巷37號4樓之1,1000000,1030509
7201,54109914,東麗園藝有限公司,臺中市西屯區何仁里天水東一街18號1樓,1000000,1030502
7207,54117040,蓓朵兒股份有限公司,臺中市南屯區文心南三路592號,2000000,1030506
7211,54119053,仁心生物科技有限公司,臺中市太平區平安里精美路166巷3號1樓,3000000,1030513
7214,54119526,耀九有限公司,臺中市西區後龍里向上路一段5號1樓,5000000,1030527
7218,54120170,金濠不動產經紀有限公司,臺中市南屯區五權西路二段409號1樓,1000000,1030513
7221,54123140,睿見建築開發有限公司,臺中市北屯區新平里中平路420號1樓,3000000,1030509
7223,54123774,宜利特國際有限公司,臺中市豐原區社皮里中正路685巷6弄1號4樓,500000,1030521
7224,54123839,和興國際物業有限公司,臺中市西區安龍里自治街181號1樓,200000,1030509
7225,54124318,北儒科技文教有限公司,臺中市北區錦平里三民路三段217號4樓之3,500000,1030529
7232,54127531,坦德科技股份有限公司,臺中市西屯區臺灣大道三段660號13樓之2,20400000,1030507
7233,54128341,佳立旺有限公司,臺中市石岡區萬興里豐勢路771號1樓,500000,1030502
7234,54128721,耀霖企業有限公司,臺中市南區永興里工學一街197巷18號,1000000,1030519
7235,54129046,大衍營造有限公司,臺中市北區頂厝里永興街358號2樓,12000000,1030521
7236,54129215,尚食餐飲股份有限公司,臺中市南屯區三和里大富街192號,20000000,1030522
7243,54130563,宇宏國際生物科技有限公司,臺中市北區淡溝里臺灣大道二段360號8樓之3,8000000,1030514
7250,54132773,大展鵬事業有限公司,臺中市西屯區何德里大信街56號6樓之1,1000000,1030514
7253,54134815,家禾傳股份有限公司,臺中市北區淡溝里臺灣大道二段360號5樓之2,6000000,1030513
7254,54134913,泓儒機械工業有限公司,臺中市神岡區神州里大明路191巷92號,3000000,1030521
7256,54135482,宜園建設股份有限公司,臺中市北區文心路四段212號10樓之2,10000000,1030505
7257,54136145,華陞健康事業股份有限公司,臺中市北區崇德路一段178號,10000000,1030501
7258,54136623,嘉蒂斯國際有限公司,臺中市南區永興里德富路500號,1000000,1030528
7259,54136877,昌宥精密機械有限公司,臺中市大里區大元里大衛路50巷5號1樓,3000000,1030519
7260,54136905,勝資大鋼鐵業有限公司,臺中市大雅區員林里神林路一段204巷2-1號,7700000,1030507
7262,54138116,進達小客車租賃有限公司,臺中市南屯區大墩十四街101巷11號1樓,5000000,1030502
7264,54138811,駿將企管顧問科技有限公司,臺中市南區福順里忠明南路759巷26號10樓之1,1000000,1030519
7278,54156325,亞欣貿易有限公司,臺中市西屯區福上巷235弄26號,1000000,1030530
7305,54166554,台灣三田物產有限公司,臺中市西屯區大鵬里文心路三段241號19樓之6,1000000,1030520
7354,54178236,立安東水玻璃股份有限公司,臺中市梧棲區南堤路二段99號,36000000,1030513
7445,54211024,雲漾旅館股份有限公司,臺中市中區大誠里公園路36號,25000000,1030502
7466,54219383,誠熙出版社有限公司,臺中市大里區西榮里益民路二段294號3樓,3500000,1030514
7469,54220403,康納企業有限公司,臺中市大里區塗城里三民二街66巷5號1樓,205000,1030520
7474,54221901,欣藝翔實業有限公司,臺中市北屯區仁美里崇德路三段908-2號2樓,20000000,1030507
7478,54224793,柏克萊留學服務有限公司,臺中市西區昇平里忠明南路303號23樓之5,5000000,1030519
7482,54226814,翔賀不動產有限公司,臺中市外埔區甲后路318號1樓,300000,1030523
7484,54227004,仲展國際貿易有限公司,臺中市潭子區頭家東里中山路一段290巷21弄1號1樓,3000000,1030516
7485,54228427,騏鋐工程顧問有限公司,臺中市南屯區大進街8號1樓,5000000,1030530
7489,54230606,七巧科技有限公司,臺中市潭子區大德二路35號1樓,2000000,1030529
7494,54231703,雷登國際科技有限公司,臺中市西屯區港尾里中清路三段481號,1000000,1030516
7496,54232560,鼎泓水電有限公司,臺中市潭子區東寶里崇德路四段170巷36-5號,200000,1030501
7499,54233857,台灣應力有限公司,臺中市大里區仁德里仁化路741號2樓,5000000,1030506
7507,54236762,聖笠實業有限公司,臺中市北屯區松和里崇德六路一段120號1樓,1000000,1030507
7508,54237191,廣泰機械有限公司,臺中市神岡區社口里中山路816巷37號1樓,300000,1030519
7509,54238327,元沅開發有限公司,臺中市大里區新興路84號1樓,3000000,1030505
7511,54238831,精典數位有限公司,臺中市西區和龍里臺灣大道二段126號1樓,1000000,1030521
7513,54239487,富鼎旺開發有限公司,臺中市太平區中山里中山路二段477巷122號1樓,1000000,1030508
7514,54239727,富群資訊有限公司,臺中市北屯區四平路51巷1-2號,1000000,1030519
7515,54240512,翰橙國際有限公司,臺中市大甲區新美里永順街126號1樓,6000000,1030528
7519,54241343,妍一萃麗有限公司,臺中市中區柳川里民權路160號1樓,3200000,1030519
7520,54241884,晶智圓富禪謦有限公司,臺中市西屯區上安里上安路84巷3號1.2樓,4000000,1030515
7522,54242862,中區休閒娛樂有限公司,臺中市中區自由路二段135號地下1樓,200000,1030506
7523,54243095,安禾資訊有限公司,臺中市北區進化路485號1樓,2000000,1030505
7525,54243692,鼎聚網路股份有限公司,臺中市西屯區何德里寧夏路89巷6號2樓,500000,1030522
7527,54245354,基燁國際有限公司,臺中市新社區興中街7號1樓,5500000,1030512
7528,54246071,元方國際有限公司,臺中市西屯區福安里福安路55巷3號14樓之5,5000000,1030512
7531,54247894,鉑比斯藝術設計有限公司,臺中市北區中清路一段575號1樓,500000,1030514
7532,54248991,墨藏空間設計有限公司,臺中市龍井區東海里東海街41巷21號1樓,200000,1030519
7541,54251799,喬可精機有限公司,臺中市北區德化街419號,2000000,1030508
7545,54253950,台唐股份有限公司,臺中市霧峰區吉峰里吉峰路67巷2弄14號1樓,5000000,1030526
7546,54254162,富紳資產管理有限公司,臺中市西屯區何安里四川路59號1樓,5000000,1030515
7547,54254228,鬪陣有限公司,臺中市北區大雅路57號3樓,500000,1030513
7550,54254629,東河工程有限公司,臺中市大里區自強街118號1樓,6000000,1030523
7551,54254775,台灣日塑有限公司,臺中市北區崇德路一段579號11樓之1,5000000,1030507
7553,54254830,崑勝國際企業有限公司,臺中市北區崇德里崇興路二段91號1樓,3000000,1030521
7555,54255280,上永昌有限公司,臺中市西區民龍里台灣大道二段285號5樓,3000000,1030515
7569,54261311,承德特殊鋼股份有限公司,臺中市烏日區光明里五光路607巷56號,20000000,1030522
7574,54266012,粋生活有限公司,臺中市龍井區忠和里一鄰中央路三段88巷3號,100000,1030521
7576,54266224,晉廷投資有限公司,臺中市西屯區何南里東興路3段381號7樓之2,16000000,1030530
7577,54266287,鑫鼎雲端科技有限公司,臺中市太平區新坪里育賢路235號3樓,1000000,1030529
7578,54266499,誠譯空間設計有限公司,臺中市烏日區榮泉里三榮十五路40號1樓,1000000,1030521
7580,54266667,萬業通股份有限公司,臺中市大里區永隆里爽文路870號4樓,25000000,1030502
7581,54266717,墻顧工程有限公司,臺中市太平區永平里新平路一段138巷34號1樓,500000,1030513
7704,54313042,葉子圓生活有限公司,臺中市西屯區大墩十八街195號3樓之2,1000000,1030501
7874,54370248,塞席爾商環球亞太科技股份有限公司,臺中市南屯區豐樂里文心南三路673號1樓,10000000,1030520
7880,54376221,美商新褔有限公司,臺中市西區英才路530號22樓之6,5000000,1030507
7889,54399420,文夏實業有限公司,臺中市中區光復里中山路166號3樓,1000000,1030530
7890,54399765,灣捷商用飛機有限公司,臺中市北區淡溝里臺灣大道二段360號7樓之3,20000000,1030526
7892,54502368,信泰國際企業股份有限公司,臺中市西屯區大安西街60巷3號1樓,50000000,1030521
7943,54522836,先達工控股份有限公司,臺中市西屯區工業區38路210號7樓之6,157500000,1030521
8032,54579534,壹鼎通科技有限公司,臺中市南屯區大墩12街310號1樓,1000000,1030513
8033,54580899,翔碁實業有限公司,臺中市西屯區何源里重慶路340號12樓之2,1000000,1030523
8034,54581166,鎧爾生技科技有限公司,臺中市西區公館路169號2樓,3000000,1030526
8035,54581617,新誠國際企業有限公司,臺中市北屯區陳平里中清路106巷27號5樓,500000,1030523
8036,54582209,富鼎昇實業有限公司,臺中市龍井區工業路182巷43-1號1樓,10000000,1030506
8037,54582242,水準有限公司,臺中市西屯區大鵬里文心路三段219號5樓之1,10000000,1030519
8038,54582411,啟驊科技有限公司,臺中市霧峰區本鄉里民主街58號,1200000,1030528
8039,54582881,力承科技有限公司,臺中市神岡區豐洲路611之2號,5000000,1030529
8040,54582897,震興不動產經紀有限公司,臺中市南區福興里五權南路213號1樓,500000,1030502
8041,54583045,東妮有限公司,臺中市中區綠川里成功路42號,2000000,1030509
8042,54583262,兩生花國際有限公司,臺中市北屯區平順里柳陽西街94巷45號1樓,1000000,1030505
8044,54584500,長德生技有限公司,臺中市沙鹿區鎮南路二段47號1樓,1000000,1030514
8045,54584826,特莉莎貿易有限公司,臺中市西屯區中工二路190號1樓,1500000,1030512
8047,54585450,愛與和平有限公司,臺中市南區大慶街二段11之43巷1弄6號1樓,5000000,1030513
8050,54588323,夢琳貝爾股份有限公司,臺中市龍井區沙田路六段223號9樓之2,1000000,1030514
8051,54588457,橙鎰研磨有限公司,臺中市神岡區三角里三社路268之2號,1000000,1030505
8052,54588631,新井貿易有限公司,臺中市大雅區大雅里大榮街147號1樓,500000,1030529
8053,54588983,展原科技工程有限公司,臺中市豐原區北陽里南陽路綠山巷176號1樓,3000000,1030523
8054,54589152,宜家建材有限公司,臺中市北屯區軍福十三路18號1樓,5000000,1030514
8056,54590860,鑫奕城有限公司,臺中市大里區西湖里草湖路389巷2號,3000000,1030519
8057,54591333,祥和展企業有限公司,臺中市西區五權五街139巷18號1樓,500000,1030527
8058,54591538,京贊投資股份有限公司,臺中市西屯區臺灣大道三段660號13樓之2,60000000,1030507
8059,54591615,圓堡建設股份有限公司,臺中市南屯區大業里公益路二段51號8樓,10000000,1030526
8061,54591848,全球通商務航空股份有限公司,臺中市北屯區文心路四段83號10樓之1,25000000,1030520
8062,54591919,明揚精密工業有限公司,臺中市大安區永安里東西三路380號,368000,1030505
8063,54592234,大友顧問有限公司,臺中市北屯區平福里崇德路二段256號17樓,1000000,1030505
8064,54592255,億勝開發事業有限公司,臺中市西區忠誠里精誠八街10巷4號1樓,5000000,1030509
8065,54592706,奇摩子通路事業有限公司,臺中市烏日區大同路11號2樓,1000000,1030501
8066,54593894,祥宏機電有限公司,臺中市北屯區北屯路409之25號1樓,3000000,1030502
8067,54594079,鈞登國際貿易有限公司,臺中市北屯區松明街27巷30號1樓,5000000,1030529
8068,54594134,台芝電氣股份有限公司,臺中市南屯區工業23路7號,25000000,1030520
8069,54594726,丞泰豐企業有限公司,臺中市西屯區港尾里中清路二段1250巷102弄2號1樓,2000000,1030522
8070,54595886,井二町有限公司,臺中市北區頂厝里青島路三段176號1樓,5500000,1030506
8071,54596581,晉好人力仲介有限公司,臺中市南屯區永定里黎明路二段71巷23號,5000000,1030513
8072,54597097,榮耀遊戲股份有限公司,臺中市西屯區青海路一段99號2樓,1000000,1030513
8073,54597625,恒通小客車租賃有限公司,臺中市西區土庫里五權西路一段237號1樓,5000000,1030512
8074,54598568,倚華醫療器材有限公司,臺中市北區頂厝里崇德路一段629號19樓之2,2000000,1030501
8075,54599068,台中蘭城花苑有限公司,臺中市西屯區福順路920號一樓,2000000,1030501
8076,54599102,盛盟企業有限公司,臺中市太平區中政里19鄰成功東路103巷13號1樓,1000000,1030506
8077,54599150,圓翔國際股份有限公司,臺中市西屯區惠來里市政路386號13樓之7,10000000,1030515
8078,54599216,松和成工業有限公司,臺中市大里區西湖里西湖路187巷120號,2000000,1030513
8079,54599567,壹鼎通有限公司,臺中市南屯區文山里忠勇路52-287號1樓,5000000,1030528
8080,54599861,鎧益科技股份有限公司,臺中市南區福順里忠明南路789號38樓之2,9000000,1030513
8081,54600760,蓁園室內裝修工程有限公司,臺中市南區德義里國光路204號1樓,5000000,1030507
8082,54601830,僪升有限公司,臺中市大里區塗城里光正路192號,500000,1030508
8083,54602633,積德建設開發股份有限公司,臺中市西區利民里康樂街6-2號1樓,20000000,1030507
8084,54602958,鴻鈞電料有限公司,臺中市潭子區東寶里大明一路45號1樓,1000000,1030528
8085,54603210,旭璟有限公司,臺中市西屯區臺灣大道四段990號2樓,100000,1030505
8086,54604294,新沛泓開發有限公司,臺中市潭子區潭陽里福林路一段258號2樓,5000000,1030507
8087,54605110,光程科技有限公司,臺中市西屯區何成里大墩十八街195號3樓之2,1000000,1030521
8088,54605218,武邑寶有限公司,臺中市西屯區何德里甘州六街30號2樓之1,300000,1030515
8089,54606743,普將運動有限公司,臺中市北區賴明里山西路二段8巷26號1樓,20000000,1030505
8090,54606785,沐蘿有限公司,臺中市北區頂厝里崇德路一段629號19樓之2,1000000,1030521
8091,54606981,澄澄開發有限公司,臺中市南屯區文山里寶山二街48號1樓,500000,1030521
8092,54607047,藍德堡國際貿易有限公司,臺中市南屯區田心里大墩四街321號地下一層,10000,1030509
8093,54607503,德盛興有限公司,臺中市大雅區大林路195巷6號1樓,6000000,1030520
8094,54607898,天承鍛造股份有限公司,臺中市大肚區沙田路1段854巷67-21號,29000000,1030507
8095,54607996,正成精密科技有限公司,臺中市豐原區社皮里社皮路185巷32之3號,2000000,1030528
8096,54608192,綠蔭國際有限公司,臺中市西區美村路一段117巷13號2樓,1500000,1030528
8097,54608741,澤昕實業有限公司,臺中市南屯區田心里大墩六街426號,2500000,1030528
8132,54624030,尚成能源科技有限公司,臺中市西屯區工業區42路37號,10000000,1030519
8333,54686099,華陽創意有限公司,臺中市北區進化北路238號8樓之1,1000000,1030508
8412,54739510,珈呈不動產開發有限公司,臺中市西屯區惠來里市政北三路105號1樓,2000000,1030516
8413,54739758,漢唐本草有限公司,臺中市北區五常里五常街64號一樓,5000000,1030501
8414,54740663,佳運開發有限公司,臺中市西區忠明南路303號十四樓之5,3000000,1030522
8415,54740707,力生億實業有限公司,臺中市西區忠明南路329號、331號,500000,1030508
8416,54741115,康博健康生技股份有限公司,臺中市南屯區文心南一路38號1樓,35000000,1030507
8417,54741179,富長興股份有限公司,臺中市豐原區南村里水源路465號,10000000,1030527
8418,54741430,東風實業有限公司,臺中市南屯區大同里大墩七街47號1樓,5000000,1030507
8419,54741543,日月星辰傳播有限公司,臺中市南屯區大興里文心南三路232號1樓,100000,1030515
8420,54741564,宸宇開發顧問有限公司,臺中市南屯區大興里文心南三路232號1樓,1000000,1030515
8421,54742114,高陞企業有限公司,臺中市龍井區山腳里龍山街50巷2號1樓,500000,1030506
8423,54743535,振昌國際企業有限公司,臺中市西屯區永安里西屯路三段148-1號2樓,340000,1030519
8424,54745180,信寶建設有限公司,臺中市大雅區員林里大林路195巷23之17號1樓,10000000,1030527
8425,54746456,鋒霖顧問有限公司,臺中市清水區槺榔二街99號,600000,1030527
8426,54746462,大森展業有限公司,臺中市烏日區五光里五光路189巷112之2號,1000000,1030509
8427,54746821,儷肌美國際美容有限公司,臺中市北區頂厝里崇德路一段629號11樓之2,5000000,1030529
8428,54746998,士英國際開發有限公司,臺中市南屯區田心里大墩四街321號地下一層,16888,1030528
8429,54747096,價值成長投資股份有限公司,臺中市西屯區福中里中工二路192號6樓,1400000,1030506
8430,54748150,啓盛國際工程有限公司,臺中市西屯區何南里臺灣大道2段755號4樓,12000000,1030514
8431,54748216,人禾生活有限公司,臺中市西區公德里精誠二十五街2號底層,200000,1030519
8432,54748362,善水實業股份有限公司,臺中市西區土庫里中美街28巷7之1號4樓,1000000,1030508
8433,54748807,丞泰康生物科技有限公司,臺中市北屯區舊社里旱溪西路三段313巷18號1樓,2300000,1030508
8434,54749094,卡拉鍾有限公司,臺中市大里區光正路17巷5-3號1樓,8500000,1030514
8435,54749138,未來芯科技有限公司,臺中市外埔區水美里山美路451巷97號1樓,2500000,1030527
8436,54749290,圓盛不動產股份有限公司,臺中市西屯區逢甲路260號,500000,1030513
8437,54749587,金泰興建設有限公司,臺中市西屯區大祥街10號3樓,60000000,1030519
8438,54751099,騰崟光電科技有限公司,臺中市潭子區東寶里大明二路2號1樓,2400000,1030530
8439,54751160,芫正祐實業有限公司,臺中市大里區東湖里中山路29號1樓,10000000,1030508
8440,54752169,展綸工程有限公司,臺中市北屯區松茂里松竹路二段107巷66之6號4樓,100000,1030502
8441,54752597,凱米拉實業有限公司,臺中市西屯區天水西六街12-3號,2000000,1030527
8442,54752908,用美餐飲有限公司,臺中市西屯區西安里福星路249號1樓,1000000,1030512
8443,54753532,巨勝不動產有限公司,臺中市北區青島路三段4號1樓,300000,1030523
8444,54753759,阡弘有限公司,臺中市大里區國光里大里路158號1樓,43090000,1030501
8446,54754390,文森特機械有限公司,臺中市太平區福隆里7鄰東方一街8巷32號1樓,5000000,1030522
8447,54754672,好事不動產經紀興業有限公司,臺中市西屯區西墩里黎明路三段336號1樓,2000000,1030516
8448,54754878,事事百吉國際有限公司,臺中市西屯區何成里大墩十八街195號3樓之2,150000,1030502
8449,54756073,居益管理顧問有限公司,臺中市西屯區何源里文心路三段376號,1000000,1030529
8450,54756469,愛家房屋有限公司,臺中市潭子區頭家里中山路一段150號1樓,1000000,1030528
8451,54756691,飛梭精密股份有限公司,臺中市大里區健民里仁化工十路38號,40000000,1030507
8453,54756952,立潤實業有限公司,臺中市西屯區何成里大墩十八街195號3樓之2,100000,1030501
8454,54757426,超群設計顧問有限公司,臺中市北屯區天津路三段67號3樓,1000000,1030528
8455,54759310,智笙工業有限公司,臺中市南區光輝街30號1樓,1000000,1030526
8456,54759775,宸烽科技工業有限公司,臺中市大雅區西寶里昌平路四段282南十九巷32號,500000,1030527
8457,54760153,元大汽車有限公司,臺中市龍井區龍津里西濱路二段180號,5000000,1030526
8458,54760668,元山股份有限公司,臺中市大里區夏田里中投西路三段217號,1000000,1030507
8459,54760822,搖滾餐飲國際有限公司,臺中市西區公平里精誠路202號2樓,1000000,1030505
8460,54761006,合觀室內裝修工程股份有限公司,臺中市南屯區南屯路二段238號2樓,3000000,1030526
8461,54761414,唐旺國際食品有限公司,臺中市北區新興里太平路75巷3-1號1樓,2000000,1030528
8462,54761625,榮保有限公司,臺中市西屯區福恩里工業區一路58巷11弄6號3樓之13,1000000,1030527
8463,54761759,立善科技有限公司,臺中市南區福平里美村路二段186號6樓之1,200000,1030506
8464,54762912,巨鋠水電工程有限公司,臺中市大雅區文雅里中和五路78號1樓,3000000,1030512
8465,54763460,舒活有限公司,臺中市西屯區何厝里漢口路二段27巷6號3樓,2000000,1030507
8466,54763882,傑亞股份有限公司,臺中市南屯區黎明東街506號5樓之3,29000000,1030519
8467,54764329,祥慶貿易有限公司,臺中市南區永和里南和一街6巷28號1樓,1000000,1030522
8468,54765050,旅安旅行社有限公司,臺中市潭子區潭北里潭子街三段18號1樓,6000000,1030505
8469,54768211,上峰創意設計印刷有限公司,臺中市南屯區楓樹里黎明路一段32巷6號,10000000,1030521
8470,54768303,恆星建設股份有限公司,臺中市北區民權路559號10樓之2,25000000,1030521
8505,54779651,安馨德科技有限公司,臺中市西屯區港尾里中康二街20號14樓之3,200000,1030527
8577,55626302,大銘汽車貨運股份有限公司,臺中市大雅區員林里中清路四段81號,29890000,1030515
8578,55640085,台灣真珠樂器股份有限公司,臺中市潭子區台中加工出口區南環路15號,62372000,1030501
8579,55644224,大越金屬工業股份有限公司,臺中市大雅區六寶里中清路四段590號,30000000,1030520
8580,55656298,廣勵工業股份有限公司,臺中市大甲區平安里民權路140號,12240000,1030506
8581,55662088,徠豐興業有限公司,臺中市豐原區西安街48號,5000000,1030505
8582,55663875,協承電機股份有限公司,臺中市豐原區南村里愛國街346號,5500000,1030528
8583,55674015,江祿企業有限公司,臺中市大甲區德興路三六號,3000000,1030507
8584,55710173,達瑩企業股份有限公司,臺中市沙鹿區六路里平等七街11-1號1樓,20000000,1030501
8585,55747360,建奕鋼鐵工業股份有限公司,臺中市烏日區前竹里中山路一段265巷12號,6000000,1030513
8586,55763966,明田鐵工廠股份有限公司,臺中市大里區塗城里塗城路35號,15600000,1030528
8587,55825870,巧鎮五金有限公司,臺中市神岡區北庄里中山路1024巷1號1樓,600000,1030513
8588,55850461,功農企業有限公司,臺中市大雅區六寶里清陽二路69號,2000000,1030513
8589,55855901,和乘有限公司,臺中市潭子區中山路三段305巷89號,5000000,1030505
8590,55864459,全吉木業有限公司,臺中市大雅區四德里中山路271號,8000000,1030521
8591,55865773,益宗精機股份有限公司,臺中市潭子區栗林里中山路3段601號,28750000,1030520
8592,55883884,鴻源電機股份有限公司,臺中市西屯區福和里臺灣大道四段859號4樓,12000000,1030508
8593,55895066,仟昇工業股份有限公司,臺中市大里區西湖里西湖路425號,50000000,1030529
8594,55901449,晉溢企業股份有限公司,臺中市豐原區社皮路271巷12號,20000000,1030527
8595,55909272,金乃和工業有限公司,臺中市豐原區中陽里中陽路11號1樓,2000000,1030529
8596,55934434,大鎵汽車貨運有限公司,臺中市大雅區員林里中清路四段100號,10000000,1030527
8597,55940793,佳紘科技有限公司,臺中市神岡區社南里中山路667巷75號,10000000,1030530
8598,55942498,大銓汽車貨運股份有限公司,臺中市大雅區員林里中清路四段46號2樓,15000000,1030528
8599,55942764,久裕興業科技股份有限公司,臺中市大雅區西寶里昌平路四段462巷9號,353000000,1030505
8600,55944931,汎登企業股份有限公司,臺中市大雅區上雅里神林南路43巷1號,1218000,1030506
8601,55966717,敬傑實業股份有限公司,臺中市豐原區大湳里大勇街56號,5000000,1030520
8602,55975440,東協鑄造工業股份有限公司,臺中市潭子區大富里潭富路2段81巷9弄3號,15000000,1030519
8603,55992010,齊陽企業有限公司,臺中市豐原區社皮里中正路926號,5000000,1030507
8604,56165003,忠興織造廠股份有限公司,臺中市沙鹿區鹿峰里星河路567號,225000000,1030506
8605,56192509,洽發興農業科技股份有限公司,臺中市沙鹿區大同街33號,70000000,1030528
8606,56227009,清水紡織印染股份有限公司,臺中市清水區下湳里中山路529號1樓,57570000,1030506
8607,56611019,台辰企業有限公司,臺中市大甲區朝陽里鎮政路六七號貳樓,5000000,1030519
8608,56615296,瑞展塑膠工業股份有限公司,臺中市龍井區三德里中厝路51巷2弄15號,6200000,1030522
8609,56616936,福晟塑膠印製廠有限公司,臺中市清水區下湳里菁埔路296-1號,6000000,1030528
8610,56627096,台甲東糧食加工廠有限公司,臺中市外埔區大東里大馬路298號,3600000,1030514
8611,56633941,日源工業股份有限公司,臺中市大甲區庄美里興安路130之1號,5000000,1030528
8612,56638880,仲永實業有限公司,臺中市梧棲區永興路一段545巷101號,5200000,1030519
8613,56664036,宏儒機械工廠股份有限公司,臺中市清水區橋頭里華江北街98號,5000000,1030529
8614,56693665,遠立行工業股份有限公司,臺中市龍井區忠和里工業路188巷35號,106400000,1030519
8615,56699653,眾成工業股份有限公司,臺中市沙鹿區清泉里東海路35號,265000000,1030528
8616,56712327,倫翊企業有限公司,臺中市梧棲區中正里仁美街97巷22號,1000000,1030527
8617,56800644,宗松實業股份有限公司,臺中市大雅區上楓里楓林街255號,8000000,1030505
8618,56812901,諺慶興業股份有限公司,臺中市豐原區南嵩里水源路115巷50號,5000000,1030512
8619,57132939,梅華精密工業股份有限公司,臺中市大里區東湖里泉水街1號,200000000,1030505
8620,57145006,國興麵粉廠股份有限公司,臺中市大肚區福山里沙田路1段373號,63180000,1030512
8621,57205101,台新鐵工廠股份有限公司,臺中市大里區祥興里中興路二段782號,20000000,1030501
8646,59353423,橋椿金屬股份有限公司,臺中市西屯區市政路386號22樓之1、之3、之5、之6、之7、之8及23樓之1、之3、之5、之6、之7、之8,1630000000,1030516
8656,60325024,鉅鎰通運有限公司,臺中市梧棲區建國北街188號2樓,15000000,1030527
8660,61787852,連真成實業股份有限公司,臺中市西屯區文心路三段296號9樓,30000000,1030515
8725,70377823,優肯科技股份有限公司,臺中市后里區后里里后科南路26號,100176670,1030501
8762,70436581,德馬吉森精機有限公司,臺中市西屯區工業區三十三路12之3號,172783600,1030505
8798,70500128,漢杞工程股份有限公司,臺中市大里區大元里環中東路七段42巷22號,29500000,1030528
8816,70530740,鑫隆吉工程有限公司,臺中市南屯區楓樹里楓平路531號1樓,1000000,1030514
8866,70600999,峰新實業股份有限公司,臺中市北區文莊里英士路106巷11之1號,32000000,1030512
8867,70602167,百冠鑫企業有限公司,臺中市豐原區中正路805號,500000,1030526
8873,70622804,國鐵工業有限公司,臺中市大肚區沙田路一段320巷33-43號,7000000,1030506
8879,70631509,穩陞工業股份有限公司,臺中市太平區正光街236巷1號,5000000,1030514
8881,70635483,瑨益工程有限公司,臺中市大雅區二和里神林南路313巷17弄4號1樓,12000000,1030509
8887,70645481,東州化學有限公司,臺中市西區忠明南路303號20樓之1,1000000,1030530
8900,70682491,竣豐營造工程有限公司,臺中市沙鹿區福興里東晉一街67巷10號1樓,3000000,1030520
8906,70686412,東格營造工程有限公司,臺中市大里區現岱路31-8號1樓,6000000,1030512
8911,70699325,揚仟鍛造股份有限公司,臺中市大雅區雅楓里2鄰民生路三段267巷8號,15000000,1030527
8914,70701455,瑞比德科技國際股份有限公司,臺中市豐原區豐圳里豐社路118號,50000000,1030507
8915,70702594,東方色彩股份有限公司,臺中市南屯區文心南五路261巷1號,10000000,1030509
8917,70704523,連鼎工程顧問有限公司,臺中市南區樹義里工學路155巷15弄16號,10000000,1030505
8923,70710525,倫聖國際事業股份有限公司,臺中市西屯區市政路500號24樓之1,5000000,1030528
8924,70711849,高堂營造有限公司,臺中市西屯區潮洋里朝富路40-7號1樓,10000000,1030528
8934,70728481,博淵科技有限公司,臺中市北屯區昌平路１段９５-８號４樓之１,2000000,1030521
8938,70735429,匠聯股份有限公司,臺中市北屯區松強里興安路二段461巷50號1樓,5000000,1030519
8940,70740669,宏兆國際事業有限公司,臺中市南屯區大墩一街28號1樓,2000000,1030530
8941,70740892,貝威爾國際有限公司,臺中市北屯區平興里北屯路366號19樓之1,5000000,1030512
8943,70741647,勝霖藥品股份有限公司,臺中市豐原區豐榮里三民路188號、190巷2-2號1樓,286357470,1030505
8966,70786377,國際超能源高科技股份有限公司,臺中市西區忠明南路303號21樓之3,445130000,1030528
8999,70849210,冠晶光電股份有限公司,臺中市大雅區中清路三段819巷18號,250000000,1030528
9062,79959933,銓隆工業股份有限公司,臺中市大里區金城里塗城路852巷22弄2號1樓,31800000,1030513
9063,79960191,大成科技股份有限公司,臺中市神岡區豐洲里神洲路262巷5號,5000000,1030528
9064,79962135,成笙貿易有限公司,臺中市西屯區協和里安和路76-6號,20000000,1030522
9065,79962297,幼虎科技股份有限公司,臺中市烏日區五光路301號1樓,10000000,1030528
9066,79963606,名泉投資有限公司,臺中市西區臺灣大道二段179巷12號1樓,67860000,1030522
9067,79965338,崇興有限公司,臺中市大雅區大楓里民生路三段422號1樓,5000000,1030519
9071,79967758,双馬生化股份有限公司,臺中市霧峰區振興街139號1樓,5000000,1030520
9076,79972470,興承有限公司,臺中市西屯區福中里中工二路146號3樓,11000000,1030519
9079,79974322,科祐工業股份有限公司,臺中市大里區國中一路35號,5000000,1030523
9081,79976665,飛泓興業有限公司,臺中市西屯區中清路二段1250巷35號1樓,500000,1030523
9082,79980106,鼎浩國際股份有限公司,臺中市南屯區向上路二段463號1樓,5000000,1030515
9084,79981858,台方企業有限公司,臺中市南屯區南光路91巷25號1樓,1000000,1030505
9089,79992412,智積國際股份有限公司,臺中市南屯區惠德街218號3樓,1000000,1030519
9104,80026312,台灣日東光學股份有限公司,臺中市大雅區中部科學工業園區科雅西路7號,568003000,1030507
9108,80039837,宇進科技有限公司,臺中市西屯區文心路三段219號4樓之2,8000000,1030519
9109,80041664,蘿絲瑪莉有限公司,臺中市豐原區頂街里中正路78巷7號　,500000,1030529
9115,80049743,紳緯塑膠有限公司,臺中市新社區中正里中正街53號1樓,9250000,1030528
9117,80051276,英達科技有限公司,臺中市南區忠明南路758號39樓,10000000,1030507
9119,80052388,泰新國際股份有限公司,臺中市西屯區福林里福科路545號1樓,50000000,1030502
9121,80056201,麒驊數位科技有限公司,臺中市南區長春里愛國街139號2樓,10000000,1030515
9127,80063414,康淳科技股份有限公司,臺中市南屯區文山里精科五路31號3樓,71000000,1030515
9129,80067798,好鄰居家庭百貨有限公司,臺中市霧峰區中正路768號,1000000,1030506
9133,80073671,思高樂股份有限公司,臺中市北區漢口南二街22號1樓,3000000,1030528
9134,80074171,聖玨國際有限公司,臺中市龍井區新東里臺灣大道五段109巷10號1樓,12000000,1030507
9137,80078964,梵銧企業有限公司,臺中市豐原區南陽里圓環東路195號1樓,500000,1030508
9145,80088127,世鉅實業股份有限公司,臺中市大肚區瑞井里遊園路一段94號1樓　,4000000,1030530
9153,80111513,全台砂石股份有限公司,臺中市清水區忠孝路110巷29號,15000000,1030528
9171,80128774,深耕實業股份有限公司,臺中市西屯區福林里玉門路370巷8號,53000000,1030514
9173,80131551,茂森開發股份有限公司,臺中市豐原區西勢里瑞安街12號1樓　,10000000,1030507
9179,80138766,華中禮儀有限公司,臺中市北區五常里五順街28號1樓,500000,1030501
9242,80217987,建民寵物用品有限公司,臺中市北區三民路三段262之4號,5500000,1030521
9244,80219330,華晨水泥股份有限公司,臺中市南屯區文心里大墩七街185之1號1樓,10000000,1030526
9249,80227649,馨全有限公司,臺中市大里區仁化里向善街17號,1000000,1030522
9250,80233190,勁中機械企業有限公司,臺中市龍井區忠和里台西南路２２８巷１２號,2050000,1030508
9255,80239770,佑達發企業有限公司,臺中市北屯區后庄里后庄七街260巷36弄6號1樓,5000000,1030521
9258,80244014,鼎龍電機有限公司,臺中市石岡區萬興里萬墩街66巷26號,1000000,1030528
9259,80246272,日信建設股份有限公司,臺中市北區進化北路238號8樓之3,25000000,1030505
9262,80253049,金員外營造有限公司,臺中市大里區長榮里21鄰德芳路一段204號1樓,10000000,1030516
9263,80253765,弘有富國際企業有限公司,臺中市南屯區春社里永春南路61巷19號11樓之2,20000000,1030508
9314,80312321,美單室內裝修有限公司,臺中市神岡區庄後里大圳路43號,1000000,1030527
9317,80317830,汎奇國際股份有限公司,臺中市西屯區臺灣大道二段659號9樓,23000000,1030513
9319,80322783,采鉅國際開發有限公司,臺中市南區樹德里德吉街309之2號9樓之3,500000,1030526
9367,80404102,上宇科技有限公司,臺中市大里區大衛路48-5號1樓,28000000,1030519
9368,80405046,大台中城區開發有限公司,臺中市西區康樂街11號3樓,5000000,1030519
9369,80405496,喬登科技有限公司,臺中市西區後龍里民族路285號1樓,5500000,1030522
9370,80405593,毅賢企業有限公司,臺中市龍井區忠和里工業路246巷28號,1000000,1030527
9379,80414657,鉅堃國際股份有限公司,臺中市南屯區文心路一段521號7樓之2,10000000,1030509
9380,80415924,英育喜股份有限公司,臺中市北屯區水景里太原路三段1022-2號1樓,10000000,1030514
9388,80426302,大第實業股份有限公司,臺中市東區精武路14之1號1樓,2000000,1030529
9389,80429455,德弗札克有限公司,臺中市南屯區惠德街218號2樓,2000000,1030516
9390,80429568,聯蕭機械工業有限公司,臺中市神岡區國豐路一段106號,10000000,1030530
9401,80448050,中科安全科技有限公司,臺中市西屯區福和里臺灣大道4段923號3樓,15000000,1030520
9402,80448328,右豐實業股份有限公司,臺中市豐原區中陽里自立街141號,10000000,1030527
9410,80460173,詠吉精密刀具有限公司,臺中市神岡區岸裡里大洲路461號1樓,19800000,1030501
9411,80462171,勁國機械企業有限公司,臺中市龍井區忠和里台西南路２２８巷１４號,2000000,1030508
9416,80472966,彩虹軒興業有限公司,臺中市南區大慶街二段49之17號1樓,10000000,1030506
9458,80541794,奇銳有限公司,臺中市南區永興里工學二街275巷15號1樓,10000000,1030512
9469,80550548,銀工紡實業有限公司,臺中市大雅區雅環路一段170號1樓,5000000,1030505
9472,80555240,本信實業有限公司,臺中市南屯區黎明路1段269號1樓,5000000,1030515
9473,80557248,巨信建築有限公司,臺中市豐原區社皮里圓環西路19號1樓,16000000,1030515
9493,80578449,瑞柏盛企業有限公司,臺中市西屯區惠來里惠中路2段59號1樓,1000000,1030519
9495,80579144,新生資源回收有限公司,臺中市太平區平安里鵬儀路214巷3弄17號1樓,500000,1030522
9501,80584998,遠流營造有限公司,臺中市北區文心路四段200號5樓之2,10000000,1030502
9505,80588164,翔富裕股份有限公司,臺中市梧棲區草湳里港埠路一段619號,2000000,1030508
9506,80588988,建霖電子科技實業有限公司,臺中市大里區益民路二段437號1樓,1000000,1030527
9509,80594139,華旌有限公司,臺中市南區南門里忠明南路1230號,1000000,1030520
9510,80594709,亞利森貿易有限公司,臺中市西屯區惠來里市政北五路270號10樓之3,2000000,1030526
9521,80604468,聖宏事業有限公司,臺中市烏日區螺潭里慶光路83之7號1樓,5000000,1030505
9522,80605500,怡和興科技股份有限公司,臺中市西屯區大河里甘河路46號1樓,40000000,1030505
9532,80617301,業盛國際事業有限公司,臺中市北屯區九龍街98號1樓,5000000,1030505
9539,80621570,仕暘有限公司,臺中市太平區新光里樹德路９９巷２１號１樓,1000000,1030519
9540,80622374,農宸實業股份有限公司,臺中市大里區仁德里慈善路83巷1號,5000000,1030509
9542,80627096,宗冠五金百貨有限公司,臺中市東區十甲東路622號,1000000,1030507
9549,80635413,尚縉工業股份有限公司,臺中市西屯區中清路二段1365號1樓,1000000,1030523
9550,80636378,世鑫油漆股份有限公司,臺中市太平區太平26街33號1樓,7000000,1030512
9553,80640529,昌浩實業有限公司,臺中市后里區義德里中興街16號,2000000,1030509
9556,80643271,成豐國際實業有限公司,臺中市西屯區逢甲里寶慶街50巷57號,3000000,1030507
9557,80646002,三學建設有限公司,臺中市北區博館路88號4樓之2,10000000,1030508
9586,80677145,台灣大食品股份有限公司,臺中市清水區海濱里北堤路35號,759302080,1030530
9618,80714253,伊甸營造有限公司,臺中市北區文莊里英才路159號1樓,3000000,1030508
9620,80715422,安信科技有限公司,臺中市大肚區沙田路一段320巷56弄56號,13500000,1030527
9621,80718048,萬達利建設股份有限公司,臺中市大甲區薰風里8鄰水源路2之5號,25000000,1030501
9627,80724739,漢升企業管理顧問有限公司,臺中市太平區長億里長億十街11號1樓,1000000,1030506
9628,80724999,聯承貿易股份有限公司,臺中市烏日區環河北路328號1樓,3000000,1030527
9644,80742589,百威國際企業有限公司,臺中市北屯區崇德路二段466號10樓之2,500000,1030520
9649,80749350,世帶相傳織帶觀光工廠股份有限公司,臺中市沙鹿區星河路567號,25000000,1030506
9671,83408476,易陽運輸股份有限公司,臺中市潭子區東寶里大德一路60號1樓,25000000,1030515
9686,84078298,紹琪實業股份有限公司,臺中市大肚區頂街里沙田路三段245巷68之6號,29900000,1030519
9688,84079542,元昌塑膠有限公司,臺中市大安區中庄里埔頭路30號,500000,1030501
9691,84094332,金享餘塑膠股份有限公司,臺中市外埔區鐵山里長生路810號,6000000,1030516
9718,84152917,順億化工原料有限公司,臺中市北屯區文心路四段343號1樓,5000000,1030527
9723,84168278,翰濱企業股份有限公司,臺中市清水區國姓里臨海路40號,20000000,1030527
9732,84200410,雅登石材有限公司,臺中市大里區公教街60巷63號1樓,2000000,1030519
9734,84202108,航洲企業有限公司,臺中市北屯區舊社里僑孝街110巷43號1樓,1000000,1030523
9735,84202965,聚發工程企業有限公司,臺中市北屯區軍福18路178號1樓,6000000,1030515
9746,84237113,鉅誠實業有限公司,臺中市北屯區旅順路二段151號1樓,1000000,1030519
9747,84237492,商運企業股份有限公司,臺中市北屯區敦化路一段569號,10000000,1030516
9749,84239858,士文股份有限公司,臺中市太平區新平路一段279巷84號,5000000,1030527
9756,84252248,聰華交通股份有限公司,臺中市南屯區楓樹里精誠南路1138-3-13號,28000000,1030523
9759,84254702,義高企業股份有限公司,臺中市西屯區臺灣大道4段966號16樓,635000000,1030519
9766,84275544,永力達實業股份有限公司,臺中市北區忠明路424號13樓之2,11000000,1030505
9791,84346816,大瑞營造股份有限公司,臺中市北屯區平田里文心路四段936號8樓之1,60000000,1030501
9801,84382615,久印企業有限公司,臺中市龍井區遊園北路495號1樓,1000000,1030513
9813,84426064,宜融企業股份有限公司,臺中市神岡區新興路115巷16號,15000000,1030516
9814,84427161,興冠全機械股份有限公司,臺中市外埔區水美里二崁路568巷9號,5000000,1030520
9815,84429800,僑冠國際有限公司,臺中市南屯區大墩六街三五○巷六號二樓之三,1000000,1030501
9816,84435578,新天地國際實業股份有限公司,臺中市東區旱溪東路1段456號1樓之1、1樓之2、2、3樓及地下一層,674910320,1030529
9817,84437175,祺錩機械工業有限公司,臺中市烏日區中山路一段229巷35號1樓,12000000,1030506
9820,84442971,香港商丸紅鞋業有限公司,臺中市西區臺灣大道2段218號15樓之1,0,1030512
9854,84562784,牛角屋食品有限公司,臺中市北區青島路三段148號,1000000,1030528
9871,84624584,東禹營造有限公司,臺中市北屯區松茂里松竹北路191號1樓,8000000,1030526
9875,84631229,博星建設股份有限公司,臺中市北區民權路559號10樓之2,50000000,1030506
9877,84637048,湯姆生化有限公司,臺中市北區健行里忠明路424號16樓之4,5000000,1030522
9940,84799562,宜晏企業股份有限公司,臺中市大雅區上楓里民族街71號1樓,10000000,1030515
9944,84805332,天京實業有限公司,臺中市西屯區上安路84巷7號地下1樓之2,1000000,1030528
9947,84813987,元中工程有限公司,臺中市北區崇德里太原路三段21-2號,22000000,1030528
9953,84834998,優正股份有限公司,臺中市豐原區南田里水源路240號,3400000,1030513
9962,84867667,巨城投資股份有限公司,臺中市北屯區文心路四段217號夾層,29000000,1030515
9966,84875081,志合營造股份有限公司,臺中市北屯區四平路238巷15號1樓,75000000,1030523
9968,84878073,全尉企業有限公司,臺中市清水區槺榔里港口路200巷33號,1501000,1030520
9970,84885264,川晟工程有限公司,臺中市西屯區工業區一路60-2號10樓之5,3000000,1030509
10008,84976356,樂山營造有限公司,臺中市清水區五權東路17巷59弄45號1樓,3000000,1030505
10009,84979500,立德企業有限公司,臺中市西屯區惠來里臺灣大道三段326號1樓,5000000,1030527
10012,84983574,茂鈺有限公司,臺中市大甲區新美里經國路266號,2000000,1030509
10041,86075492,洪廷欣業有限公司,臺中市神岡區北庄里溝心路38-1號,5000000,1030527
10046,86087286,冠億食品股份有限公司,臺中市西屯區工業區35路67號1樓,80000000,1030521
10048,86091704,台灣泥強股份有限公司,臺中市太平區聖和里2鄰長龍路一段276號,3800000,1030529
10051,86097019,中彰投廣告事業有限公司,臺中市南區福興里復興路3段2巷5弄22號,10000000,1030520
10052,86097411,昇俞實業有限公司,臺中市潭子區甘蔗里興華一路431號,7000000,1030514
10053,86099213,耕源車業有限公司,臺中市西屯區中清路二段1469號,500000,1030514
10079,86185266,極點股份有限公司,臺中市西區大隆路20號八樓之四,8000000,1030509
10080,86186743,政陞實業股份有限公司,臺中市清水區南社里鰲峰路385巷15號,5000000,1030522
10083,86196117,順郁企業股份有限公司,臺中市龍井區山腳里中山一路一段125巷12號,5000000,1030527
10086,86200371,雋農實業股份有限公司,臺中市西屯區華美西街二段491號,5000000,1030506
10087,86203742,全盟科技有限公司,臺中市西屯區河南路二段262號12樓之8,6000000,1030514
10090,86211258,漢懋企業股份有限公司,臺中市西屯區西屯路二段95-1號1樓,5000000,1030502
10092,86218061,金元富實業股份有限公司,臺中市太平區廣三街35之1號1樓,9420000,1030502
10093,86219836,訪新工業股份有限公司,臺中市大雅區上雅里雅環路二段328巷26號1樓,5000000,1030521
10094,86221967,上強木箱有限公司,臺中市霧峰區六股里板橋路15巷12號,5000000,1030528
10096,86231748,華慶自行車股份有限公司,臺中市大甲區平安里三民路159巷14號,20000000,1030528
10102,86252692,泰威工業有限公司,臺中市大里區瑞城里中興路一段2巷51弄17號1樓,10000000,1030514
10105,86259040,詮于金屬工程股份有限公司,臺中市南區和平里工學三街六之三號一樓,5000000,1030521
10117,86331681,宇倫塑膠有限公司,臺中市烏日區溪埧里環中路八段430號1樓,13000000,1030530
10127,86378600,寶典建設股份有限公司,臺中市西屯區何南里東興路三段381號7樓之2,60000000,1030519
10135,86384125,廣三崇光百貨暨電子遊戲場業股份有限公司,臺中市西區臺灣大道二段459號、459號2-19樓及底一層地下2、3、4層、459之1號1-5樓及底一層,120000000,1030530
10150,86425929,萬里營造有限公司,臺中市大雅區三和里建興路51號1樓,50000000,1030522
10191,86533814,大中詠股份有限公司,臺中市北區中清路一段416號11樓,50000000,1030505
10193,86537831,廣州建設股份有限公司,臺中市西屯區港尾里中清路二段1309號1樓,25000000,1030528
10194,86550545,華澤工業有限公司,臺中市大雅區上楓里民生路三段36南巷17號,2000000,1030521
10197,86553634,駟鑫企業有限公司,臺中市大雅區西寶里雅潭路三段482巷177號1樓,5000000,1030507
10201,86566477,拓林美企業有限公司,臺中市南區美村南路189號2樓,3500000,1030520
10205,86579022,太雅機械工業股份有限公司,臺中市大雅區民生路4段281巷22號,4000000,1030512
10209,86594635,統立工程股份有限公司,臺中市南屯區豐樂里文心南七路10號3樓之1,22000000,1030529
10213,86604275,福寶電訊有限公司,臺中市北屯區后庄里中清路二段1156號1樓,2500000,1030509
10214,86609617,禾菘實業股份有限公司,臺中市豐原區西安里西勢路114巷31號,5000000,1030521
10219,86644972,昶掄塑膠股份有限公司,臺中市豐原區豐田里市政路38巷72號1樓,3000000,1030515
10221,86646319,永榮事務機器有限公司,臺中市北區太平路19巷5弄20號,600000,1030505
10226,86666623,國銘光學有限公司,臺中市大里區大元里大衛路41之1號一、二、三樓,5000000,1030516
10230,86673075,錦源儀器有限公司,臺中市北區育德里中清路一段197號,2000000,1030516
10260,86766974,亞克科技開發股份有限公司,臺中市大里區東昇里環中東路6段32號1樓,30000000,1030507
10262,86783170,順喬工業股份有限公司,臺中市后里區墩北里九甲六路558號,5000000,1030521
10265,86799243,佳生砂石企業股份有限公司,臺中市大雅區昌平路三段620巷29號,123000000,1030509
10266,86802015,陸雄機械工業股份有限公司,臺中市烏日區學田里學田路582號1樓,44600000,1030506
10268,86808622,益偉企業有限公司,臺中市后里區厚里里九甲五路100號,500000,1030526
10277,86838127,順億營造股份有限公司,臺中市西屯區文心路二段201號5樓之3,25000000,1030512
10279,86842380,劉記企業有限公司,臺中市東勢區東崎街393巷7號,6000000,1030513
10282,86859614,商榮實業有限公司,臺中市北屯區豐樂北一路138號,10000000,1030522
10308,86946863,阡勝鋼鐵股份有限公司,臺中市后里區民生路57巷1-5號1樓,66500000,1030529
10310,86947244,天舜高分子材料股份有限公司,臺中市大里區塗城路852巷20-1號,5000000,1030506
10311,86949952,日泰捲門企業有限公司,臺中市大甲區頂店里經國路1395號,5000000,1030508
10317,86970949,宏鎮企業有限公司,臺中市東勢區中嵙里東崎街120-17號,3000000,1030516
10320,86982430,建埕營造有限公司,臺中市北區淡溝里博館路89號5樓之2,23000000,1030521
10323,86987110,億有實業有限公司,臺中市西屯區港尾里中清路二段1250巷79號1樓,5000000,1030519
10327,86992351,維也納國際教育事業有限公司,臺中市豐原區社皮里中正路814-9號,500000,1030523
10341,89202943,宇登貿易有限公司,臺中市南屯區文心路一段186號15樓之8,5000000,1030514
10343,89205456,華王商業機器有限公司,臺中市南區新榮里信義南街81巷10號1樓,2000000,1030515
10348,89216405,諾力企業股份有限公司,臺中市北區長青里武昌路181之2號1樓,1000000,1030508
10352,89227640,丞宇實業有限公司,臺中市北屯區熱河路三段95巷10號1樓,5000000,1030530
10353,89234591,承獎工業有限公司,臺中市太平區宜昌東路23巷17號,5000000,1030521
10356,89241951,點匠廣告有限公司,臺中市北屯區遼陽北二街77號1樓,2000000,1030505
10358,89242781,長玖營造工程股份有限公司,臺中市大里區新里里德芳路2段156巷3號1樓,22500000,1030515
10362,89254499,五湖四海營造股份有限公司,臺中市太平區中和街138號1樓,22500000,1030523
10374,89301325,明揚廣告設計有限公司,臺中市西屯區長安路二段97號1樓,500000,1030521
10377,89306546,大智加油站股份有限公司,臺中市東區大智路85號,10000000,1030513
10385,89337111,元富切削刀具有限公司,臺中市豐原區西湳里葫蘆墩四街82號,5000000,1030520
10395,89357919,守潔有限公司,臺中市霧峰區四德里新埔路113號,5000000,1030526
10398,89370639,欣光消防企業有限公司,臺中市潭子區大豐路三段252-9號,1000000,1030521
10400,89373087,瑞菖國際股份有限公司,臺中市西屯區青海路二段175號10樓之8,15000000,1030523
10403,89377204,德豪營造有限公司,臺中市東區東英十二街23號1樓,3000000,1030515
10453,89505854,勇達房屋仲介有限公司,臺中市太平區樹德路62號1樓,500000,1030502
10463,89544272,維鈿企業有限公司,臺中市外埔區大東里大馬路311號1樓,5000000,1030522
10464,89544420,拴揮工業有限公司,臺中市外埔區大同里中山路116號,5000000,1030506
10466,89550891,聯穎塑膠企業有限公司,臺中市東區東光園路177巷34號1樓,1500000,1030529
10470,89559507,兆偉汽車有限公司,臺中市潭子區潭陽里潭興路二段22-1號,2000000,1030509
10475,89571410,中引清潔有限公司,臺中市東區東門里東光園路192號1樓,500000,1030507
10476,89571919,泰有營造股份有限公司,臺中市北屯區文心路四段81號19樓,145300000,1030522
10480,89586960,鑫毓工程有限公司,臺中市大肚區遊園路一段103巷40號2樓,25000000,1030509
10483,89596046,坦頓國際有限公司,臺中市西屯區市政路500號25樓之1至25樓之3,3000000,1030501
10503,89656825,軒格仕股份有限公司,臺中市北區頂厝里漢口路四段381巷1號,2000000,1030529
10510,89679762,富曾有限公司,臺中市大甲區孟春里通天路207巷2號,5000000,1030530
10511,89679904,昱德股份有限公司,臺中市西屯區天水中街70-1號2號,29000000,1030527
10516,89686222,申翌企業股份有限公司,臺中市太平區華安街100巷3弄28號,5000000,1030514
10517,89686594,得林紡織股份有限公司,臺中市西屯區福科路549號2樓,15000000,1030502
10518,89687138,林源建設股份有限公司,臺中市西區臺灣大道二段489號27樓之2,35000000,1030507
10520,89690582,保恆實業股份有限公司,臺中市南區和平里南平路2-15號2樓,5000000,1030514
10526,89703030,藝霆有限公司,臺中市南區南陽街69號5樓之2,5000000,1030522
10533,89719292,冠群輪有限公司,臺中市大雅區員林里中清路三段292號,5000000,1030529
10549,89775293,誼樺企業發展有限公司,臺中市大肚區永和里永和街十四號一樓,1000000,1030522
10565,89813466,樂潔白實業有限公司,臺中市大雅區三和里12鄰雅潭路296-8號,15000000,1030526
10566,89813938,敬茂營造工程有限公司,臺中市大里區金城里長城街40巷11弄13號1樓,10000000,1030522
10568,89816225,昶祿企業有限公司,臺中市潭子區勝利七街2號1樓,5000000,1030516
10573,89825006,東昇工程顧問有限公司,臺中市西屯區惠來里巿政北一路77號15樓之1,10000000,1030519
10580,89839584,峻泰企業有限公司,臺中市大甲區文曲里東安路436-26號,1000000,1030528
10585,89852489,國緯營造股份有限公司,臺中市西區後龍里民權路213巷8號1樓,30000000,1030519
10587,89856719,昱瑞彩色印刷股份有限公司,臺中市西屯區永安里國安一路67-2號15樓之3,28000000,1030523
10591,89861255,聲威保全股份有限公司,臺中市南屯區文山九街102號1樓,40000000,1030528
10594,89872746,豐運機械板金股份有限公司,臺中市豐原區西湳里豐原大道七段162巷231弄67號1樓,5000000,1030519
10597,89882723,六角亭景觀工程股份有限公司,臺中市潭子區大富路一段131巷2號1樓,5000000,1030515
10599,89899695,台灣聯技股份有限公司,臺中市西屯區惠中路160號1樓,16000000,1030508
10603,89923999,嘉誼有限公司,臺中市北屯區三光里北屯路315號,1000000,1030529
10641,96856469,才德化妝品技研股份有限公司,臺中市西區和龍里梅川東路二段3號5樓之5,55000000,1030513
10642,96858207,光發塑膠工業股份有限公司,臺中市太平區正光街197巷23號,10000000,1030523
10645,96871855,統先股份有限公司,臺中市西屯區工業區三路7號1樓,16000000,1030527
10647,96882403,政秀企業有限公司,臺中市大里區金城里成功路57巷26弄36號1樓,8000000,1030520
10651,96896899,子觀工程有限公司,臺中市西區後龍里臺灣大道二段103號12樓,5000000,1030514
10652,96900423,王林機械有限公司,臺中市北區中清路一段108號9樓之8,20000000,1030502
10661,96916327,豐全營造工程有限公司,臺中市西屯區中工三路89之2號,25000000,1030526
10662,96917753,長興電腦顧問股份有限公司,臺中市太平區新福里十五鄰新福路五二巷十二號三樓,2000000,1030508
10708,97059619,偉盛通信工程有限公司,臺中市大里區東湖里北湖街91號1樓,3500000,1030513
10740,97160544,漢翔航空工業股份有限公司,臺中市西屯區西平里24鄰漢翔路1號,9082614280,1030520
10755,97176790,威達雲端電訊股份有限公司,臺中市大里區愛心路55號1樓,4320320500,1030508
10762,97194663,鋧益企業有限公司,臺中市清水區武鹿里中央路78之33號,29000000,1030501
10769,97218996,唐林室內裝修工程有限公司,臺中市西屯區永安里安林路3之21號1樓,7200000,1030505
10770,97219897,建乾營造有限公司,臺中市西屯區何南里大墩十九街30號1樓,3000000,1030522
10771,97221872,鴻玖企業有限公司,臺中市南區永和里五權南一路51號5樓之3,1000000,1030507
10776,97234644,岳晃有限公司,臺中市大雅區四德里中山八路92號,5000000,1030528
10779,97240287,界鑫營造股份有限公司,臺中市南屯區永春東一路788巷6號1樓,15000000,1030513
10785,97259102,大金鋁門窗有限公司,臺中市大里區東湖里東南路81號2樓,5000000,1030508
10786,97260403,遠漢科技股份有限公司,臺中市南區三民西路276號1樓,5000000,1030509
10787,97264528,泥強營造有限公司,臺中市太平區聖和里長龍路一段276號,3000000,1030527
10818,97330718,長毅文化事業有限公司,臺中市東區旱溪里東光園路610號1樓,20000000,1030521
10819,97332764,長喜建設股份有限公司,臺中市大甲區文武里忠孝街１３１號１樓,25000000,1030501
10825,97348702,鄉村家園開發股份有限公司,臺中市北屯區松竹路一段19巷11號1樓,50000000,1030509
10827,97353423,泰生昌企業有限公司,臺中市霧峰區中正路1171之1號2樓,5000000,1030507
10830,97358243,順瑋營造有限公司,臺中市清水區橋頭里民治3街69號1樓,15000000,1030521
10833,97362942,協航機械有限公司,臺中市太平區建興路247巷12號1樓,1000000,1030512
10834,97367377,安珈國際股份有限公司,臺中市烏日區溪壩里環中路8段501巷169號1樓,22000000,1030506
10841,97379893,伸齊科技有限公司,臺中市南屯區向心南路981巷7號1樓,3000000,1030506
10844,97397370,金泰鎰實業有限公司,臺中市大雅區六寶里月祥路813號1樓,1000000,1030520
10850,97402536,昶富國際實業股份有限公司,臺中市北屯區平安里文心路四段698號8樓之1,15000000,1030506
10853,97407764,加廣企業有限公司,臺中市東區東橋里東光園路33巷5號,1000000,1030519
10856,97422955,鍾歷企業有限公司,臺中市太平區成功東路288號,4500000,1030513
10858,97429182,崇碩機械有限公司,臺中市太平區中興里永平路二段476巷100弄20號,2000000,1030502
10869,97447647,富旺國際開發股份有限公司,臺中市西區大隆路20號4樓之5,1581475370,1030529
10879,97468635,克羅司門有限公司,臺中市太平區宜昌東路13號,34635336,1030520
10882,97472259,翔音企業股份有限公司,臺中市西屯區工業區三路22號,10000000,1030529
10887,97480504,晟溢建設有限公司,臺中市潭子區榮興街138號,25000000,1030506
10892,97506791,愛地雅工業股份有限公司,臺中市梧棲區草湳里港埠路1段497號,1436427010,1030529
10893,97507948,先烽企業有限公司,臺中市霧峰區中正里萊園路9巷41號1樓,2600000,1030528
10894,97542635,長拓流體科技股份有限公司,臺中市東區樂成里育英路19之2號,70000000,1030513
10895,97546490,大右企業有限公司,臺中市大里區立新街200號1樓,5000000,1030528
10896,97550000,台瑋企業股份有限公司,臺中市梧棲區草湳里臨港路2段168巷55號,112000000,1030523
10897,97553908,毅得企業股份有限公司,臺中市太平區永成路60巷37號,215820000,1030502
10898,97573708,欽勝企業股份有限公司,臺中市大肚區文昌路二段588巷39弄1號,5000000,1030519
10899,97576640,祥迪包裝機械股份有限公司,臺中市太平區精美路275巷25弄11號,12000000,1030526
