序號,統一編號,公司名稱,公司所在地,資本額,核准設立日期
2076,54957515,日商夢特思有限公司,臺中市北屯區進化北路63號7樓之2,1000000,1071109
2183,54958731,香港商浮笛科技有限公司,臺中市北區淡溝里臺灣大道二段340號8樓之5,1000000,1071115
2194,54958845,比利時商愛瑞國際技術驗證有限公司,臺中市西屯區朝富路213號23樓之5,588000,1071115
2411,54961166,英屬安吉拉商凱立有限公司,臺中市豐原區綠山五街109號2樓,0,1071130
2450,82775543,佰諾國際有限公司,臺中市豐原區下街里源豐路150號4樓,500000,1071128
2451,82775558,比特帶物流科技股份有限公司,臺中市西區臺灣大道二段307號8樓之2,100000,1071128
2452,82775564,淮茂有限公司,臺中市后里區中和里富春路117號,3000000,1071128
2453,82775570,經準工業有限公司,臺中市太平區平安里精美路99號一樓,500000,1071128
2454,82775585,藝洋有限公司,臺中市北屯區四民里昌平路二段154之41號1樓,1000000,1071128
2455,82775591,承晏有限公司,臺中市后里區太平里8鄰太平路30之3號1樓,100000,1071128
2456,82775608,騰發電子科技有限公司,臺中市南屯區惠中里文心路一段378號5樓之3,500000,1071128
2457,82775614,鼎方機械有限公司,臺中市清水區橋頭里民享路157號,8000000,1071128
2458,82775620,玖五吉股份有限公司,臺中市大里區長榮里中興路二段199之7號1樓,200000,1071128
2459,82775635,佳晏國際有限公司,臺中市西屯區惠來里市政路500號20樓之8,1000000,1071128
2460,82775641,廣源人本有限公司,臺中市西區和龍里臺灣大道一段726號6樓之7,100000,1071128
2461,82775656,比酷國際有限公司,臺中市北屯區松強里松竹路二段346巷10號5樓之1,200000,1071128
2462,82775662,旭益行銷有限公司,臺中市西屯區大福里長安路二段335巷13號5樓,1000000,1071128
2463,82775678,聖力教學設備有限公司,臺中市太平區新吉里育仁路186號11樓之2,500000,1071128
2464,82775683,元匯文教投資顧問有限公司,臺中市南區和平里忠明南路758號14樓,100000,1071128
2465,82775699,誠濱企業有限公司,臺中市西屯區協和里順和三街57號1樓,1000000,1071128
2466,82775706,詠叡貿易有限公司,臺中市大里區國光路二段516號1樓,300000,1071128
2467,82775712,敦凡廣告行銷有限公司,臺中市北區淡溝里英才路396號4樓之3,100000,1071128
2468,82775728,山嵐拉麵有限公司,臺中市北區錦新街90巷2號1樓,1000000,1071128
2469,82775733,貓吃魚餐飲有限公司,臺中市西屯區福林里福林路75號,5000000,1071129
2470,82775749,書香同城有限公司,臺中市西屯區市政北七路186號5樓之1,1500000,1071129
2471,82775754,五暘事業有限公司,臺中市北屯區文心路四段873號21樓之2,500000,1071129
2472,82775760,大蘊聯合股份有限公司,臺中市西區明義街39號1樓,2000000,1071129
2473,82775776,翔豪國際有限公司,臺中市北屯區仁美里豐樂路17巷13弄31號2樓,500000,1071129
2474,82775781,引思特國際教育顧問股份有限公司,臺中市北屯區平德里文昌二街2巷12號11樓,200000,1071129
2475,82775797,卉源科技有限公司,臺中市霧峰區峰堤路663號,1000000,1071129
2702,82783585,遠寰有限公司,臺中市北屯區平安里崇德路二段128號6樓之1,60000000,1071031
2703,82783712,信美清潔事業有限公司,臺中市北區錦祥里進化路577之3號1樓,500000,1071031
2704,82783728,松漢工業有限公司,臺中市西區忠明南路237號9樓之2,500000,1071031
2705,82783733,虹鈞系統自動化股份有限公司,臺中市后里區墩北里甲后路ㄧ段813號1樓,3000000,1071031
2706,82783749,實源有限公司,臺中市北屯區中清路二段362巷7號5樓,500000,1071031
2707,82783754,伊白有限公司,臺中市南屯區同心里大墩路243號,1500000,1071031
2708,82783760,享利國際有限公司,臺中市外埔區大東里甲東路29號,500000,1071031
2709,82783776,吉棧企業有限公司,臺中市南屯區公益路二段38號1樓,1000000,1071031
2710,82783781,零壹實業有限公司,臺中市神岡區社口里社口街391號2樓,500000,1071031
2711,82783797,台灣鈦亟國際有限公司,臺中市西屯區福雅里福安路80號11樓之2,1400000,1071031
2712,82783804,承代國際開發股份有限公司,臺中市清水區橋頭里五權路53號1樓之1,1000000,1071031
2713,82783810,杺裕國際餐飲有限公司,臺中市北屯區景賢路167號13樓,300000,1071031
2714,82783826,松甫工業有限公司,臺中市西屯區何厝里何厝東二街23號8樓之5,200000,1071031
2715,82783831,中美磁磚有限公司,臺中市太平區永成北路66巷50之1號,1000000,1071031
2716,82783847,天鷹戶外用品有限公司,臺中市大里區新里里29鄰德芳路二段59之6號,500000,1071031
2717,82783852,豐曜國際貿易有限公司,臺中市大雅區中山路35號1樓,500000,1071031
2718,82783868,慶陽建設有限公司,臺中市大雅區神林南路211號1樓,25000000,1071031
2719,82783874,數冠科技股份有限公司,臺中市西屯區逢甲里6鄰寶慶街50巷6號10樓之1,500000,1071101
2720,82783889,花葵有限公司,臺中市南屯區楓樹里28鄰楓樹西街326號1樓,130000,1071031
2721,82783895,任禎堂實業有限公司,臺中市西屯區至善里上安路163號6樓之3,510000,1071031
2722,82783902,伽楠香生醫有限公司,臺中市東區新庄里和平街65號5樓,3000000,1071101
2723,82783939,皇翔汽車有限公司,臺中市北屯區崇德六路100號6樓之7,1000000,1071101
2724,82783945,蘇滿搭臘有限公司,臺中市烏日區前竹里光明路401號,1000000,1071101
2725,82783950,冠屏生活館有限公司,臺中市中區中華里中華路一段44、46、48、52號,15000000,1071101
2726,82783966,沐糖股份有限公司,臺中市西屯區潮洋里環河路153號2樓,4000000,1071101
2727,82783972,恆億有限公司,臺中市西區華美街88號2樓,1000000,1071101
2728,82783987,多杰力國際有限公司,臺中市北屯區平心里瀋陽路三段105號2樓,300000,1071101
2729,82783993,昕陽節能科技股份有限公司,臺中市西屯區上石里上石路201號2樓,2000000,1071101
2730,82784000,名人家建築開發有限公司,臺中市大雅區文雅里中山北路473巷64號1樓,30000000,1071101
2731,82784016,敏安醫材科技有限公司,臺中市北屯區仁和里梅川東路五段316號1樓,1500000,1071101
2732,82784022,青雀國際開發有限公司,臺中市南區信義南街202號5樓之2,500000,1071101
2733,82784037,旬菓國際有限公司,臺中市西區精明一街60號,100000,1071101
2734,82784043,鋒泉國際有限公司,臺中市西區精誠二十四街13號,50000,1071101
2735,82784058,晟瑞科技股份有限公司,臺中市潭子區栗林里中山路三段486號,50000000,1071026
2736,82784064,登名有限公司,臺中市太平區中山里中山路二段379號3樓,500000,1071101
2737,82784070,兆曜欣業建設有限公司,臺中市北區賴村里中清路一段370號10樓之1,5000000,1071101
2738,82784085,群友有限公司,臺中市北區新北里一中街136之30號2樓,500000,1071101
2739,82784091,新興開發有限公司,臺中市西屯區逢甲里西屯路二段258之21號2樓,10000000,1071101
2740,82784108,來味食品有限公司,臺中市大里區環中東路七段36巷9號,200000,1071101
2741,82784114,維爾企業有限公司,臺中市西區平和里中華路一段7號7樓,200000,1071101
2742,82784120,寶豐精密科技有限公司,臺中市豐原區豐田里豐南街92巷81弄26號7樓之2,1000000,1071101
2743,82784135,大樣建設有限公司,臺中市北屯區東山路1段220巷35號1樓,10000000,1071101
2744,82784141,欣峰環球有限公司,臺中市北區頂厝里崇德路一段631號18樓之3,50000,1071101
2745,82784156,俊逸工程有限公司,臺中市太平區永成北路184號2樓,1000000,1071101
2746,82784162,良心實業有限公司,臺中市大里區大元里國中路222號,100000,1071101
2747,82784178,博利通訊有限公司,臺中市北區光大里中清路一段110號1樓,100000,1071102
2748,82784183,緣聚餐飲有限公司,臺中市南區福順里忠明南路777巷1號,1000000,1071102
2749,82784199,南楊開發有限公司,臺中市梧棲區大庄里光華西街29巷13號1樓,15000000,1071102
2750,82784206,里可實業有限公司,臺中市西屯區西平里逢甲路26號1樓,1000000,1071102
2751,82784212,瓂婭安森國際有限公司,臺中市北區文昌東二街138號,800000,1071102
2752,82784228,頡伊工程有限公司,臺中市太平區永成里長億一街45巷12號1樓,3000000,1071102
2753,82784233,套路科技有限公司,臺中市西區和龍里臺灣大道二段16號19樓之2,10000,1071102
2754,82784249,合敘企業有限公司,臺中市南屯區同心里文心路一段186號18樓之9,200000,1071102
2755,82784254,來德精緻汽車美容有限公司,臺中市南屯區五權西路二段1156號,500000,1071102
2756,82784260,成毓恩工程有限公司,臺中市西屯區逢甲里寶慶街50巷6號14樓之2,100000,1071102
2757,82784276,紘洋工程有限公司,臺中市太平區中政里永平南路40巷29號1樓,20000,1071102
2758,82784281,立豐精密機械有限公司,臺中市潭子區聚興里潭興路一段8之3號,1000000,1071102
2759,82784297,華盛美建設有限公司,臺中市大甲區中山里水源路355號2樓,1000000,1071102
2760,82784304,搞之訊有限公司,臺中市西區民龍里臺灣大道二段285號20樓,200000,1071102
2761,82784310,達宇科技工程有限公司,臺中市西區民龍里臺灣大道二段307號6樓之1,250000,1071102
2762,82784326,美璂企業股份有限公司,臺中市后里區月眉里安眉路116之1號,4000000,1071102
2763,82784347,园星商場開發有限公司,臺中市太平區新福里新福路66巷36弄68號3樓,60000,1071104
2764,82784352,東隆興有限公司,臺中市太平區光明里長安十一街68巷20號1樓,3000000,1071105
2765,82784368,鑫聖投資股份有限公司,臺中市梧棲區草湳里臨港路三段960號2樓,2000000,1071105
2766,82784374,捷光有限公司,臺中市東勢區茂興里東蘭路197之29號1樓,2000000,1071105
2767,82784389,誠祥實業有限公司,臺中市北屯區平順里安順東十街89號5樓,2000000,1071105
2768,82784395,蕈研生技股份有限公司,臺中市南屯區三和里干城街330號14樓之1,12000000,1071105
2769,82784402,華策顧問有限公司,臺中市西區三民路一段103號12樓之1,300000,1071105
2770,82784418,大維理文知識產權有限公司,臺中市西區台灣大道一段728號11樓,105000,1071106
2771,82784424,立誠人力資源服務有限公司,臺中市沙鹿區三鹿里向上路六段768號1樓,1500000,1071105
2772,82784439,伸炬國際有限公司,臺中市北區崇德路一段629號17樓之1,300000,1071105
2773,82784445,團體兔廣告有限公司,臺中市沙鹿區斗抵里斗潭路300號1樓,880000,1071105
2774,82784450,駿一工程科技有限公司,臺中市西區臺灣大道二段285號22樓之6,1000000,1071105
2775,82784466,物質設計有限公司,臺中市西屯區何厝里四川路129號,200000,1071105
2776,82784472,環瑞土地開發有限公司,臺中市南屯區豐樂里黎明路一段846之1號3樓,1000000,1071105
2777,82784487,琢華廚房規劃有限公司,臺中市南屯區文心里17鄰大英街104號,300000,1071105
2778,82784493,翡特興業有限公司,臺中市南屯區東興路二段225號1樓,600000,1071105
2779,82784509,雨果文創藝術有限公司,臺中市北屯區廍子路435號1樓,1000000,1071105
2780,82784515,欣美威機械有限公司,臺中市北屯區舊社里舊社巷15弄27號1樓,200000,1071105
2781,82784521,鴻喬國際投資有限公司,臺中市西屯區逢福里河南路二段262號13樓之3,10000000,1071107
2782,82784536,主豐金屬工坊有限公司,臺中市豐原區翁子里豐勢路一段480號,1000000,1071105
2783,82784542,鉅讚不動產有限公司,臺中市南區工學里高工路130號1樓,1000000,1071106
2784,82784557,坤展電動工具有限公司,臺中市東區十甲里東英路493號1樓,300000,1071105
2785,82784563,宏澤田精密有限公司,臺中市西屯區文心路三段241號12樓之2,8000000,1071105
2786,82784579,康瑞生醫有限公司,臺中市南區五權南路680巷44弄11號1樓,500000,1071105
2787,82784584,追根工程有限公司,臺中市北屯區松勇里松明街95巷6號1樓,1000000,1071105
2788,82784590,謙品綠色動力有限公司,臺中市北區崇德路一段631號19樓之1,1000000,1071106
2789,82784607,宜安有限公司,臺中市沙鹿區晉江里台灣大道七段49號1樓,100000,1071106
2790,82784613,喜氏有限公司,臺中市沙鹿區鹿寮里光榮街69號1樓,3200000,1071106
2791,82784629,勁鉞有限公司,臺中市南屯區精科中路22號2樓,20000000,1071106
2792,82784634,凱鴻消防安全設備有限公司,臺中市烏日區烏日里五光路1045號1樓,100000,1071106
2793,82784640,梅比斯運動事業有限公司,臺中市西區廣民里四維街60號1樓,500000,1071106
2794,82784655,好菓運有限公司,臺中市北屯區三光里北屯路210號9樓之1,500000,1071106
2795,82784661,汎印室內裝修設計有限公司,臺中市神岡區豐洲里豐洲路180巷25號2樓,500000,1071106
2796,82784677,志揚工業有限公司,臺中市大雅區雅環路一段154巷34號1樓,100000,1071106
2797,82784682,慶峰消防有限公司,臺中市西區吉龍里美村路一段620巷36號1樓,120000,1071106
2798,82784698,啟發投資有限公司,臺中市霧峰區本堂里樹仁路126-2號1樓,1000000,1071106
2799,82784705,好日子實業有限公司,臺中市西區民龍里臺灣大道二段307號6樓之1,750000,1071106
2800,82784711,玄紀樂器製造有限公司,臺中市龍井區海尾路240巷1號,1000000,1071106
2801,82784727,正點登山嚮導有限公司,臺中市沙鹿區三鹿里自強路780巷55號1樓,200000,1071106
2802,82784732,帝旺企業有限公司,臺中市北區中達里英才路217巷2弄3號3樓,500000,1071106
2803,82784748,薇莉絲國際有限公司,臺中市太平區育賢路366號9樓之11,30000,1071106
2804,82784753,金洋茶業有限公司,臺中市西區美村路一段22號7樓之4,700000,1071106
2805,82784775,萬怡健康生技有限公司,臺中市西屯區西屯路二段256巷6號7樓之6,100000,1071106
2806,82784780,鼎祐國際企業有限公司,臺中市南區福田路123巷15號1樓,1000000,1071106
2807,82784796,長紘管理顧問有限公司,臺中市北區新北里尊賢街9號7樓,100000,1071106
2808,82784803,威立德企業股份有限公司,臺中市南屯區精科八路38號,10000000,1071106
2809,82784825,啓嘉機械有限公司,臺中市太平區德明路177巷26號,700000,1071106
2810,82784830,偉恩興業有限公司,臺中市北區頂厝里崇德路一段631號17樓之1,1000000,1071107
2811,82784846,晶翔國際有限公司,臺中市大肚區大肚里自由路381號1樓,200000,1071107
2812,82784851,立厚建設有限公司,臺中市西屯區何南里東興路三段381號7樓之4,15000000,1071107
2813,82784867,龍澤科技有限公司,臺中市西區藍興里三民路一段103號10樓之1,300000,1071107
2814,82784873,曜星實業有限公司,臺中市西區公民里自治街118號4樓之1,100000,1071107
2815,82784888,緣品禮儀服務有限公司,臺中市南區信義南街81巷42號1樓,100000,1071107
2816,82784894,弘逸科技有限公司,臺中市后里區泰安里福興路5號,1500000,1071107
2817,82784901,可崴科技有限公司,臺中市大里區大明路393之3號,1000000,1071107
2818,82784917,呈相有限公司,臺中市豐原區豐田里豐南街326巷100號,400000,1071107
2819,82784923,秦豐實業有限公司,臺中市南屯區大進街339號,1000000,1071107
2820,82784938,弈品建設有限公司,臺中市太平區永康街12巷12號1樓,2000000,1071107
2821,82784944,彩亨科技有限公司,臺中市西區五權路1之67號5樓,200000,1071107
2822,82784959,創拓寰宇投資有限公司,臺中市西屯區惠文七街69之11號1樓,6000000,1071108
2823,82784965,家岳食品有限公司,臺中市大甲區江南里東西八路一段120號,500000,1071108
2824,82784971,無限廣告媒體有限公司,臺中市北屯區崇德十一路37號6樓之2,5000000,1071108
2825,82784986,承源有限公司,臺中市后里區墩南里4鄰南村路110號1樓,20000000,1071108
2826,82784992,彌迦勒大健康科技股份有限公司,臺中市清水區南社里民和路二段426號1樓,5700000,1071108
2827,82785015,彌通數位有限公司,臺中市西屯區何厝里漢口路一段37號2樓,100000,1071108
2828,82785021,克曼蒂美容有限公司,臺中市西區公正里大墩十一街119號,1000000,1071108
2829,82785036,吉馥有限公司,臺中市西區公正里東興路三段11號1樓,2000000,1071108
2830,82785042,鵬銓企業有限公司,臺中市大雅區民生路四段307之6號,200000,1071108
2831,82785057,橙益健康事業有限公司,臺中市西屯區經貿七路28號,1000000,1071108
2832,82785079,國寶有限公司,臺中市大里區大元里大衛路41之1號2樓,3000000,1071108
2833,82785084,開飯樂有限公司,臺中市西屯區協和里工業區32路55號,1000000,1071108
2834,82785090,新奇精品模型有限公司,臺中市西屯區何安里洛陽東街17號1樓,6000000,1071108
2835,82785107,浪人旅所有限公司,臺中市西屯區何安里四川西二街13之2號,6000000,1071108
2836,82785113,祿鼎國際身心靈有限公司,臺中市霧峰區舊正里新豐路92號2樓,200000,1071108
2837,82785129,詠舜有限公司,臺中市烏日區北里里太明路55號3樓,1000000,1071108
2838,82785134,宏魁有限公司,臺中市豐原區中陽里惠陽街141號10樓,500000,1071108
2839,82785140,達開企業管理顧問有限公司,臺中市太平區宜欣里宜欣一路115號1樓,100000,1071108
2840,82785155,菓蒔有限公司,臺中市西屯區潮洋里朝富路213號11樓之8,1000000,1071109
2841,82785161,范祥有限公司,臺中市西屯區市政北二路282號17樓之3,15000000,1071109
2842,82785177,億敬有限公司,臺中市西屯區市政北二路282號17樓之2,65000000,1071109
2843,82785182,興匯實業有限公司,臺中市北區金龍里金龍街86巷4之3號,1000000,1071109
2844,82785198,星恆亮國際有限公司,臺中市北屯區民政里橫坑巷聖地4弄7號1樓,1000000,1071109
2845,82785205,浩程國際有限公司,臺中市南屯區三和里大芳街58之2號1樓,2000000,1071109
2846,82785211,優策資訊有限公司,臺中市西屯區市政路386號21樓之3,5000000,1071109
2847,82785227,永政事業有限公司,臺中市西屯區永安里國安一路51之2號7樓之2,1000000,1071109
2848,82785232,洧康開發有限公司,臺中市大里區日新里鐵路街107號,1200000,1071109
2849,82785248,翊勝有限公司,臺中市沙鹿區興安里斗潭路366巷8號1樓,100000,1071109
2850,82785253,新宜實業有限公司,臺中市西區精誠路147號1樓,100000,1071109
2851,82785269,沛澄實業股份有限公司,臺中市北屯區和平里軍福十二路151號2樓,1100000,1071109
2852,82785275,姿緹雅有限公司,臺中市北區賴旺里文心路四段182號地下一層之一,50000,1071109
2853,82785280,德邦國際速運有限公司,臺中市西區五權路1之67號5樓,1000000,1071109
2854,82785296,塔莉生物科技有限公司,臺中市東區東門里東光園路100巷56弄9號2樓,500000,1071109
2855,82785303,京東坊生技有限公司,臺中市西區美村路一段540號4樓之3,1000000,1071109
2856,82785319,智慧通資訊有限公司,臺中市西區臺灣大道二段16號十九樓之2,200000,1071109
2857,82785325,泰賀國際股份有限公司,臺中市清水區橋頭里五權路51號1樓之5,10000000,1071109
2858,82785330,軒起有限公司,臺中市西區昇平街66巷2弄15號,320000,1071109
2859,82785346,鍇揚能源有限公司,臺中市霧峰區北勢里豐正路510號,2000000,1071109
2860,82785351,松永金屬科技股份有限公司,臺中市大里區仁化路808號1樓,1000000,1071109
2861,82785367,尊義光電科技有限公司,臺中市太平區宜昌里中山路三段93巷13號1樓,1000000,1071109
2862,82785373,詠漢科技有限公司,臺中市西屯區西墩里黎明路三段106號2樓,3500000,1071109
2863,82785388,韋壯有限公司,臺中市南區長春里愛國街84號1樓,1000000,1071109
2864,82785394,佳希國際有限公司,臺中市北區進化北路317號5樓之2,500000,1071109
2865,82785401,賀運有限公司,臺中市烏日區三榮七路162號1樓,400000,1071109
2866,82785417,翊致興業有限公司,臺中市太平區新高里立文街296號1樓,1200000,1071110
2867,82785423,安格斯家飾有限公司,臺中市北區金華里雙十路二段42號之1,1000000,1071112
2868,82785438,承暉通訊有限公司,臺中市西區吉龍里五權五街151號4樓之4,200000,1071112
2869,82785459,上盛泉有限公司,臺中市西屯區西墩里西墩北巷10之6號1樓,50000,1071112
2870,82785465,浩榮營造股份有限公司,臺中市大里區新光路136號1樓,75000000,1071112
2871,82785471,超級房地產有限公司,臺中市大里區東湖里公園街421巷30號10樓,1000000,1071112
2872,82785486,泰圓佛有限公司,臺中市西屯區何明里大弘街66號1樓,50000,1071112
2873,82785492,智戢科技股份有限公司,臺中市西屯區上石路146巷2號,1000000,1071114
2874,82785508,品台工程有限公司,臺中市北區太原路二段186號11樓之2,100000,1071112
2875,82785514,馬森科技有限公司,臺中市北區國強街111號1樓,300000,1071112
2876,82785520,瑋珥公益有限公司,臺中市西屯區文心路二段566之1號3樓之1,50000,1071112
2877,82785535,廣潤欣開發建設有限公司,臺中市梧棲區安仁里梧棲路8號1樓,100000000,1071112
2878,82785541,數碼人科技有限公司,臺中市北區賴厝里漢口路四段202號6樓,1000000,1071112
2879,82785556,璽御事業國際有限公司,臺中市北區健行里忠明路424號8樓之4,400000,1071112
2880,82785562,政煜工程有限公司,臺中市后里區三月路8號,100000,1071112
2881,82785578,禾家歡股份有限公司,臺中市東區東南街63號1樓,1000000,1071112
2882,82785583,飛祿單車有限公司,臺中市南屯區大墩十四街292號、292之1號,2900000,1071112
2883,82785599,酒癮國際有限公司,臺中市太平區立智街96號8樓之1,100000,1071112
2884,82785606,大漁投資有限公司,臺中市大里區夏元路1之5號1樓,15000000,1071112
2885,82785612,學程國際文教股份有限公司,臺中市西區忠誠里台灣大道二段573號8樓,1000000,1071112
2886,82785628,晶享科技有限公司,臺中市東勢區粵寧里新豐街93號,100000,1071112
2887,82785633,盛鑫晶有限公司,臺中市西區臺灣大道二段285號8樓之3,200000,1071113
2888,82785649,悟智股份有限公司,臺中市西屯區西安里青海路二段340號11樓之2,3850000,1071113
2889,82785654,安麗安興業有限公司,臺中市西區公正里大墩十街30號1樓,380000,1071113
2890,82785660,益合信管理顧問股份有限公司,臺中市西屯區福中里中工二路192號2樓,600000,1071113
2891,82785676,韓濟佶多有限公司,臺中市東區立德東街21號1樓,2000000,1071113
2892,82785681,京權國際貿易有限公司,臺中市西屯區潮洋里朝富路138號1樓,2000000,1071113
2893,82785697,單頻科技有限公司,臺中市烏日區九德里中山路一段396號1樓,10000,1071113
2894,82785704,富洋國際貿易有限公司,臺中市北屯區平心里安順四街38號7樓之11,1000000,1071113
2895,82785710,永慈實業有限公司,臺中市大里區國光路二段702之3號,500000,1071113
2896,82785726,弘鎰發精密有限公司,臺中市豐原區南陽里保康路81巷28號1樓,2000000,1071113
2897,82785731,鉅釩雲端有限公司,臺中市西屯區市政北二路236號24樓之5,1500000,1071113
2898,82785747,曉永國際商貿有限公司,臺中市北屯區平安里文心路四段750號地下室之1與752號地下室,200000,1071113
2899,82785752,會紅企業有限公司,臺中市北區新興里精武路328號地下樓,500000,1071113
2900,82785768,采鎂國際有限公司,臺中市烏日區榮泉里健行南路23號8樓之1,300000,1071113
2901,82785774,宸銓實業有限公司,臺中市大里區健行路112號1樓,100000,1071114
2902,82785789,特固有限公司,臺中市梧棲區福德里福德街174號1樓,100000,1071114
2903,82785795,海濰國際實業有限公司,臺中市北屯區廍子里景賢路169號12樓,500000,1071114
2904,82785802,紅品進口水果有限公司,臺中市西屯區永安里玉門路233號19樓之3,50000,1071114
2905,82785818,享業資產管理有限公司,臺中市北區忠太東路119號15樓之3,80000,1071114
2906,82785824,子成國際企業有限公司,臺中市西區臺灣大道二段406號11樓之5,200000,1071114
2907,82785839,巨宇國際整合設計有限公司,臺中市北區中清路一段651號2樓,500000,1071114
2908,82785845,草根生命禮儀有限公司,臺中市梧棲區文化里民生街2之63號1樓,500000,1071114
2909,82785850,奕誠建設股份有限公司,臺中市大里區大里路180號1樓,35000000,1071114
2910,82785866,果樂數位行銷有限公司,臺中市西屯區何厝里何厝東二街23號8樓之5,1000000,1071114
2911,82785872,阿瑪爾有限公司,臺中市北區邱厝里中清路一段226號1樓,500000,1071114
2912,82785887,豐洲建設股份有限公司,臺中市南屯區大業里公益路二段61號4樓之3,7000000,1071114
2913,82785893,暐達工程有限公司,臺中市北屯區平福里崇德二路二段41號12樓,200000,1071114
2914,82785900,中宥理財商業有限公司,臺中市北屯區太順路72號1樓,200000,1071114
2915,82785916,伊小間室內裝修設計有限公司,臺中市潭子區榮興街57巷23號3樓,301000,1071115
2916,82785922,東海國際人力資源有限公司,臺中市西屯區福雅里臺灣大道四段936號9樓之1,5000000,1071115
2917,82785937,有心餐飲有限公司,臺中市南區南門里國光路363巷1號,1000000,1071115
2918,82785943,海天生物科技有限公司,臺中市西屯區惠來里市政路139號6樓之3,900000,1071115
2919,82785958,新茂春企業有限公司,臺中市南區樹德里德富路99號13樓之3,200000,1071115
2920,82785964,精靈精密科技有限公司,臺中市西屯區何厝東二街23號8樓之5,11000000,1071115
2921,82785970,和東辰股份有限公司,臺中市豐原區豐圳里8鄰成功路767號1樓,20000000,1071115
2922,82785985,宅樂設計有限公司,臺中市南屯區大墩十一街154號,1000000,1071115
2923,82785991,晉宇建設有限公司,臺中市大里區永興路141號1樓,250000,1071115
2924,82786008,雅朵工程設計有限公司,臺中市北屯區北興里南京東路三段35巷48號1樓,300000,1071115
2925,82786014,特鈺有限公司,臺中市烏日區九德里九德街43號1樓,100000,1071115
2926,82786020,三綠能源有限公司,臺中市霧峰區峰北路666號1樓,15000000,1071115
2927,82786035,緯燁實業有限公司,臺中市清水區秀水里橋江北街一段316巷56弄37之5號1樓,1000000,1071115
2928,82786041,優昊租屋有限公司,臺中市北區漢口路三段93之3號2樓,500000,1071115
2929,82786062,歐凡特和牛有限公司,臺中市西區博館路103號,1500000,1071115
2930,82786078,隆全盛科技有限公司,臺中市潭子區頭家東里中興北路66號1樓,500000,1071115
2931,82786083,合津貿易有限公司,臺中市北屯區松竹里崇德五路146巷12號1樓,200000,1071115
2932,82786099,智趣工作坊有限公司,臺中市西屯區何安里洛陽東街17號1樓,6000000,1071115
2933,82786106,宸華國際旅行社有限公司,臺中市北屯區和平里軍和街389巷2號1樓,6000000,1071115
2934,82786112,雲鏈有限公司,臺中市西屯區市政北二路282號20樓之6,100000,1071115
2935,82786128,聚鑫資產管理有限公司,臺中市西區藍興里三民路一段103號10樓之1,1500000,1071115
2936,82786133,瑞葆實業有限公司,臺中市南屯區大墩十二街311號14樓之3,6000000,1071115
2937,82786149,洽和生物科技有限公司,臺中市沙鹿區文昌街72號1樓,200000,1071115
2938,82786154,鑫墣科技股份有限公司,臺中市沙鹿區洛泉里光華路261之2號,7876000,1071119
2939,82786160,阜鈺股份有限公司,臺中市沙鹿區洛泉里新生街1之1號1樓,3810000,1071119
2940,82786176,藝站有限公司,臺中市西區民龍里文化街156號地下層之2,1000000,1071116
2941,82786181,冠騰精密有限公司,臺中市北屯區四民里水湳路151之6號5樓,1000000,1071116
2942,82786197,意馨興業有限公司,臺中市南屯區永定里益昌三街65號1樓,200000,1071116
2943,82786204,上橋國際企業有限公司,臺中市南區南和里工學路136號9樓之2,1000000,1071116
2944,82786210,華恩金融科技有限公司,臺中市大肚區瑞井里遊園路一段8之2號1樓,2000000,1071116
2945,82786226,正取顧問有限公司,臺中市西屯區何成里大恩街20號6樓,1000000,1071116
2946,82786231,晨聿有限公司,臺中市大雅區德勝路215巷1弄35號1樓,30000,1071116
2947,82786247,鉅田潔淨技術股份有限公司,臺中市南區樹德里德富路140號1樓,5000000,1071116
2948,82786252,庭豐國際有限公司,臺中市北區三民路三段217號6樓之12,6000000,1071116
2949,82786268,楷佑實業有限公司,臺中市北屯區仁美里崇德十六路228號15樓之1,1000000,1071116
2950,82786274,凱宙科技有限公司,臺中市南區福順里忠明南路787號13樓之1、13樓之2,1000000,1071116
2951,82786289,中金國際有限公司,臺中市烏日區前竹里光明路162巷125號,100000,1071116
2952,82786295,金金凱有限公司,臺中市大里區新興路33號,18000,1071116
2953,82786302,大宇企業管理顧問有限公司,臺中市大肚區大明五街61巷31號1樓,500000,1071116
2954,82786318,銓儷金屬工業有限公司,臺中市大雅區民生路三段267巷16號,4500000,1071116
2955,82786324,合仟全貿易有限公司,臺中市大肚區瑞井里遊園路一段70巷2號1樓,300000,1071116
2956,82786339,光彩室內裝修設計有限公司,臺中市大里區東興里大明路393之3號,1000000,1071116
2957,82786345,得智軒有限公司,臺中市西區和龍里臺灣大道二段16號19樓之2,300000,1071116
2958,82786350,陸拾伍巷有限公司,臺中市西屯區上德里杏林路65巷15號,200000,1071116
2959,82786366,富豊興業股份有限公司,臺中市西屯區惠來里台灣大道三段248號2樓,8314000,1071119
2960,82786372,沐恩晶創有限公司,臺中市西屯區惠來里文心路三段13之7號,4500000,1071116
2961,82786387,翌葳國際服飾有限公司,臺中市北區天津路二段125之3號,500000,1071116
2962,82786393,仲幸有限公司,臺中市北屯區昌平路二段21號5樓之5,5000000,1071116
2963,82786400,創建食品有限公司,臺中市西屯區何安里西屯路二段101之6號3樓,1000000,1071116
2964,82786416,矽果有限公司,臺中市后里區后里里泉州路4之30巷5號1樓,2000000,1071117
2965,82786422,龍皇山生命禮儀有限公司,臺中市西區藍興里三民路一段103號10樓之1,210000,1071117
2966,82786437,一易元國際有限公司,臺中市南區南門里明德街8號,100000,1071117
2967,82786443,松和有限公司,臺中市大里區東興里國光路二段500號5樓之1,500000,1071119
2968,82786458,蛇傳奇有限公司,臺中市西區美村路一段264號,500000,1071119
2969,82786464,翱翔蔬果有限公司,臺中市西區公益里忠明南路237號9樓之2,11000,1071119
2970,82786470,尚穎國際精品有限公司,臺中市豐原區西湳里豐北街331巷2號4樓,300000,1071119
2971,82786485,數字贏家網路股份有限公司,臺中市大里區仁德里金山街37之6號1樓,300000,1071119
2972,82786491,修禾工程有限公司,臺中市南屯區大英街292之2號6樓,2000000,1071119
2973,82786507,繪鴻油漆工程有限公司,臺中市豐原區西安里成功路245號1樓,500000,1071119
2974,82786513,鋅旺實業股份有限公司,臺中市大里區立德里合信街125巷2號一樓,500000,1071119
2975,82786529,源旺有限公司,臺中市西區臺灣大道一段726號6樓之7,100000,1071119
2976,82786534,丫港有限公司,臺中市西屯區協和里順和九街117號5樓,1000000,1071119
2977,82786540,威彩視訊科技有限公司,臺中市西區五權路148號2樓,200000,1071119
2978,82786555,鈦林國際有限公司,臺中市西區和龍里臺灣大道一段726號6樓之7,100000,1071120
2979,82786561,望古科技有限公司,臺中市神岡區岸裡里大豐路五段295巷56弄5號1樓,5000000,1071119
2980,82786577,天齊雲端資訊有限公司,臺中市西區臺灣大道二段419號5樓之2,200000,1071119
2981,82786582,健民健康有限公司,臺中市霧峰區萬豐里中正路146之8號1樓,1000000,1071119
2982,82786598,尚益文創產業股份有限公司,臺中市西屯區協和里順和九街117號1樓,1000000,1071119
2983,82786605,天綱精密股份有限公司,臺中市北區文莊里中清路一段89號10樓之2,3000000,1071119
2984,82786611,億楷有限公司,臺中市南區和平里忠明南路758號14樓,1000000,1071119
2985,82786632,睿興鴻業有限公司,臺中市東區振興里28鄰大勇街151號3樓,500000,1071120
2986,82786648,沐京有限公司,臺中市北區新北里一中街130號2樓,500000,1071120
2987,82786653,隱居人香藝文化有限公司,臺中市東區東英里十甲路416號13樓之3,100000,1071120
2988,82786669,兆辰精密興業有限公司,臺中市神岡區社南里中山路261號1樓,1000000,1071120
2989,82786675,元揚環保有限公司,臺中市西屯區何德里西屯路二段46號1樓,400000,1071120
2990,82786680,蓋博創意有限公司,臺中市烏日區湖日里中山路二段469號,500000,1071120
2991,82786696,久典實業有限公司,臺中市北屯區廍子路701號,500000,1071120
2992,82786703,皓翔國際貿易有限公司,臺中市西屯區中清路二段1291號1樓,2000000,1071120
2993,82786719,居次元租賃住宅服務有限公司,臺中市西屯區福和里臺灣大道四段771號9樓,200000,1071120
2994,82786725,沐石藝術事業有限公司,臺中市大雅區六寶里科雅路376巷2之8號,1000000,1071120
2995,82786730,仟益金屬有限公司,臺中市北屯區軍功里松竹路一段883號2樓之3,1000000,1071120
2996,82786746,洸欣科技有限公司,臺中市大雅區橫山里永和路11之68號1樓,400000,1071120
2997,82786751,天使創意行銷有限公司,臺中市北區健行里民權路559號3樓之1,400000,1071120
2998,82786767,品銘軒餐旅有限公司,臺中市西區大和路63號1樓,1000000,1071120
2999,82786773,田繹有限公司,臺中市北屯區陳平里雷中街25巷10之3號1樓,1000000,1071120
3000,82786788,格利斯精品有限公司,臺中市西屯區逢福里河南路二段262號8樓之1,500000,1071120
3001,82786794,有事弟子服其勞有限公司,臺中市西區藍興里三民路一段103號10樓之1,1000000,1071120
3002,82786801,誠拾有限公司,臺中市大里區新仁路一段239號1樓,500000,1071121
3003,82786817,杰王設計有限公司,臺中市大雅區上楓里民族街39號2樓,100000,1071121
3004,82786823,歆動國際音樂娛樂有限公司,臺中市大雅區神林南路38號1樓,5000000,1071121
3005,82786838,典果有限公司,臺中市太平區振福路153號1樓,2000000,1071121
3006,82786844,安昕國際有限公司,臺中市北區太原路一段532號9樓之2,1000000,1071121
3007,82786859,迪克斯有限公司,臺中市外埔區六分路205巷11弄28號1樓,180000,1071121
3008,82786865,崴瑪國際有限公司,臺中市北屯區崇德路一段574之4號,1000000,1071121
3009,82786871,宇磐營造工程有限公司,臺中市南區忠明南路758號14樓,3600000,1071121
3010,82786886,新寵兒寵物股份有限公司,臺中市大里區塗城路541巷28號,1000000,1071121
3011,82786892,今國企業有限公司,臺中市北屯區松竹里熱河路三段187號17樓之2,87000000,1071122
3012,82786909,米屋智農股份有限公司,臺中市西屯區大鵬里文心路三段219號12樓之2,5000000,1071121
3013,82786915,丞皇國際企業有限公司,臺中市北屯區中清路二段1048號1樓,660000,1071121
3014,82786921,雅比斯國際有限公司,臺中市南區忠明南路582之6號10樓,200000,1071121
3015,82786936,忠正環保科技有限公司,臺中市北屯區平順里旅順路二段187號1樓,200000,1071121
3016,82786942,采融生物科技有限公司,臺中市大雅區六寶里科雅路376巷2之8號,3000000,1071121
3017,82786957,竑橙水電有限公司,臺中市龍井區遠東街193巷20號1樓,500000,1071121
3018,82786963,松沐有限公司,臺中市大雅區上楓里民生路4段161巷127號1樓,50000,1071121
3019,82786979,闊境有限公司,臺中市西屯區朝富路213號11樓之8,2000000,1071121
3020,82786984,盛輝工業有限公司,臺中市龍井區龍津里三港路308巷28號,20000000,1071121
3021,82786990,安特科技股份有限公司,臺中市西屯區林厝里福雅路552之2號,2000000,1071121
3022,82787007,鐶璟生物科技股份有限公司,臺中市梧棲區自立路356號,2000000,1071121
3023,82787013,雲天教育有限公司,臺中市北區太原南二街167號,100000,1071121
3024,82787029,閎勝興業有限公司,臺中市神岡區圳堵里和睦路一段61巷32號1樓,500000,1071122
3025,82787034,祥美企業有限公司,臺中市西區忠誠里博館路270號7樓之1,200000,1071122
3026,82787040,田安實業股份有限公司,臺中市大甲區孟春里中山路二段國中巷13號,4000000,1071122
3027,82787055,有豐國際貿易有限公司,臺中市北屯區廍子里太祥路269號1樓,400000,1071122
3028,82787061,大吉魁有限公司,臺中市后里區安眉路135巷22號1樓,200000,1071122
3029,82787077,創朔花藝國際有限公司,臺中市西屯區福雅里福順路288號2樓之7,500000,1071122
3030,82787082,軒帆農場股份有限公司,臺中市后里區三豐路三段629巷7號,100000,1071122
3031,82787098,慶宏開發股份有限公司,臺中市太平區大興里文林街58巷59號1樓,7500000,1071122
3032,82787105,金禾工程有限公司,臺中市北屯區平昌里北平路四段123號,50000,1071122
3033,82787111,風行事業有限公司,臺中市北屯區東山路一段147巷40弄29-1號1樓,300000,1071122
3034,82787127,金海商貿有限公司,臺中市北區三民路三段217號6樓之12,6000000,1071122
3035,82787148,之宥貿易有限公司,臺中市沙鹿區鹿寮里中山路451巷11號1樓,300000,1071122
3036,82787153,菘霖有限公司,臺中市南區樹義里文心南路901巷41號7樓之1,250000,1071122
3037,82787169,一品青有限公司,臺中市清水區文昌里中山路339之8號2樓,5000000,1071122
3038,82787175,品元力企業有限公司,臺中市潭子區頭家里頭張路一段86巷11號3樓,200000,1071122
3039,82787180,育曜有限公司,臺中市西屯區西墩里福科一街58號7樓之5,666666,1071122
3040,82787196,綠的國際窗飾貿易有限公司,臺中市太平區祥順路一段29號,500000,1071122
3041,82787203,齒課有限公司,臺中市西區臺灣大道二段285號22樓之5,3000000,1071122
3042,82787219,漢耘實業有限公司,臺中市南區和平里忠明南路758號14樓,200000,1071122
3043,82787225,飛特精密股份有限公司,臺中市南屯區文心路一段218號7樓之5,3000000,1071122
3044,82787230,圓舜投資有限公司,臺中市西區土庫里忠明南路369號12樓之3,5000000,1071122
3071,82789188,進暘科技纖維有限公司,臺中市大里區永明街109號1樓,1000000,1071129
3072,82789194,揚萱國際有限公司,臺中市北區頂厝里進化北路336巷2號1樓,1000000,1071129
3073,82789201,萬華數位科技有限公司,臺中市梧棲區頂寮里四維路112號1樓,250000,1071129
3074,82789217,歐松有限公司,臺中市南屯區永定里益文二街81號3樓之1,3000000,1071129
3075,82789223,凱立王國際有限公司,臺中市北區新興里三民路三段92之3號10樓,2000000,1071129
3076,82789238,必與卿股份有限公司,臺中市北區北屯路73巷4號1樓,500000,1071129
3077,82789244,臻琩隆有限公司,臺中市南區樹義里9鄰福田五街20號20樓之1,2000000,1071129
3078,82789259,偉傑企業有限公司,臺中市西區民龍里臺灣大道二段181號13樓,100000,1071129
3079,82789265,穀多國際有限公司,臺中市西屯區何厝里何厝東二街23號8樓之5,500000,1071129
3080,82789271,浦貴有限公司,臺中市北屯區水景里軍功路一段395號,1000000,1071129
3081,82789286,協馹國際企業有限公司,臺中市西屯區大河里甘肅路二段87巷2號1樓,110000,1071129
3082,82789292,茂豐不動產經紀業有限公司,臺中市西區中興里美村路一段132號1樓,500000,1071129
3083,82789315,妍希有限公司,臺中市北區進化北路166號1樓,1000000,1071129
3084,82789321,傳永工業有限公司,臺中市龍井區忠和里工業路52巷8號1樓,1000000,1071129
3085,82789336,乙安企業有限公司,臺中市潭子區福仁里環中東路一段67巷15號1樓,51000,1071129
3086,82789342,群利資產管理有限公司,臺中市北區漢口路三段1號1樓,1000000,1071129
3087,82789357,翔裕服飾有限公司,臺中市沙鹿區臺灣大道七段106號1樓,1000000,1071129
3088,82789363,順匯國際有限公司,臺中市中區三民路二段46號8樓之2,2000000,1071129
3089,82789379,郅隆實業有限公司,臺中市西屯區協和里工業區三六路52號,1000000,1071129
3090,82789384,摩爾數位有限公司,臺中市西區和龍里臺灣大道二段2號20樓之2,100000,1071129
3091,82789413,盈家營造有限公司,臺中市大里區中新里德芳南路190號2樓,3600000,1071129
3092,82789429,元濟園藝事業有限公司,臺中市北屯區軍福十三路312號,4500000,1071129
3093,82789434,飛堤斯餐飲事業有限公司,臺中市南屯區三義里黎明路二段599號,500000,1071129
3094,82789461,展晨食品有限公司,臺中市西屯區何德里重慶路120巷11號,1000000,1071129
3095,82789477,茂源金屬有限公司,臺中市神岡區溪洲里溪洲路468號1樓,100000,1071130
3096,82789482,砝碼泰有限公司,臺中市西區和龍里臺灣大道二段2號18樓之1,100000,1071130
3097,82789498,祿源瑞企業有限公司,臺中市北屯區北屯路212巷32號1樓,200000,1071130
3098,82789504,睿德數位科技有限公司,臺中市西屯區臺灣大道四段1086號1樓,100000,1071130
3099,82789510,品竺有限公司,臺中市大雅區橫山里永和路六甲巷1之9號,100000,1071130
3100,82789552,丞展貿易有限公司,臺中市北屯區河北路二段223號5樓,200000,1071130
3101,82789568,晴研科技有限公司,臺中市北區建興里大義街87號1樓,2000000,1071130
3102,82789574,楓樺室內設計有限公司,臺中市南屯區豐樂里大墩南路183號1樓,1000000,1071130
3103,82789602,昆弘興業股份有限公司,臺中市西屯區何南里大墩二十街116號2樓之2,1000000,1071130
3104,82789618,艾朵拉國際有限公司,臺中市西區公平里精誠路39-7號1樓,1500000,1071130
3105,82791924,合鎵國際有限公司,臺中市西區館前路55號2樓之2,100000,1071122
3106,82791939,永益發建設股份有限公司,臺中市沙鹿區屏西路122號1樓、2樓,25000000,1071122
3107,82791945,杰威國際數位娛樂有限公司,臺中市西屯區何厝東二街23號8樓之5,100000,1071122
3108,82791950,女王徵信有限公司,臺中市西區忠明里臺灣大道二段406號12樓之2,100000,1071122
3109,82791966,瑞榆投資有限公司,臺中市南區復興路三段15號1樓,25000000,1071123
3110,82791972,大埔有限公司,臺中市南屯區大同里大墩路252號,5000000,1071123
3111,82791987,浚鎰興業有限公司,臺中市梧棲區頂寮里臨港路四段760巷3號1樓,1000000,1071123
3112,82791993,惠盈廣告事業有限公司,臺中市沙鹿區北勢里東晉路72之1號1樓,500000,1071123
3113,82792000,鋐渤科技有限公司,臺中市西屯區市政路402號14樓之6,5000000,1071123
3114,82792016,晉益投資股份有限公司,臺中市西屯區何南里東興路三段381號5樓之3,1200000,1071123
3115,82792022,康倪醫學生技股份有限公司,臺中市西區臺灣大道二段307號28樓,10000000,1071123
3116,82792037,沃富企業有限公司,臺中市北區崇德路一段631號5樓之1,5000000,1071123
3117,82792043,瑞鈦醫療器材股份有限公司,臺中市南屯區精科路9號4樓,29000000,1071127
3118,82792058,嘉騰環境科技有限公司,臺中市潭子區聚興里潭興路一段17巷13之93號1樓,2000000,1071123
3119,82792064,豐珅科技有限公司,臺中市沙鹿區鹿峰里星河路996號1樓,150000,1071123
3120,82792070,兆新建設有限公司,臺中市西屯區何仁里重慶路283號9樓之1,5000000,1071123
3121,82792085,帝寶行家建材實業有限公司,臺中市西區民龍里臺灣大道二段181號6樓之9,150000,1071123
3122,82792091,國威文創產業股份有限公司,臺中市南屯區南屯里永春東路1092號1樓,8000000,1071123
3123,82792108,綵樘美學生技事業有限公司,臺中市西屯區永安里福林路381號1樓,1000000,1071123
3124,82792114,好來得房屋仲介有限公司,臺中市北屯區和祥三街41號1樓,1000000,1071123
3125,82792120,翔銳土地開發有限公司,臺中市東區東興里仁和路393號5樓之2,30000,1071123
3126,82792135,祐勤清潔有限公司,臺中市沙鹿區三鹿里自強路379號,2000000,1071126
3127,82792141,沛展生醫股份有限公司,臺中市西區五權五街151號4樓之3,500000,1071126
3128,82792156,氶氾工程有限公司,臺中市南屯區溝墘里大業路241號3樓之1,300000,1071126
3129,82792162,甲辰工程有限公司,臺中市西屯區何厝里四川路129號,50000,1071126
3130,82792178,歐西里斯有限公司,臺中市北屯區松強里山西路三段192號6樓之7,10000,1071126
3131,82792183,華山芳釀有限公司,臺中市西屯區市政北三路107號1樓,3600000,1071126
3132,82792199,義發蔬果有限公司,臺中市西區公益里忠明南路237號9樓之2,10000,1071126
3133,82792206,胤卿國際有限公司,臺中市西區民龍里臺灣大道二段218號23樓,30000000,1071126
3134,82792212,里岳股份有限公司,臺中市清水區下湳里菁埔路198之1號,28000000,1071126
3135,82792228,宏全盛資產管理股份有限公司,臺中市北屯區崇德路二段20號4樓,7000000,1071126
3136,82792233,志同開發有限公司,臺中市北屯區文心路四段955號12樓之1,5000000,1071126
3137,82792249,煇祥好企業股份有限公司,臺中市太平區新平路一段126巷19弄5號1樓,2000000,1071126
3138,82792254,愛麗絲法學資料處理股份有限公司,臺中市北屯區崇德路三段618號4樓,10000,1071126
3139,82792260,謎邏有限公司,臺中市南區和平里忠明南路758號4樓,1100000,1071126
3140,82792276,巨木文化有限公司,臺中市北屯區廍子里太原路三段1403號6樓之5,1000000,1071126
3141,82792281,駿宇廢五金買賣有限公司,臺中市西區公民里忠勤街74號1樓,500000,1071126
3142,82792297,永豐華有限公司,臺中市北區建德里福樂街1之1號1樓,6000000,1071126
3143,82792304,俊湧興企業有限公司,臺中市大里區內新里益民路一段209巷35弄12號1樓,6000000,1071126
3144,82792310,玉嘉投資有限公司,臺中市南屯區保安七街30號,16000000,1071126
3145,82792326,壯洋海鮮有限公司,臺中市大里區鳳城街55之5號,300000,1071126
3146,82792331,嘉定股份有限公司,臺中市清水區下湳里菁埔路198號,28000000,1071126
3147,82792347,錒鍏叻娛樂有限公司,臺中市西屯區府會園道179號3樓,200000,1071127
3148,82792352,柏懋有限公司,臺中市后里區太平里8鄰四月路76巷1弄10號,1300000,1071126
3149,82792368,鋐業不動產有限公司,臺中市北屯區松竹路二段378號13樓之6,1000000,1071126
3150,82792374,珂業機械有限公司,臺中市南屯區大同里向上南路一段167號14樓,1000000,1071126
3151,82792389,家倉有限公司,臺中市大里區內新里益民路一段209巷35弄10號1樓,6000000,1071126
3152,82792395,特客司簡股份有限公司,臺中市太平區太平里長億六街315號1樓,50000,1071126
3153,82792402,聚游網路科技有限公司,臺中市西屯區福和里臺灣大道四段839號12樓,500000,1071126
3154,82792418,維昶有限公司,臺中市豐原區南陽里安康路25號,3000000,1071126
3155,82792424,恆石設計整合有限公司,臺中市南屯區惠中里2鄰公益路二段185號5樓之5,250000,1071126
3156,82792439,一禪有限公司,臺中市霧峰區桐林里民生路606巷25之2號1樓,200000,1071126
3157,82792445,乖博士生物科技有限公司,臺中市西區藍興里三民路一段103號10樓之1,200000,1071126
3158,82792450,摺學創造有限公司,臺中市東區和平街69號1樓,1000000,1071126
3159,82792466,雅聖科技有限公司,臺中市神岡區社南里中山路667巷32弄11號,500000,1071126
3160,82792472,昱蓁生技科技有限公司,臺中市西屯區何南里大安西街60巷1號3樓,100000,1071126
3161,82792509,亷碩貿易有限公司,臺中市北屯區松茂里松明街127號1樓,1000000,1071127
3162,82792515,佳貝有限公司,臺中市南區西川里崇倫北街176巷17號3樓,120000,1071127
3163,82792521,麥迪進口百貨有限公司,臺中市西區柳川東路二段88號1樓,1000000,1071127
3164,82792536,傑殷股份有限公司,臺中市西區忠誠里忠明路26號,5000000,1071127
3165,82792542,光統有限公司,臺中市北區華美街二段262號7樓之2,100000,1071127
3166,82792557,亞洋有限公司,臺中市豐原區翁明里東興街96號1樓,100000,1071127
3167,82792563,鉅洤有限公司,臺中市西區忠明里美村路1段22號7樓之4,300000,1071127
3168,82792579,居安營造有限公司,臺中市沙鹿區斗抵里天仁街60巷13號1樓,3600000,1071127
3169,82792584,勤馬精密有限公司,臺中市太平區福隆里光興路1271號,300000,1071127
3170,82792590,瑞隆國際行銷有限公司,臺中市西區民龍里館前路55號2樓之2,100000,1071127
3171,82792607,煥齊健康生技有限公司,臺中市北區陝西東一街18號2樓之1,100000,1071127
3172,82792613,泰源設計有限公司,臺中市北區崇德路一段631號17樓之1,500000,1071127
3173,82792629,旺泉投資股份有限公司,臺中市潭子區家興里中山路一段1巷8號2樓,6000000,1071127
3174,82792634,聖峯起重有限公司,臺中市大里區東湖里草堤路25號1樓,1000000,1071127
3175,82792640,電白沙薑雞有限公司,臺中市北區崇德路一段629號17樓之1,6000000,1071127
3176,82792655,好事發生中國際有限公司,臺中市大肚區蔗廍里中蔗路2巷2弄20號一樓,500000,1071127
3177,82792661,蕙風建築有限公司,臺中市霧峰區中正路818號2樓,300000,1071127
3178,82792677,一方食品有限公司,臺中市大里區東興里國光路二段704之11號,50000,1071127
3179,82792682,安珂琳國際有限公司,臺中市西區臺灣大道一段726號6樓之8,100000,1071127
3180,82792698,帝耀國際有限公司,臺中市烏日區三和里三榮路一段409號6樓之2,1000000,1071127
3181,82792705,亦十藝術文化有限公司,臺中市西屯區惠來里河南路三段131號13樓之2,7500000,1071127
3182,82792711,嘉宣園藝有限公司,臺中市后里區三豐路四段187號2樓,500000,1071127
3183,82792727,冠鳳生醫科技有限公司,臺中市大里區永隆里永隆路318號,1000000,1071127
3184,82792732,固特斯股份有限公司,臺中市西屯區逢甲里西屯路二段256巷6號12樓之10,5500000,1071127
3185,82792748,鼎聖開發股份有限公司,臺中市梧棲區草湳里臨港路三段960號2樓,2000000,1071127
3186,82792753,新穎八科技事業有限公司,臺中市北屯區藍興里三民路一段103號10樓之1,20000,1071127
3187,82792769,邑修實業有限公司,臺中市東區東門里東福一街38號1樓,6030000,1071127
3188,82792775,鋐鐿欣業有限公司,臺中市大里區西湖里大峰路437巷111之10號,8000000,1071127
3189,82792796,川豐電腦有限公司,臺中市后里區墩東里復興街34號1樓,500000,1071127
