序號,統計項目,代號,對照中文名稱,更新年月
1,地區別,02,宜蘭縣,11304
2,地區別,04,新竹縣,11304
3,地區別,05,苗栗縣,11304
4,地區別,07,彰化縣,11304
5,地區別,08,南投縣,11304
6,地區別,09,雲林縣,11304
7,地區別,10,嘉義縣,11304
8,地區別,13,屏東縣,11304
9,地區別,14,臺東縣,11304
10,地區別,15,花蓮縣,11304
11,地區別,16,澎湖縣,11304
12,地區別,17,基隆市,11304
13,地區別,23,金門縣,11304
14,地區別,24,連江縣,11304
15,地區別,25,新竹市,11304
16,地區別,26,嘉義市,11304
17,地區別,63,臺北市,11304
18,地區別,64,高雄市,11304
19,地區別,65,新北市,11304
20,地區別,66,臺中市,11304
21,地區別,67,臺南市,11304
22,地區別,68,桃園市,11304
23,單位類別,1,產業勞工及交通公用事業之員工,11304
24,單位類別,2,職業勞工,11304
25,單位類別,3,漁會之甲類會員,11304
26,單位類別,4,政府機關及公、私立學校之員工,11304
27,單位類別,5,公司、行號員工,11304
28,單位類別,6,受僱從事漁業生產之勞動者,11304
29,單位類別,7,自願投保者,11304
30,單位類別,8,新聞、文化、公益及合作事業之員工,11304
31,單位類別,9,職業訓練機構接受訓練者,11304
32,業別,A,農、林、漁、牧業,11304
33,業別,B,礦業及土石採取業,11304
34,業別,C,製造業,11304
35,業別,D,電力及燃氣供應業,11304
36,業別,E,用水供應及污染整治業,11304
37,業別,F,營建工程業,11304
38,業別,G,批發及零售業,11304
39,業別,H,運輸及倉儲業,11304
40,業別,I,住宿及餐飲業,11304
41,業別,J,出版影音及資通訊業,11304
42,業別,K,金融及保險業,11304
43,業別,L,不動產業,11304
44,業別,M,專業、科學及技術服務業,11304
45,業別,N,支援服務業,11304
46,業別,O,公共行政及國防；強制性社會安全,11304
47,業別,P,教育業,11304
48,業別,Q,醫療保健及社會工作服務業,11304
49,業別,R,藝術、娛樂及休閒服務業,11304
50,業別,S,其他服務業,11304
51,單位就保註記,1,參加就保,11304
52,單位就保註記,2,未參加就保,11304
