資料年月,地區別,單位類別,業別,單位就保註記,上月底單位數,本月加保單位數,本月退保單位數,本月底單位數,上月底投保人數,本月加保投保人數,本月退保投保人數,本月底投保人數,平均投保薪資
11012,02,1,A,1,29,1,0,30,405,15,16,404,33765.3
11012,02,1,B,1,34,0,0,34,366,7,8,365,32827.39
11012,02,1,C,1,764,4,5,763,19706,500,613,19593,33463.41
11012,02,1,D,1,5,0,0,5,57,0,1,56,39653.57
11012,02,1,E,1,41,0,0,41,346,8,7,347,31584.2
11012,02,1,F,1,569,10,7,572,3715,259,286,3688,32112.67
11012,02,1,G,1,9,0,0,9,45,1,0,46,30074.78
11012,02,1,H,1,140,1,0,141,1948,59,68,1939,35565.29
11012,02,1,J,1,2,0,0,2,261,10,17,254,44938.97
11012,02,1,M,1,1,0,0,1,3,1,0,4,26700
11012,02,1,N,1,133,2,1,134,1317,226,219,1324,25599.67
11012,02,1,R,1,59,4,2,61,655,142,126,671,27480.39
11012,02,1,S,1,72,1,0,73,431,10,19,422,26318.69
11012,02,2,A,2,8,0,0,8,2199,19,21,2197,29096.4
11012,02,2,B,2,1,0,0,1,80,0,2,78,33129.48
11012,02,2,C,2,52,0,0,52,18876,150,188,18838,29554.2
11012,02,2,E,2,2,0,0,2,589,6,11,584,29151.19
11012,02,2,F,2,17,0,0,17,11138,76,75,11139,28653.44
11012,02,2,G,2,11,0,0,11,2357,67,22,2402,28692.67
11012,02,2,H,2,19,0,0,19,6048,68,75,6041,29316.15
11012,02,2,I,2,4,0,0,4,3758,32,32,3758,28022.88
11012,02,2,J,2,5,0,0,5,397,8,12,393,28114.5
11012,02,2,K,2,1,0,0,1,853,6,4,855,28074.5
11012,02,2,L,2,3,0,0,3,1505,39,23,1521,26659.17
11012,02,2,M,2,7,0,0,7,395,2,4,393,29791.09
11012,02,2,N,2,7,0,0,7,853,14,11,856,28321.49
11012,02,2,P,2,3,0,0,3,458,14,8,464,26112.5
11012,02,2,Q,2,4,0,0,4,171,0,0,171,32094.15
11012,02,2,R,2,7,0,0,7,1544,13,15,1542,28395.78
11012,02,2,S,2,35,0,0,35,9392,67,89,9370,29108.42
11012,02,3,A,2,2,0,0,2,15382,19,59,15342,31489.18
11012,02,4,E,1,2,0,0,2,109,1,2,108,40423.14
11012,02,4,F,1,1,0,0,1,20,0,0,20,30650
11012,02,4,G,1,4,0,0,4,15,0,0,15,36426.66
11012,02,4,K,1,13,0,0,13,229,2,2,229,44731
11012,02,4,M,1,1,0,0,1,18,0,0,18,28750
11012,02,4,O,1,73,0,1,72,5164,150,472,4842,29846.53
11012,02,4,P,1,125,0,0,125,4228,1256,1849,3635,29599.96
11012,02,4,Q,1,17,0,0,17,1916,25,33,1908,37798.29
11012,02,4,R,1,4,0,0,4,170,3,6,167,31603.47
11012,02,4,S,1,2,0,0,2,37,3,3,37,37067.56
11012,02,5,A,1,1,0,0,1,2,0,0,2,45800
11012,02,5,B,1,1,0,0,1,3,0,0,3,31200
11012,02,5,C,1,29,0,0,29,1072,17,25,1064,32585.55
11012,02,5,D,1,4,0,0,4,34,0,1,33,28972.72
11012,02,5,E,1,9,0,0,9,109,3,1,111,31316.21
11012,02,5,F,1,125,0,1,124,1075,75,63,1087,32199.04
11012,02,5,G,1,1587,10,13,1584,11804,485,477,11812,29534.18
11012,02,5,H,1,19,0,0,19,230,4,2,232,36967.1
11012,02,5,I,1,571,15,6,580,6797,1524,1406,6915,28269.87
11012,02,5,J,1,59,0,1,58,276,30,40,266,32238.87
11012,02,5,K,1,37,1,1,37,424,3,6,421,41987.98
11012,02,5,L,1,187,6,2,191,635,28,55,608,31283.29
11012,02,5,M,1,178,5,2,181,1343,85,81,1347,32311.87
11012,02,5,N,1,75,0,2,73,1228,113,127,1214,30085.65
11012,02,5,P,1,7,0,0,7,35,0,1,34,27552.94
11012,02,5,Q,1,53,1,0,54,183,9,6,186,32044.59
11012,02,5,R,1,25,0,0,25,222,36,28,230,29981.5
11012,02,5,S,1,48,0,0,48,356,9,3,362,29639.55
11012,02,6,A,1,453,5,7,451,1435,57,65,1427,24161.8
11012,02,7,G,1,2,0,0,2,32,0,0,32,43484.37
11012,02,7,H,1,1,0,0,1,2,0,0,2,45800
11012,02,7,K,1,6,0,0,6,6,0,0,6,27633.33
11012,02,7,L,1,4,0,0,4,20,2,0,22,33724.54
11012,02,7,M,1,142,1,1,142,654,10,5,659,31733.71
11012,02,7,O,1,1,0,0,1,126,5,6,125,40434.4
11012,02,7,P,1,101,0,1,100,793,36,31,798,28620.61
11012,02,7,Q,1,298,0,0,298,3339,48,53,3334,34067.95
11012,02,7,S,1,303,7,8,302,1045,21,64,1002,31829.39
11012,02,7,S,2,0,0,0,0,71,8,4,75,36705.33
11012,02,8,A,1,5,0,0,5,12,0,0,12,30150
11012,02,8,G,1,22,0,0,22,98,2,6,94,22491.91
11012,02,8,H,1,1,0,0,1,2,0,0,2,24000
11012,02,8,J,1,7,0,0,7,70,2,1,71,32961.69
11012,02,8,K,1,2,0,0,2,91,5,1,95,35641.05
11012,02,8,M,1,1,0,0,1,13,1,2,12,31383.33
11012,02,8,N,1,2,0,0,2,16,0,0,16,24031.25
11012,02,8,P,1,26,0,0,26,550,8,12,546,30765.1
11012,02,8,Q,1,140,0,0,140,4571,116,134,4553,35512.94
11012,02,8,R,1,3,0,0,3,4,0,0,4,34900
11012,02,8,S,1,79,0,1,78,1427,20,62,1385,36335.75
11012,02,9,P,2,4,0,2,2,161,31,97,95,13500
11012,04,1,A,1,31,1,0,32,211,3,5,209,29670.2
11012,04,1,B,1,18,0,0,18,138,2,4,136,29166.91
11012,04,1,C,1,1745,12,12,1745,99422,2576,2468,99530,38940.36
11012,04,1,D,1,15,0,0,15,192,1,2,191,38923.56
11012,04,1,E,1,53,3,0,56,173,30,5,198,31013.03
11012,04,1,F,1,957,16,6,967,6489,431,437,6483,33491.62
11012,04,1,G,1,23,0,1,22,163,0,5,158,39263.34
11012,04,1,H,1,125,2,2,125,7782,153,185,7750,38794.48
11012,04,1,I,1,1,0,0,1,27,15,12,30,28506.66
11012,04,1,J,1,4,0,0,4,10,0,0,10,24624
11012,04,1,L,1,3,0,0,3,38,0,0,38,39410.52
11012,04,1,M,1,6,0,0,6,521,14,6,529,44439.69
11012,04,1,N,1,165,3,4,164,3006,355,788,2573,26088.16
11012,04,1,O,1,1,0,0,1,132,1,1,132,42176.51
11012,04,1,R,1,50,1,2,49,465,45,43,467,29294.55
11012,04,1,S,1,212,2,1,213,1304,134,88,1350,30390.83
11012,04,2,A,2,3,0,0,3,761,10,17,754,29140.18
11012,04,2,C,2,21,0,0,21,7411,53,103,7361,29108.51
11012,04,2,F,2,11,0,0,11,8610,417,431,8596,27929.6
11012,04,2,G,2,6,0,0,6,4311,217,110,4418,24753.21
11012,04,2,H,2,9,0,0,9,1359,25,25,1359,27783.66
11012,04,2,I,2,5,0,0,5,2577,21,35,2563,27091.26
11012,04,2,J,2,2,0,0,2,440,2,10,432,27465.27
11012,04,2,K,2,1,0,0,1,176,3,2,177,24418.64
11012,04,2,L,2,3,0,0,3,695,24,7,712,25156.74
11012,04,2,M,2,3,0,0,3,285,0,3,282,29666.66
11012,04,2,N,2,8,1,0,9,1595,153,126,1622,26745.43
11012,04,2,P,2,5,0,0,5,1143,15,14,1144,25300.78
11012,04,2,Q,2,4,0,0,4,391,16,15,392,26675.76
11012,04,2,R,2,3,0,0,3,190,2,1,191,27032.98
11012,04,2,S,2,29,0,0,29,8849,69,90,8828,27928.98
11012,04,4,G,1,5,0,0,5,17,1,0,18,32650
11012,04,4,K,1,11,0,0,11,190,6,6,190,44575.78
11012,04,4,M,1,1,0,0,1,15,2,2,15,29260
11012,04,4,O,1,65,0,0,65,3519,70,238,3351,31391.98
11012,04,4,P,1,130,0,0,130,4006,804,981,3829,31254.35
11012,04,4,Q,1,12,0,0,12,2779,31,134,2676,38974.38
11012,04,4,R,1,1,0,0,1,10,0,0,10,36280
11012,04,5,C,1,67,0,0,67,6872,126,92,6906,39885.15
11012,04,5,D,1,1,0,0,1,16,0,0,16,32025
11012,04,5,E,1,19,1,0,20,235,16,35,216,29411.05
11012,04,5,F,1,300,2,2,300,2760,118,121,2757,35645.13
11012,04,5,G,1,3401,30,23,3408,33340,1141,1139,33342,35501.06
11012,04,5,H,1,22,0,0,22,382,5,4,383,34071
11012,04,5,I,1,798,16,12,802,7049,767,721,7095,24878.71
11012,04,5,J,1,202,3,3,202,5804,122,109,5817,42999.41
11012,04,5,K,1,101,1,0,102,1527,36,84,1479,40401.12
11012,04,5,L,1,438,3,3,438,7109,609,661,7057,31121.79
11012,04,5,M,1,571,2,7,566,12966,387,310,13043,42291.28
11012,04,5,N,1,96,1,0,97,6082,698,757,6023,28496.48
11012,04,5,P,1,40,0,2,38,229,44,25,248,31351.64
11012,04,5,Q,1,81,0,0,81,306,7,16,297,31008.08
11012,04,5,R,1,29,0,0,29,1287,354,359,1282,31542.4
11012,04,5,S,1,57,0,0,57,508,11,10,509,36015.87
11012,04,6,A,1,17,0,1,16,48,0,3,45,24000
11012,04,7,G,1,2,0,0,2,15,0,1,14,44242.85
11012,04,7,K,1,13,0,0,13,29,0,1,28,36832.14
11012,04,7,L,1,2,0,0,2,7,0,0,7,27128.57
11012,04,7,M,1,155,2,1,156,725,22,11,736,33583.52
11012,04,7,N,1,42,0,0,42,213,5,4,214,42770.31
11012,04,7,O,1,1,0,0,1,81,1,0,82,39907.31
11012,04,7,P,1,251,2,1,252,2389,47,34,2402,31767.02
11012,04,7,Q,1,412,1,0,413,5817,161,171,5807,34062.76
11012,04,7,S,1,244,1,4,241,787,18,36,769,30599.96
11012,04,7,S,2,0,0,0,0,488,13,21,480,39522.68
11012,04,8,C,1,2,0,0,2,12,0,0,12,23450
11012,04,8,G,1,4,0,0,4,84,1,1,84,27169.41
11012,04,8,I,1,2,0,0,2,24,0,1,23,18326.08
11012,04,8,J,1,5,0,0,5,47,2,21,28,36828.57
11012,04,8,M,1,2,0,0,2,6712,43,232,6523,44470.09
11012,04,8,P,1,68,0,0,68,1075,20,17,1078,31654.01
11012,04,8,Q,1,178,3,1,180,3394,154,162,3386,32963.31
11012,04,8,R,1,5,0,0,5,14,0,1,13,29576.92
11012,04,8,S,1,56,0,2,54,748,11,23,736,37991.94
11012,04,9,P,2,4,1,1,4,54,46,17,83,13545.54
11012,05,1,A,1,42,0,0,42,312,15,12,315,30020.57
11012,05,1,B,1,27,0,0,27,953,6,18,941,40861.1
11012,05,1,C,1,1572,4,7,1569,50457,846,965,50338,35476.05
11012,05,1,D,1,16,0,1,15,933,5,13,925,42245.23
11012,05,1,E,1,72,0,1,71,373,6,6,373,30881.14
11012,05,1,F,1,1071,12,8,1075,5847,429,471,5805,29426.24
11012,05,1,G,1,12,0,0,12,103,0,0,103,35253.39
11012,05,1,H,1,118,0,0,118,1547,31,44,1534,36704.58
11012,05,1,I,1,1,0,0,1,4,0,0,4,23025
11012,05,1,J,1,1,0,0,1,263,7,9,261,45162.45
11012,05,1,L,1,3,0,0,3,28,6,1,33,31236.36
11012,05,1,M,1,3,1,0,4,22,1,1,22,34131.81
11012,05,1,N,1,149,1,4,146,1831,170,245,1756,27998.96
11012,05,1,P,1,1,0,0,1,3,0,0,3,28400
11012,05,1,R,1,44,1,0,45,364,45,51,358,29131.69
11012,05,1,S,1,138,1,1,138,718,27,29,716,30438.27
11012,05,2,A,2,5,0,0,5,970,4,17,957,29115.25
11012,05,2,C,2,27,0,0,27,11190,89,234,11045,28793.12
11012,05,2,D,2,1,0,0,1,168,1,0,169,28943.78
11012,05,2,F,2,11,0,0,11,5791,53,97,5747,29242.89
11012,05,2,G,2,5,0,0,5,295,1,7,289,28295.84
11012,05,2,H,2,7,0,0,7,3644,54,82,3616,28587.66
11012,05,2,I,2,5,0,0,5,4362,38,88,4312,27770.52
11012,05,2,J,2,1,0,0,1,2,0,0,2,45800
11012,05,2,K,2,1,0,0,1,112,4,3,113,26483.18
11012,05,2,L,2,1,0,0,1,543,14,9,548,25863.5
11012,05,2,M,2,4,0,0,4,361,5,6,360,30253.61
11012,05,2,N,2,5,0,0,5,1065,21,50,1036,27072
11012,05,2,P,2,2,0,0,2,290,9,5,294,24914.96
11012,05,2,Q,2,2,0,0,2,44,0,1,43,27367.44
11012,05,2,R,2,6,0,0,6,1711,10,26,1695,28695.51
11012,05,2,S,2,24,0,0,24,7133,68,94,7107,28831.58
11012,05,3,A,2,2,0,0,2,7735,8,39,7704,30423.39
11012,05,4,E,1,1,0,0,1,120,1,7,114,40776.31
11012,05,4,G,1,2,0,0,2,9,0,1,8,31962.5
11012,05,4,K,1,13,0,0,13,214,2,7,209,44372.24
11012,05,4,M,1,5,0,0,5,172,2,5,169,32454.43
11012,05,4,O,1,86,0,0,86,3722,43,217,3548,32000.32
11012,05,4,P,1,167,1,1,167,3950,1505,1681,3774,33909.86
11012,05,4,Q,1,20,0,0,20,599,3,4,598,32068.25
11012,05,4,R,1,4,0,0,4,92,1,3,90,31684.44
11012,05,4,S,1,1,0,0,1,15,0,1,14,32045.71
11012,05,5,C,1,33,0,0,33,894,7,25,876,33784.72
11012,05,5,D,1,2,0,0,2,55,0,0,55,40940
11012,05,5,E,1,15,0,0,15,122,2,12,112,30401.78
11012,05,5,F,1,239,0,1,238,2310,118,111,2317,33924.88
11012,05,5,G,1,1973,16,13,1976,14485,732,623,14594,30016.86
11012,05,5,H,1,11,0,0,11,164,5,1,168,30904.33
11012,05,5,I,1,486,12,7,491,3746,561,475,3832,25207.31
11012,05,5,J,1,44,0,0,44,374,11,33,352,33983.65
11012,05,5,K,1,36,0,1,35,533,5,5,533,41442.4
11012,05,5,L,1,212,0,4,208,994,181,185,990,31985.1
11012,05,5,M,1,177,2,1,178,3073,161,152,3082,37056.96
11012,05,5,N,1,83,0,0,83,1805,121,191,1735,26582.96
11012,05,5,P,1,8,0,0,8,32,1,0,33,28940.6
11012,05,5,Q,1,64,0,1,63,264,13,14,263,30426.25
11012,05,5,R,1,29,1,1,29,485,225,216,494,28704.19
11012,05,5,S,1,45,0,1,44,311,8,6,313,31041.53
11012,05,6,A,1,15,0,1,14,41,2,4,39,26415.38
11012,05,7,K,1,6,0,0,6,7,0,0,7,25028.57
11012,05,7,M,1,140,1,0,141,461,5,5,461,31519.25
11012,05,7,N,1,3,0,0,3,9,0,1,8,42762.5
11012,05,7,O,1,1,0,0,1,108,1,0,109,38517.86
11012,05,7,P,1,150,0,1,149,1318,23,19,1322,29059.44
11012,05,7,Q,1,355,0,1,354,5503,101,140,5464,35410.24
11012,05,7,S,1,245,3,3,245,667,14,50,631,31622.23
11012,05,7,S,2,0,0,0,0,228,6,13,221,37895.14
11012,05,8,A,1,2,0,0,2,9,0,0,9,34944.44
11012,05,8,C,1,1,0,0,1,1,0,0,1,45800
11012,05,8,G,1,13,0,0,13,27,1,1,27,29688.88
11012,05,8,J,1,5,0,0,5,26,1,0,27,33366.66
11012,05,8,M,1,1,0,0,1,1711,26,139,1598,42391.28
11012,05,8,N,1,1,0,0,1,23,0,0,23,17566.08
11012,05,8,P,1,50,0,0,50,723,13,6,730,30225.9
11012,05,8,Q,1,120,0,1,119,2379,94,85,2388,30891.66
11012,05,8,R,1,7,0,0,7,46,2,0,48,26165.41
11012,05,8,S,1,64,0,1,63,1077,17,41,1053,39087.85
11012,05,9,P,2,2,0,2,0,4,0,4,0,0
11012,07,1,A,1,117,0,1,116,1009,52,42,1019,27342.57
11012,07,1,B,1,3,0,0,3,15,0,0,15,34853.33
11012,07,1,C,1,11564,44,43,11565,191409,3691,4032,191068,29433.12
11012,07,1,D,1,54,0,0,54,882,6,7,881,41621.96
11012,07,1,E,1,142,1,3,140,955,24,41,938,32225.77
11012,07,1,F,1,1693,19,14,1698,8047,337,412,7972,28367.13
11012,07,1,G,1,42,0,0,42,669,24,25,668,32040.49
11012,07,1,H,1,230,3,1,232,3452,68,144,3376,35145.76
11012,07,1,I,1,1,0,0,1,63,8,8,63,26640.11
11012,07,1,J,1,2,0,0,2,637,14,116,535,43812.71
11012,07,1,L,1,7,0,0,7,187,3,3,187,34625.59
11012,07,1,M,1,2,0,0,2,5,0,0,5,28020
11012,07,1,N,1,259,6,5,260,2209,156,368,1997,25143.17
11012,07,1,O,1,1,0,0,1,163,3,8,158,39672.15
11012,07,1,R,1,89,2,3,88,703,83,73,713,26989.68
11012,07,1,S,1,424,5,3,426,1700,88,103,1685,27864.46
11012,07,2,A,2,7,0,0,7,6027,57,82,6002,28215.76
11012,07,2,C,2,43,0,0,43,22623,182,296,22509,28602.39
11012,07,2,E,2,1,0,0,1,273,2,5,270,29566.29
11012,07,2,F,2,12,0,0,12,17087,121,118,17090,28569.2
11012,07,2,G,2,11,0,0,11,2008,19,22,2005,27541.39
11012,07,2,H,2,15,0,0,15,12414,164,147,12431,27517.31
11012,07,2,I,2,5,0,0,5,7120,57,56,7121,27042.28
11012,07,2,J,2,1,0,0,1,107,3,1,109,24000
11012,07,2,K,2,2,0,0,2,1016,10,21,1005,27996.41
11012,07,2,L,2,5,0,0,5,792,4,15,781,28433.03
11012,07,2,M,2,11,0,0,11,2844,62,52,2854,26443.2
11012,07,2,N,2,12,0,0,12,2684,43,55,2672,27817.4
11012,07,2,P,2,4,0,0,4,1333,25,12,1346,24961.81
11012,07,2,Q,2,7,0,0,7,2145,26,72,2099,28312.81
11012,07,2,R,2,8,0,0,8,1635,11,21,1625,28962.27
11012,07,2,S,2,41,0,0,41,15299,130,170,15259,28310.65
11012,07,3,A,2,1,0,0,1,14665,9,50,14624,28932.86
11012,07,4,A,1,1,0,0,1,13,0,0,13,29261.53
11012,07,4,E,1,2,0,0,2,85,0,3,82,39378.29
11012,07,4,F,1,2,0,0,2,22,0,0,22,31595.45
11012,07,4,G,1,1,0,0,1,4,0,0,4,37550
11012,07,4,K,1,21,0,0,21,491,4,1,494,44912.34
11012,07,4,M,1,3,0,0,3,213,1,5,209,30602.87
11012,07,4,O,1,110,0,0,110,5848,99,347,5600,31633.34
11012,07,4,P,1,253,0,0,253,8023,2783,3028,7778,29718.69
11012,07,4,Q,1,33,0,0,33,1222,27,66,1183,35343.54
11012,07,4,R,1,2,0,0,2,121,3,15,109,26936.51
11012,07,4,S,1,1,0,0,1,20,0,0,20,27695
11012,07,5,A,1,2,0,0,2,10,0,0,10,26170
11012,07,5,C,1,148,0,1,147,3356,52,64,3344,30236.68
11012,07,5,D,1,4,0,0,4,249,2,6,245,38942.48
11012,07,5,E,1,76,1,1,76,837,42,37,842,33074.27
11012,07,5,F,1,468,1,4,465,3255,101,111,3245,29803.12
11012,07,5,G,1,9029,47,71,9005,60873,1844,2050,60667,28574.27
11012,07,5,H,1,31,0,0,31,142,2,1,143,28031.74
11012,07,5,I,1,1009,14,13,1010,6901,923,807,7017,24360.08
11012,07,5,J,1,111,3,1,113,774,31,41,764,33256.23
11012,07,5,K,1,152,1,1,152,1663,38,26,1675,40544.56
11012,07,5,L,1,530,9,4,535,1606,54,42,1618,30995.97
11012,07,5,M,1,404,5,5,404,2061,64,88,2037,30090.44
11012,07,5,N,1,187,1,1,187,2516,132,301,2347,26887.82
11012,07,5,P,1,20,1,0,21,128,6,11,123,27983.73
11012,07,5,Q,1,181,0,6,175,616,10,37,589,29337.74
11012,07,5,R,1,28,0,0,28,207,9,5,211,27775.58
11012,07,5,S,1,136,0,1,135,864,26,46,844,29701.18
11012,07,6,A,1,23,0,0,23,52,1,1,52,25417.3
11012,07,7,G,1,6,0,0,6,50,0,0,50,44106
11012,07,7,H,1,1,0,0,1,2,0,0,2,11100
11012,07,7,K,1,7,0,0,7,8,0,0,8,26475
11012,07,7,M,1,418,1,0,419,1901,28,27,1902,30046.05
11012,07,7,N,1,17,0,0,17,83,0,0,83,36334.93
11012,07,7,O,1,1,0,0,1,335,3,3,335,41308.65
11012,07,7,P,1,453,3,0,456,2809,74,87,2796,26890.97
11012,07,7,Q,1,927,0,1,926,12336,200,236,12300,33433.94
11012,07,7,S,1,438,1,7,432,1352,20,68,1304,32129.39
11012,07,7,S,2,0,0,0,0,336,16,12,340,33692.47
11012,07,8,A,1,16,0,0,16,271,6,11,266,23971.69
11012,07,8,C,1,1,0,1,0,5,0,5,0,0
11012,07,8,G,1,46,0,1,45,268,4,4,268,27552.57
11012,07,8,H,1,3,1,0,4,26,2,1,27,12618.51
11012,07,8,J,1,5,0,0,5,51,0,1,50,29348
11012,07,8,K,1,5,0,0,5,604,62,2,664,40001.69
11012,07,8,M,1,5,0,0,5,612,11,6,617,44133.54
11012,07,8,O,1,1,0,0,1,44,1,1,44,30077.27
11012,07,8,P,1,135,0,0,135,2029,33,30,2032,29423.36
11012,07,8,Q,1,245,1,2,244,12543,452,492,12503,36930.96
11012,07,8,R,1,8,0,0,8,28,0,1,27,28885.18
11012,07,8,S,1,84,0,0,84,2027,10,42,1995,38451.28
11012,07,9,P,2,11,4,4,11,246,188,145,289,13500
11012,08,1,A,1,87,1,1,87,676,33,28,681,30306.5
11012,08,1,B,1,14,0,0,14,161,3,1,163,33462.57
11012,08,1,C,1,955,1,4,952,29000,616,685,28931,32855.48
11012,08,1,D,1,13,0,0,13,735,5,3,737,42331.47
11012,08,1,E,1,42,2,1,43,142,10,3,149,27944.83
11012,08,1,F,1,602,6,5,603,3007,316,317,3006,29222.61
11012,08,1,G,1,9,0,0,9,82,1,0,83,27771.08
11012,08,1,H,1,71,1,0,72,797,16,19,794,38065.7
11012,08,1,J,1,2,0,0,2,300,6,13,293,45397.95
11012,08,1,L,1,4,0,0,4,114,2,1,115,34216.99
11012,08,1,M,1,3,0,0,3,112,6,8,110,38136.36
11012,08,1,N,1,91,2,4,89,1326,127,211,1242,30256.47
11012,08,1,P,1,1,0,0,1,5,0,0,5,24960
11012,08,1,R,1,23,0,1,22,176,15,16,175,27359.01
11012,08,1,S,1,101,2,1,102,416,15,19,412,27873.66
11012,08,2,A,2,6,0,0,6,1455,18,26,1447,29050.72
11012,08,2,C,2,31,0,0,31,17624,150,289,17485,29186.49
11012,08,2,D,2,1,0,0,1,99,0,2,97,30211.34
11012,08,2,E,2,1,0,0,1,276,2,1,277,29693.5
11012,08,2,F,2,10,0,0,10,7840,88,126,7802,28945.18
11012,08,2,G,2,7,0,0,7,862,2,22,842,28299.4
11012,08,2,H,2,9,0,0,9,5459,43,62,5440,29185.73
11012,08,2,I,2,5,0,0,5,4485,49,63,4471,27453.23
11012,08,2,J,2,3,0,0,3,211,2,2,211,25746.44
11012,08,2,K,2,1,0,0,1,63,2,2,63,29280.95
11012,08,2,L,2,1,0,0,1,213,1,4,210,28322.85
11012,08,2,M,2,2,0,0,2,173,2,1,174,29112.06
11012,08,2,N,2,4,0,0,4,362,11,9,364,26682.69
11012,08,2,P,2,1,0,0,1,129,5,0,134,25067.16
11012,08,2,Q,2,4,0,0,4,262,5,0,267,27841.19
11012,08,2,R,2,3,0,0,3,666,2,4,664,29450.3
11012,08,2,S,2,26,0,0,26,9313,75,130,9258,28770.18
11012,08,3,A,2,1,0,0,1,4358,45,32,4371,31710.54
11012,08,4,A,1,1,0,0,1,66,0,2,64,35287.5
11012,08,4,E,1,3,0,0,3,352,1,19,334,33920.47
11012,08,4,G,1,1,0,0,1,2,0,0,2,24000
11012,08,4,I,1,2,0,0,2,59,18,21,56,31628.57
11012,08,4,K,1,13,0,0,13,246,6,1,251,44381.27
11012,08,4,M,1,2,0,0,2,132,6,12,126,35369.04
11012,08,4,O,1,96,1,2,95,4168,176,497,3847,31238.65
11012,08,4,P,1,192,0,0,192,3860,2265,2424,3701,33681.76
11012,08,4,Q,1,20,0,0,20,1815,16,68,1763,34507.98
11012,08,4,R,1,1,0,0,1,66,0,12,54,31196.29
11012,08,4,S,1,1,0,0,1,18,0,1,17,31198.82
11012,08,5,A,1,4,0,0,4,82,2,15,69,28905.79
11012,08,5,C,1,19,0,0,19,1339,31,75,1295,32306.05
11012,08,5,D,1,1,0,0,1,120,3,2,121,35216.52
11012,08,5,E,1,19,0,0,19,176,5,4,177,31475.86
11012,08,5,F,1,107,0,3,104,722,83,88,717,29891.31
11012,08,5,G,1,1646,17,12,1651,10001,457,375,10083,28608.99
11012,08,5,H,1,2,0,0,2,9,0,0,9,29888.88
11012,08,5,I,1,518,7,2,523,5103,746,564,5285,27038.88
11012,08,5,J,1,35,0,1,34,248,3,3,248,34133.9
11012,08,5,K,1,27,0,0,27,482,2,14,470,42952.63
11012,08,5,L,1,116,0,2,114,502,22,18,506,29870.37
11012,08,5,M,1,149,0,1,148,759,34,32,761,29695.12
11012,08,5,N,1,50,0,0,50,270,7,8,269,31892.63
11012,08,5,P,1,4,0,0,4,29,0,2,27,19633.33
11012,08,5,Q,1,39,1,0,40,141,4,5,140,30040.21
11012,08,5,R,1,26,0,2,24,658,19,39,638,28961.56
11012,08,5,S,1,31,0,0,31,506,23,9,520,24308.38
11012,08,6,A,1,3,0,0,3,7,0,0,7,24000
11012,08,7,G,1,3,0,0,3,29,0,0,29,44751.72
11012,08,7,K,1,28,0,0,28,38,0,0,38,26319.47
11012,08,7,M,1,105,1,1,105,446,7,11,442,31756.17
11012,08,7,N,1,3,0,0,3,11,0,0,11,36572.72
11012,08,7,O,1,1,0,0,1,126,0,0,126,39333.33
11012,08,7,P,1,123,1,0,124,958,28,30,956,28847.27
11012,08,7,Q,1,359,1,1,359,4591,69,69,4591,34581.84
11012,08,7,R,1,1,0,0,1,17,0,0,17,30300
11012,08,7,S,1,251,2,9,244,870,16,136,750,31688.66
11012,08,7,S,2,0,0,0,0,110,3,7,106,36423.58
11012,08,8,A,1,10,0,0,10,65,1,3,63,22141.26
11012,08,8,C,1,6,0,1,5,26,0,7,19,26173.68
11012,08,8,G,1,27,0,0,27,113,6,7,112,28480.53
11012,08,8,I,1,1,0,0,1,46,2,6,42,39869.04
11012,08,8,J,1,6,0,0,6,19,0,0,19,27757.89
11012,08,8,M,1,1,0,0,1,2,0,0,2,32650
11012,08,8,N,1,1,0,0,1,1,0,0,1,11100
11012,08,8,P,1,36,0,0,36,576,16,8,584,29767.57
11012,08,8,Q,1,131,1,1,131,4638,175,173,4640,30280.51
11012,08,8,R,1,3,0,0,3,6,0,0,6,32950
11012,08,8,S,1,58,0,2,56,1346,101,123,1324,37685.29
11012,08,9,P,2,10,1,3,8,362,90,248,204,13500
11012,09,1,A,1,127,2,1,128,712,96,108,700,27947.52
11012,09,1,B,1,7,0,0,7,43,3,1,45,28000
11012,09,1,C,1,1402,10,9,1403,58032,1706,1852,57886,34563.67
11012,09,1,D,1,28,0,1,27,967,4,13,958,42512.94
11012,09,1,E,1,66,1,1,66,448,36,25,459,28641.48
11012,09,1,F,1,1140,19,13,1146,7134,603,569,7168,26778.29
11012,09,1,G,1,13,0,0,13,134,5,5,134,30901.04
11012,09,1,H,1,116,2,1,117,1817,56,52,1821,35147.87
11012,09,1,I,1,1,0,0,1,8,1,1,8,27275
11012,09,1,J,1,1,0,0,1,350,2,16,336,45520.83
11012,09,1,L,1,5,0,0,5,208,3,4,207,37425.6
11012,09,1,M,1,1,0,0,1,86,0,0,86,45340.69
11012,09,1,N,1,121,1,4,118,1254,271,267,1258,23630.25
11012,09,1,R,1,27,0,0,27,225,17,13,229,26945.58
11012,09,1,S,1,94,2,1,95,497,23,21,499,27215.28
11012,09,2,A,2,10,0,0,10,3779,30,57,3752,29406.52
11012,09,2,C,2,37,0,0,37,20457,174,273,20358,29190.02
11012,09,2,D,2,1,0,0,1,199,3,0,202,27815.34
11012,09,2,F,2,12,0,0,12,9514,100,84,9530,29234.6
11012,09,2,G,2,9,1,0,10,2952,35,22,2965,26926.17
11012,09,2,H,2,19,0,0,19,5811,44,61,5794,29500.43
11012,09,2,I,2,12,0,0,12,5478,85,70,5493,27337.08
11012,09,2,J,2,7,0,0,7,1002,17,22,997,25777.83
11012,09,2,K,2,1,0,0,1,616,9,6,619,28694.83
11012,09,2,L,2,2,0,0,2,659,7,4,662,28304.38
11012,09,2,M,2,8,0,0,8,988,6,13,981,29103.16
11012,09,2,N,2,7,0,0,7,1501,52,26,1527,28421.41
11012,09,2,P,2,4,0,0,4,724,12,9,727,25936.86
11012,09,2,Q,2,4,0,0,4,867,11,16,862,26709.74
11012,09,2,R,2,9,0,0,9,1247,15,28,1234,29632.98
11012,09,2,S,2,40,0,0,40,12515,117,156,12476,28305.65
11012,09,3,A,2,1,0,0,1,27986,21,108,27899,26128.19
11012,09,4,G,1,1,0,0,1,4,0,0,4,34350
11012,09,4,K,1,14,0,0,14,236,7,4,239,44496.23
11012,09,4,M,1,1,0,0,1,39,0,0,39,33533.33
11012,09,4,O,1,83,0,0,83,5464,69,387,5146,31680.7
11012,09,4,P,1,227,1,1,227,7006,3760,3923,6843,29223.14
11012,09,4,Q,1,26,0,0,26,2547,35,117,2465,38899.83
11012,09,4,R,1,1,0,0,1,21,0,11,10,31950
11012,09,4,S,1,1,0,0,1,19,0,0,19,31215.78
11012,09,5,A,1,3,0,0,3,28,0,11,17,38800
11012,09,5,C,1,24,1,0,25,1254,32,80,1206,32397.54
11012,09,5,D,1,1,0,0,1,2,0,0,2,34900
11012,09,5,E,1,16,0,0,16,457,6,15,448,39291.98
11012,09,5,F,1,205,0,0,205,2115,135,133,2117,28690.33
11012,09,5,G,1,2043,14,18,2039,15762,599,612,15749,28025.99
11012,09,5,H,1,5,0,0,5,57,0,0,57,39492.98
11012,09,5,I,1,423,10,4,429,3142,419,448,3113,23860.91
11012,09,5,J,1,41,0,0,41,1445,44,112,1377,29046.95
11012,09,5,K,1,39,0,0,39,462,3,4,461,41102.16
11012,09,5,L,1,223,4,1,226,781,21,23,779,33332.52
11012,09,5,M,1,165,3,1,167,1534,55,77,1512,32136.77
11012,09,5,N,1,67,0,0,67,1122,49,401,770,26819.6
11012,09,5,P,1,11,0,0,11,78,2,9,71,26252.11
11012,09,5,Q,1,112,1,1,112,339,10,10,339,31437.36
11012,09,5,R,1,8,0,0,8,322,108,108,322,29839.81
11012,09,5,S,1,30,1,0,31,131,6,1,136,27135.14
11012,09,6,A,1,48,0,0,48,88,0,1,87,24000
11012,09,7,G,1,4,0,0,4,34,0,0,34,43435.29
11012,09,7,H,1,1,0,0,1,8,0,0,8,45800
11012,09,7,K,1,12,0,0,12,14,0,0,14,26957.14
11012,09,7,L,1,1,0,0,1,13,0,0,13,35669.23
11012,09,7,M,1,102,2,4,100,513,21,23,511,32038
11012,09,7,O,1,1,0,0,1,585,2,1,586,38189.07
11012,09,7,P,1,178,1,0,179,1466,31,33,1464,28300.91
11012,09,7,Q,1,419,0,0,419,4647,67,115,4599,33725.38
11012,09,7,S,1,284,2,7,279,1020,20,85,955,34363.63
11012,09,7,S,2,0,0,0,0,142,2,4,140,33582.14
11012,09,8,A,1,29,0,0,29,263,10,12,261,22236.19
11012,09,8,C,1,8,0,0,8,258,31,9,280,26654.27
11012,09,8,E,1,1,0,0,1,1,0,0,1,24000
11012,09,8,F,1,1,0,0,1,17,1,9,9,13400
11012,09,8,G,1,55,0,0,55,541,14,13,542,25981.96
11012,09,8,H,1,2,0,0,2,6,0,0,6,27833.33
11012,09,8,J,1,3,0,0,3,9,0,0,9,25626.66
11012,09,8,N,1,3,0,0,3,46,0,0,46,14863.04
11012,09,8,P,1,18,0,0,18,274,4,3,275,30647.58
11012,09,8,Q,1,154,1,4,151,3771,250,268,3753,32073.86
11012,09,8,R,1,9,0,0,9,23,0,0,23,27088.69
11012,09,8,S,1,62,0,1,61,1804,14,37,1781,39090.72
11012,09,9,P,2,10,1,4,7,202,93,129,166,13500
11012,10,1,A,1,67,1,0,68,803,75,72,806,25766.02
11012,10,1,B,1,2,0,0,2,25,2,0,27,29700
11012,10,1,C,1,1183,0,3,1180,33300,711,732,33279,33722.1
11012,10,1,D,1,18,0,0,18,180,4,5,179,38913.96
11012,10,1,E,1,65,1,1,65,303,84,13,374,30671.39
11012,10,1,F,1,639,8,8,639,3230,205,225,3210,28636.81
11012,10,1,G,1,5,0,0,5,12,1,0,13,29800
11012,10,1,H,1,59,1,1,59,522,21,36,507,31609.07
11012,10,1,M,1,1,0,0,1,5,0,1,4,26700
11012,10,1,N,1,77,2,6,73,415,45,88,372,26683.78
11012,10,1,O,1,1,0,0,1,154,0,3,151,35977.48
11012,10,1,R,1,14,1,1,14,146,12,11,147,25924.35
11012,10,1,S,1,52,1,1,52,234,3,3,234,33634.18
11012,10,2,A,2,4,0,0,4,2566,28,29,2565,29768.38
11012,10,2,C,2,16,0,0,16,5542,45,72,5515,29170.67
11012,10,2,E,2,1,0,0,1,232,1,3,230,28080.86
11012,10,2,F,2,4,0,0,4,1405,4,21,1388,28167.5
11012,10,2,G,2,7,0,0,7,1255,14,26,1243,28815.92
11012,10,2,H,2,6,0,0,6,1172,27,28,1171,26728.69
11012,10,2,I,2,1,0,0,1,118,1,0,119,27204.2
11012,10,2,J,2,1,0,0,1,109,1,2,108,25882.4
11012,10,2,K,2,2,0,0,2,206,2,6,202,30384.15
11012,10,2,L,2,2,0,0,2,196,2,4,194,31038.65
11012,10,2,M,2,3,0,0,3,227,4,5,226,29828.76
11012,10,2,N,2,2,0,0,2,288,11,3,296,25404.05
11012,10,2,P,2,2,0,0,2,271,6,6,271,26341.32
11012,10,2,Q,2,2,0,0,2,49,1,1,49,26471.42
11012,10,2,R,2,3,0,0,3,675,0,13,662,29944.1
11012,10,2,S,2,11,0,0,11,2649,25,43,2631,28713.53
11012,10,3,A,2,1,0,0,1,17051,75,106,17020,28115.68
11012,10,4,G,1,3,0,0,3,12,0,0,12,36666.66
11012,10,4,H,1,1,0,0,1,21,0,1,20,37690
11012,10,4,K,1,5,0,0,5,80,0,0,80,45255
11012,10,4,O,1,74,0,1,73,4053,81,485,3649,29095.51
11012,10,4,P,1,163,0,1,162,5089,1763,2537,4315,28414.91
11012,10,4,Q,1,21,0,0,21,423,4,20,407,34062.47
11012,10,5,A,1,1,0,0,1,22,39,27,34,25282.35
11012,10,5,C,1,25,0,0,25,339,5,5,339,29434.74
11012,10,5,E,1,17,0,0,17,146,1,0,147,30209.52
11012,10,5,F,1,149,0,0,149,1003,51,65,989,28852.66
11012,10,5,G,1,1629,22,7,1644,12022,470,438,12054,28500.9
11012,10,5,H,1,5,0,0,5,45,4,0,49,29048.97
11012,10,5,I,1,235,8,4,239,1764,302,274,1792,26542.77
11012,10,5,J,1,32,0,0,32,3491,338,205,3624,25114.5
11012,10,5,K,1,20,0,0,20,113,2,0,115,37865.21
11012,10,5,L,1,78,1,1,78,202,7,8,201,30575.72
11012,10,5,M,1,72,1,1,72,466,25,46,445,31546.48
11012,10,5,N,1,63,0,0,63,2925,83,199,2809,27356.55
11012,10,5,P,1,5,0,0,5,26,1,0,27,23800
11012,10,5,Q,1,62,0,0,62,217,6,5,218,29011.23
11012,10,5,R,1,12,0,0,12,127,11,8,130,29546.15
11012,10,5,S,1,11,0,0,11,69,5,2,72,28818.05
11012,10,6,A,1,38,0,0,38,71,1,6,66,24330.3
11012,10,7,G,1,2,0,0,2,18,0,0,18,42488.88
11012,10,7,I,1,1,0,0,1,14,0,0,14,34078.57
11012,10,7,K,1,14,0,0,14,18,0,0,18,25561.11
11012,10,7,M,1,44,0,2,42,241,5,10,236,29028.64
11012,10,7,N,1,1,0,1,0,2,0,2,0,0
11012,10,7,P,1,84,0,0,84,714,10,13,711,27644.34
11012,10,7,Q,1,218,1,0,219,1434,27,26,1435,28983.36
11012,10,7,S,1,167,1,3,165,705,30,39,696,30148.97
11012,10,7,S,2,0,0,0,0,104,2,3,103,33448.54
11012,10,8,A,1,6,0,0,6,20,0,0,20,25710
11012,10,8,C,1,10,0,0,10,156,3,2,157,24038.77
11012,10,8,G,1,29,1,1,29,196,6,6,196,30213.81
11012,10,8,H,1,1,0,0,1,3,0,0,3,24000
11012,10,8,J,1,1,0,0,1,5,0,0,5,31051
11012,10,8,M,1,1,0,0,1,15,0,0,15,34180
11012,10,8,N,1,1,0,0,1,1,0,0,1,31800
11012,10,8,P,1,21,0,0,21,317,9,9,317,29192.32
11012,10,8,Q,1,83,2,0,85,6397,138,130,6405,38936.27
11012,10,8,R,1,3,0,0,3,47,1,1,47,31495.74
11012,10,8,S,1,43,0,0,43,1500,5,17,1488,38803.76
11012,10,9,P,2,5,1,4,2,154,39,114,79,13500
11012,13,1,A,1,149,1,2,148,2217,77,104,2190,29446.45
11012,13,1,B,1,18,0,0,18,154,6,7,153,29632.28
11012,13,1,C,1,974,2,4,972,26013,710,781,25942,32235.25
11012,13,1,D,1,31,2,0,33,852,8,5,855,42373.56
11012,13,1,E,1,94,1,0,95,1004,36,19,1021,33035.87
11012,13,1,F,1,996,17,10,1003,4940,449,554,4835,29461.57
11012,13,1,G,1,9,0,0,9,97,3,4,96,28841.66
11012,13,1,H,1,101,4,2,103,1721,46,54,1713,36057.74
11012,13,1,J,1,2,0,0,2,355,10,22,343,45246.06
11012,13,1,K,1,1,0,0,1,5,0,0,5,31620
11012,13,1,L,1,3,0,0,3,49,1,1,49,35210.2
11012,13,1,M,1,1,0,0,1,1,0,0,1,24000
11012,13,1,N,1,136,1,2,135,1664,198,245,1617,25665.95
11012,13,1,Q,1,1,0,0,1,22,1,1,22,33486.36
11012,13,1,R,1,88,3,1,90,866,86,79,873,28223.12
11012,13,1,S,1,168,2,2,168,813,59,59,813,27815.68
11012,13,2,A,2,4,0,0,4,1126,6,13,1119,28533.78
11012,13,2,C,2,23,0,0,23,12360,93,105,12348,28593.31
11012,13,2,E,2,1,0,0,1,317,5,2,320,27165.93
11012,13,2,F,2,9,0,0,9,22160,164,173,22151,28616.27
11012,13,2,G,2,8,0,0,8,2590,25,32,2583,27612.65
11012,13,2,H,2,15,0,0,15,8141,99,116,8124,28716.65
11012,13,2,I,2,9,0,0,9,14546,188,140,14594,27553.04
11012,13,2,J,2,3,0,0,3,158,2,4,156,26905.12
11012,13,2,K,2,5,0,0,5,2149,23,29,2143,29628.32
11012,13,2,L,2,2,0,0,2,2151,15,23,2143,29279.14
11012,13,2,M,2,6,0,0,6,455,4,9,450,27736.66
11012,13,2,N,2,7,0,0,7,4006,69,54,4021,27036.48
11012,13,2,P,2,7,0,0,7,953,8,8,953,26762.22
11012,13,2,Q,2,3,0,0,3,865,11,13,863,27675.78
11012,13,2,R,2,11,0,0,11,1442,12,12,1442,27175.72
11012,13,2,S,2,36,0,0,36,13690,138,154,13674,27995.96
11012,13,3,A,2,5,0,0,5,17676,34,94,17616,29266.84
11012,13,4,F,1,1,0,0,1,29,0,3,26,29503.84
11012,13,4,G,1,8,0,0,8,27,0,1,26,32496.15
11012,13,4,H,1,1,0,0,1,7,0,1,6,40550
11012,13,4,I,1,1,0,0,1,27,1,1,27,32548.14
11012,13,4,K,1,16,0,0,16,250,6,3,253,44329.24
11012,13,4,L,1,1,0,0,1,2,0,0,2,33300
11012,13,4,M,1,4,0,0,4,232,5,9,228,30011.4
11012,13,4,O,1,138,0,1,137,6472,113,633,5952,31132.84
11012,13,4,P,1,234,0,1,233,7175,2719,3309,6585,29880.58
11012,13,4,Q,1,37,0,0,37,1509,28,47,1490,35127.41
11012,13,4,R,1,2,0,0,2,94,2,3,93,30222.7
11012,13,4,S,1,1,0,0,1,12,0,0,12,33325
11012,13,5,A,1,7,0,0,7,48,3,0,51,30897.01
11012,13,5,C,1,32,0,0,32,1101,19,20,1100,28204.34
11012,13,5,D,1,3,0,0,3,23,1,1,23,30108.69
11012,13,5,E,1,38,1,1,38,527,30,24,533,31425.74
11012,13,5,F,1,226,1,1,226,1991,147,192,1946,30342.66
11012,13,5,G,1,2988,23,22,2989,21169,1113,1017,21265,27883.09
11012,13,5,H,1,10,0,0,10,281,7,11,277,32158.84
11012,13,5,I,1,731,13,5,739,6088,681,599,6170,25502.61
11012,13,5,J,1,46,0,0,46,452,50,85,417,32705.53
11012,13,5,K,1,47,1,0,48,732,7,16,723,41714.72
11012,13,5,L,1,187,6,0,193,739,66,47,758,33320.87
11012,13,5,M,1,185,4,3,186,986,49,79,956,31878.61
11012,13,5,N,1,74,0,1,73,522,37,86,473,30474.83
11012,13,5,P,1,14,0,0,14,83,4,9,78,27430.44
11012,13,5,Q,1,70,1,1,70,289,3,5,287,30151.21
11012,13,5,R,1,22,0,0,22,496,59,59,496,29560.88
11012,13,5,S,1,61,0,0,61,266,8,6,268,28473.8
11012,13,6,A,1,284,9,6,287,673,34,26,681,24433.49
11012,13,7,G,1,5,0,0,5,51,0,0,51,45129.41
11012,13,7,K,1,3,0,0,3,3,0,0,3,15400
11012,13,7,M,1,139,0,0,139,613,9,13,609,30130.04
11012,13,7,M,2,1,0,0,1,1,0,0,1,42000
11012,13,7,N,1,2,0,0,2,8,0,2,6,34066.66
11012,13,7,O,1,1,0,0,1,223,1,1,223,39416.14
11012,13,7,P,1,167,2,1,168,1115,25,23,1117,28073.74
11012,13,7,Q,1,585,4,4,585,8968,163,258,8873,33984.29
11012,13,7,S,1,332,5,10,327,1549,33,235,1347,32654.42
11012,13,7,S,2,1,0,0,1,180,9,6,183,32754.09
11012,13,8,A,1,10,0,0,10,42,2,2,42,24711.9
11012,13,8,C,1,6,0,0,6,63,3,13,53,21496.22
11012,13,8,E,1,1,0,0,1,11,0,0,11,39172.72
11012,13,8,F,1,1,0,0,1,2,0,0,2,24000
11012,13,8,G,1,50,1,0,51,172,17,9,180,27350.93
11012,13,8,H,1,1,0,0,1,1,0,0,1,30300
11012,13,8,I,1,1,0,0,1,6,0,1,5,28740
11012,13,8,J,1,6,0,0,6,19,1,0,20,26990
11012,13,8,K,1,21,0,0,21,35,0,0,35,30015.42
11012,13,8,M,1,2,0,0,2,30,0,1,29,39800
11012,13,8,P,1,88,0,0,88,1178,21,20,1179,29774.82
11012,13,8,Q,1,203,2,1,204,5243,201,173,5271,31980.73
11012,13,8,R,1,10,0,0,10,34,1,1,34,24779.67
11012,13,8,S,1,94,0,0,94,1795,19,55,1759,34594.73
11012,13,9,P,2,9,1,8,2,199,20,185,34,13500
11012,13,9,Q,2,1,0,0,1,1,0,0,1,13500
11012,14,1,A,1,41,0,1,40,226,21,20,227,33436.19
11012,14,1,B,1,16,0,0,16,261,8,9,260,29865.76
11012,14,1,C,1,123,0,0,123,739,35,39,735,27947.87
11012,14,1,D,1,2,0,0,2,28,1,0,29,27727.58
11012,14,1,E,1,20,0,0,20,301,8,16,293,33376.61
11012,14,1,F,1,298,7,5,300,1613,84,138,1559,30100.59
11012,14,1,G,1,3,0,0,3,47,2,2,47,30572.34
11012,14,1,H,1,40,0,0,40,669,9,20,658,35819.45
11012,14,1,J,1,1,0,0,1,154,2,5,151,45296.68
11012,14,1,L,1,1,0,0,1,21,0,0,21,35990.47
11012,14,1,N,1,74,0,4,70,402,43,65,380,27335.26
11012,14,1,R,1,38,0,2,36,238,46,46,238,27790.15
11012,14,1,S,1,54,0,0,54,256,15,15,256,27066.35
11012,14,2,A,2,2,0,0,2,491,2,3,490,27261.42
11012,14,2,C,2,14,0,0,14,3438,48,43,3443,27553.87
11012,14,2,F,2,7,0,0,7,3076,30,32,3074,29254.26
11012,14,2,G,2,4,0,0,4,342,1,7,336,28529.46
11012,14,2,H,2,4,0,0,4,1576,12,21,1567,28545.56
11012,14,2,I,2,5,0,0,5,2083,26,17,2092,27194.64
11012,14,2,K,2,1,0,0,1,127,2,5,124,27755.64
11012,14,2,M,2,4,0,0,4,359,2,5,356,28027.52
11012,14,2,N,2,1,0,0,1,214,3,5,212,25898.58
11012,14,2,R,2,2,0,0,2,81,1,0,82,30056.09
11012,14,2,S,2,19,0,0,19,2932,37,34,2935,28143.16
11012,14,3,A,2,3,0,0,3,3033,7,20,3020,29697.58
11012,14,4,A,1,1,0,0,1,21,1,1,21,31766.66
11012,14,4,E,1,1,0,0,1,121,21,21,121,39133.88
11012,14,4,F,1,2,0,0,2,31,0,1,30,24550
11012,14,4,G,1,4,0,0,4,12,0,0,12,32625
11012,14,4,H,1,1,0,0,1,58,0,1,57,40392.98
11012,14,4,K,1,5,0,0,5,85,3,1,87,43420.68
11012,14,4,M,1,2,0,0,2,100,2,3,99,30318.18
11012,14,4,O,1,79,0,1,78,4256,230,552,3934,27407.01
11012,14,4,P,1,127,0,1,126,3010,471,937,2544,32292.71
11012,14,4,Q,1,3,0,0,3,434,9,26,417,36018.32
11012,14,4,R,1,4,0,0,4,108,0,24,84,30544.04
11012,14,4,S,1,1,0,0,1,11,0,0,11,33963.63
11012,14,5,A,1,2,0,0,2,3,0,0,3,36966.66
11012,14,5,C,1,3,0,0,3,94,19,5,108,28547.17
11012,14,5,E,1,3,0,0,3,13,1,1,13,25861.53
11012,14,5,F,1,46,0,0,46,282,7,17,272,28602.86
11012,14,5,G,1,763,7,3,767,3645,167,150,3662,28284.39
11012,14,5,H,1,1,0,0,1,3,0,0,3,26966.66
11012,14,5,I,1,337,6,6,337,3507,780,745,3542,27228.06
11012,14,5,J,1,18,0,0,18,123,2,2,123,29188.61
11012,14,5,K,1,9,0,0,9,141,1,0,142,42885.21
11012,14,5,L,1,78,1,0,79,216,11,6,221,30087.51
11012,14,5,M,1,73,1,1,73,448,36,36,448,30665.37
11012,14,5,N,1,44,0,0,44,234,10,22,222,28979.18
11012,14,5,P,1,2,0,0,2,14,0,0,14,20164.28
11012,14,5,Q,1,35,0,0,35,114,1,0,115,28023.9
11012,14,5,R,1,11,0,0,11,78,1,3,76,26163.15
11012,14,5,S,1,19,0,0,19,87,2,5,84,31202.38
11012,14,6,A,1,58,0,1,57,107,2,3,106,24000
11012,14,7,G,1,3,0,0,3,24,0,0,24,43204.16
11012,14,7,K,1,23,0,0,23,34,0,0,34,26055.11
11012,14,7,L,1,1,0,0,1,4,0,0,4,29750
11012,14,7,M,1,45,0,0,45,182,2,2,182,29898.9
11012,14,7,O,1,1,0,0,1,99,0,2,97,40380.41
11012,14,7,P,1,29,0,0,29,232,7,5,234,29296.53
11012,14,7,Q,1,136,0,0,136,1055,21,23,1053,31380.83
11012,14,7,S,1,216,1,7,210,871,18,72,817,32747.64
11012,14,7,S,2,0,1,0,1,25,2,3,24,33433.33
11012,14,8,A,1,4,0,1,3,10,1,7,4,24000
11012,14,8,C,1,2,0,0,2,5,0,2,3,28800
11012,14,8,G,1,15,0,0,15,44,0,0,44,28787.27
11012,14,8,I,1,1,0,0,1,8,1,0,9,15100
11012,14,8,J,1,3,0,1,2,8,0,5,3,33366.66
11012,14,8,K,1,2,0,0,2,11,0,0,11,40654.54
11012,14,8,P,1,9,0,0,9,96,1,1,96,32074.79
11012,14,8,Q,1,74,0,0,74,3583,65,146,3502,36654.64
11012,14,8,R,1,4,0,0,4,8,0,0,8,26562.5
11012,14,8,S,1,45,0,2,43,1168,13,33,1148,35112.82
11012,14,9,P,2,6,0,3,3,277,30,254,53,13500
11012,15,1,A,1,41,0,1,40,257,6,10,253,34587.96
11012,15,1,B,1,48,0,0,48,343,10,15,338,30666.86
11012,15,1,C,1,341,1,1,341,6087,130,178,6039,33460.21
11012,15,1,D,1,5,0,0,5,307,1,5,303,42692.07
11012,15,1,E,1,38,0,1,37,269,14,25,258,33623.38
11012,15,1,F,1,641,7,11,637,3418,364,399,3383,30729.96
11012,15,1,G,1,5,0,0,5,436,8,3,441,41905.66
11012,15,1,H,1,93,0,1,92,1273,31,58,1246,35918.89
11012,15,1,J,1,3,0,0,3,329,7,13,323,40902.86
11012,15,1,M,1,1,0,0,1,2,0,0,2,44850
11012,15,1,N,1,123,4,8,119,676,42,151,567,26372.38
11012,15,1,R,1,35,1,2,34,231,18,23,226,27621.72
11012,15,1,S,1,105,3,2,106,469,42,36,475,28481.74
11012,15,2,A,2,3,0,0,3,534,5,10,529,30000.18
11012,15,2,C,2,21,0,0,21,7555,43,91,7507,28896.53
11012,15,2,E,2,1,0,0,1,450,4,8,446,30231.39
11012,15,2,F,2,12,0,0,12,6204,50,65,6189,28953.28
11012,15,2,G,2,6,0,0,6,1011,13,14,1010,26834.35
11012,15,2,H,2,7,0,0,7,2052,23,23,2052,28433.38
11012,15,2,I,2,4,0,0,4,3822,52,46,3828,27301.54
11012,15,2,J,2,2,0,0,2,401,4,6,399,26029.32
11012,15,2,K,2,1,0,0,1,371,2,11,362,27881.49
11012,15,2,L,2,1,0,0,1,648,14,4,658,27121.73
11012,15,2,M,2,5,0,0,5,680,6,6,680,29892.05
11012,15,2,N,2,8,0,0,8,1166,32,22,1176,26223.63
11012,15,2,P,2,4,0,0,4,534,6,9,531,26077.02
11012,15,2,Q,2,4,0,0,4,217,3,4,216,28354.62
11012,15,2,R,2,5,0,0,5,150,5,1,154,27700
11012,15,2,S,2,30,0,0,30,7699,89,83,7705,28435.84
11012,15,3,A,2,1,0,0,1,1681,6,11,1676,26611.63
11012,15,4,A,1,1,0,0,1,4,0,0,4,26325
11012,15,4,C,1,1,0,0,1,3,0,0,3,29800
11012,15,4,E,1,1,0,0,1,170,0,9,161,36350.31
11012,15,4,F,1,1,0,0,1,28,0,0,28,32639.28
11012,15,4,G,1,5,0,0,5,24,0,0,24,34450
11012,15,4,I,1,1,0,0,1,27,0,0,27,33040.74
11012,15,4,K,1,8,0,0,8,114,2,3,113,43287.61
11012,15,4,M,1,3,0,0,3,149,1,2,148,30511.48
11012,15,4,O,1,95,0,0,95,4384,135,466,4053,29975.85
11012,15,4,P,1,161,1,2,160,4992,3309,3669,4632,29833.82
11012,15,4,Q,1,24,0,0,24,1678,16,71,1623,36138.09
11012,15,4,R,1,2,0,0,2,127,1,24,104,25686.6
11012,15,4,S,1,1,0,0,1,16,1,1,16,29468.75
11012,15,5,A,1,2,0,0,2,5,0,1,4,30150
11012,15,5,C,1,10,0,0,10,198,7,9,196,27344.79
11012,15,5,D,1,4,0,0,4,37,1,0,38,31534.21
11012,15,5,E,1,19,0,0,19,143,7,9,141,28829.78
11012,15,5,F,1,130,0,1,129,806,78,69,815,31510.85
11012,15,5,G,1,1409,7,6,1410,8018,278,247,8049,29123.63
11012,15,5,H,1,13,0,0,13,220,4,4,220,35800
11012,15,5,I,1,527,10,8,529,5524,1051,1010,5565,27351.62
11012,15,5,J,1,45,0,1,44,317,9,23,303,29807.51
11012,15,5,K,1,18,0,0,18,303,3,4,302,41304.96
11012,15,5,L,1,175,3,7,171,585,21,41,565,33104.38
11012,15,5,M,1,123,2,1,124,781,25,37,769,33906.3
11012,15,5,N,1,73,1,2,72,566,24,154,436,28948.11
11012,15,5,P,1,6,1,1,6,22,1,2,21,28686.09
11012,15,5,Q,1,30,0,0,30,114,4,0,118,28182.44
11012,15,5,R,1,33,2,0,35,1001,127,116,1012,31367.38
11012,15,5,S,1,41,0,0,41,292,4,6,290,31467.58
11012,15,6,A,1,43,0,2,41,98,0,9,89,24195.5
11012,15,7,G,1,3,0,0,3,28,0,0,28,43739.28
11012,15,7,H,1,2,0,0,2,4,0,0,4,45800
11012,15,7,K,1,25,0,0,25,54,0,0,54,31319.25
11012,15,7,L,1,1,0,0,1,3,0,0,3,24400
11012,15,7,M,1,102,1,0,103,440,5,7,438,32109.01
11012,15,7,O,1,1,0,0,1,105,0,1,104,39840.38
11012,15,7,P,1,74,0,0,74,483,13,10,486,31174.2
11012,15,7,Q,1,235,1,4,232,1768,29,44,1753,31970.12
11012,15,7,S,1,279,1,9,271,987,26,101,912,31484.3
11012,15,7,S,2,0,0,0,0,65,0,4,61,30852.45
11012,15,8,A,1,1,2,0,3,1,3,0,4,21720
11012,15,8,C,1,1,0,0,1,5,0,1,4,33600
11012,15,8,G,1,26,0,3,23,173,8,23,158,26158.96
11012,15,8,J,1,4,0,0,4,45,3,18,30,28704
11012,15,8,K,1,2,0,0,2,382,1,2,381,41385.3
11012,15,8,M,1,1,0,0,1,2,0,1,1,38200
11012,15,8,N,1,3,0,0,3,23,2,18,7,20314.28
11012,15,8,P,1,17,0,0,17,191,3,4,190,30771.47
11012,15,8,Q,1,92,0,0,92,8034,188,394,7828,38126.41
11012,15,8,R,1,4,0,0,4,12,0,0,12,25506.66
11012,15,8,S,1,61,0,2,59,1501,90,145,1446,33936.86
11012,15,9,P,2,9,1,5,5,198,20,163,55,13500
11012,16,1,A,1,2,1,0,3,3,2,0,5,30760
11012,16,1,B,1,2,0,0,2,2,0,0,2,36700
11012,16,1,C,1,43,0,1,42,433,3,8,428,31564.67
11012,16,1,D,1,4,0,0,4,230,2,3,229,44198.68
11012,16,1,E,1,5,0,0,5,7,0,1,6,28683.33
11012,16,1,F,1,122,3,1,124,460,25,29,456,30594.66
11012,16,1,G,1,1,0,0,1,68,0,0,68,44973.64
11012,16,1,H,1,45,0,1,44,654,9,21,642,36170.93
11012,16,1,N,1,78,1,2,77,462,20,116,366,26330.71
11012,16,1,R,1,23,0,0,23,99,4,7,96,28731.25
11012,16,1,S,1,18,0,0,18,75,0,0,75,26163.73
11012,16,2,C,2,3,0,0,3,2952,16,30,2938,29302.41
11012,16,2,F,2,2,0,0,2,873,3,12,864,30658.68
11012,16,2,H,2,3,0,0,3,208,4,1,211,31145.49
11012,16,2,I,2,2,0,0,2,549,1,8,542,28710.33
11012,16,2,J,2,1,0,0,1,22,0,0,22,26904.54
11012,16,2,N,2,3,0,0,3,181,0,2,179,25698.88
11012,16,2,S,2,3,0,0,3,73,0,0,73,28315.06
11012,16,3,A,2,1,0,0,1,14746,37,60,14723,27755.1
11012,16,4,E,1,1,0,0,1,64,0,0,64,45740.62
11012,16,4,G,1,2,0,0,2,7,0,0,7,40171.42
11012,16,4,H,1,3,0,0,3,58,0,0,58,44910.34
11012,16,4,K,1,4,0,0,4,36,0,0,36,44788.88
11012,16,4,O,1,51,0,0,51,2704,77,613,2168,30711.19
11012,16,4,P,1,55,0,0,55,860,128,196,792,34624.36
11012,16,4,Q,1,3,0,0,3,289,5,4,290,40230.34
11012,16,4,R,1,1,0,0,1,111,1,29,83,30778.31
11012,16,4,S,1,1,0,0,1,12,0,0,12,35066.66
11012,16,5,E,1,0,1,0,1,0,1,0,1,30300
11012,16,5,F,1,28,0,0,28,97,1,3,95,31147.15
11012,16,5,G,1,226,2,8,220,1421,44,90,1375,28182.27
11012,16,5,H,1,1,0,0,1,5,0,0,5,30580
11012,16,5,I,1,114,1,2,113,1147,183,186,1144,27275.11
11012,16,5,J,1,11,0,0,11,89,2,3,88,31877.27
11012,16,5,K,1,6,0,0,6,45,0,0,45,39817.77
11012,16,5,L,1,27,0,1,26,86,1,25,62,31096.77
11012,16,5,M,1,23,0,2,21,72,1,7,66,31601.51
11012,16,5,N,1,30,0,0,30,202,10,14,198,25894.82
11012,16,5,Q,1,6,0,0,6,18,0,0,18,29830
11012,16,5,R,1,8,0,0,8,63,1,4,60,27221.8
11012,16,5,S,1,6,0,0,6,17,0,0,17,32700
11012,16,6,A,1,205,13,2,216,497,45,10,532,24000
11012,16,7,G,1,1,0,0,1,7,0,0,7,45800
11012,16,7,M,1,9,0,0,9,40,0,0,40,28770
11012,16,7,M,2,3,0,1,2,6,0,4,2,25200
11012,16,7,P,1,6,0,0,6,47,1,1,47,24833.61
11012,16,7,Q,1,63,2,0,65,614,14,7,621,34181.82
11012,16,7,S,1,50,1,0,51,215,3,12,206,33592.81
11012,16,7,S,2,1,0,0,1,17,1,3,15,36160
11012,16,8,G,1,5,0,0,5,21,0,5,16,25117.5
11012,16,8,I,1,2,0,1,1,16,0,12,4,29775
11012,16,8,J,1,4,0,0,4,14,0,0,14,28014.28
11012,16,8,K,1,2,0,0,2,147,1,0,148,36028.7
11012,16,8,P,1,4,0,0,4,71,0,1,70,29444.78
11012,16,8,Q,1,17,0,0,17,261,7,7,261,29735.01
11012,16,8,R,1,1,0,0,1,3,0,0,3,20180
11012,16,8,S,1,9,0,0,9,273,1,2,272,33299.77
11012,16,9,Q,2,1,0,1,0,7,0,7,0,0
11012,17,1,C,1,282,6,3,285,5770,197,289,5678,35225.49
11012,17,1,D,1,4,0,0,4,568,1,4,565,43728.67
11012,17,1,E,1,38,0,1,37,409,15,19,405,33950.22
11012,17,1,F,1,494,3,6,491,2326,243,298,2271,31209.64
11012,17,1,G,1,3,0,0,3,291,0,2,289,41785.56
11012,17,1,H,1,287,4,5,286,5361,155,173,5343,40356.34
11012,17,1,J,1,1,0,0,1,352,4,17,339,45458.11
11012,17,1,L,1,1,0,0,1,46,0,1,45,40595.55
11012,17,1,M,1,1,0,0,1,19,0,0,19,33157.89
11012,17,1,N,1,87,2,1,88,913,101,197,817,26992.65
11012,17,1,O,1,1,0,0,1,14,0,0,14,37700
11012,17,1,R,1,18,1,0,19,198,33,26,205,26151.9
11012,17,1,S,1,66,3,1,68,376,14,7,383,29711.62
11012,17,2,A,2,1,0,0,1,511,4,8,507,29964.1
11012,17,2,C,2,44,0,0,44,14409,145,152,14402,29712.49
11012,17,2,D,2,1,0,0,1,452,5,5,452,30180.08
11012,17,2,E,2,1,0,0,1,351,2,7,346,29241.32
11012,17,2,F,2,11,0,0,11,7194,58,81,7171,29913.1
11012,17,2,G,2,11,0,0,11,2831,41,40,2832,29762.92
11012,17,2,H,2,24,0,0,24,5455,58,92,5421,29824.82
11012,17,2,I,2,5,0,0,5,2962,79,36,3005,27330.91
11012,17,2,J,2,3,0,0,3,302,3,4,301,29800.66
11012,17,2,K,2,3,0,0,3,637,8,8,637,29599.84
11012,17,2,L,2,3,0,0,3,691,13,8,696,28052.01
11012,17,2,M,2,11,0,0,11,2064,26,13,2077,28689.74
11012,17,2,N,2,9,0,0,9,1868,50,54,1864,28074.09
11012,17,2,P,2,4,0,0,4,327,12,5,334,27475.14
11012,17,2,Q,2,1,0,0,1,48,1,0,49,36161.22
11012,17,2,R,2,6,0,0,6,991,15,11,995,28398.89
11012,17,2,S,2,37,0,0,37,12489,125,156,12458,29226.69
11012,17,3,A,2,1,0,0,1,2228,0,12,2216,30485.37
11012,17,4,G,1,3,0,0,3,16,0,0,16,35156.25
11012,17,4,K,1,6,0,0,6,101,3,1,103,44196.11
11012,17,4,M,1,2,0,0,2,276,2,14,264,37207.19
11012,17,4,O,1,46,0,0,46,2786,23,231,2578,32694.02
11012,17,4,P,1,71,1,1,71,3310,1965,2142,3133,32180.76
11012,17,4,Q,1,9,0,0,9,796,8,15,789,35146.95
11012,17,4,R,1,3,0,0,3,125,8,4,129,31064.03
11012,17,4,S,1,2,0,0,2,53,0,1,52,33613.07
11012,17,5,C,1,38,0,0,38,389,36,39,386,33043.35
11012,17,5,D,1,3,0,0,3,88,1,0,89,37348.31
11012,17,5,E,1,24,1,0,25,196,4,10,190,34493.68
11012,17,5,F,1,155,0,2,153,1021,151,164,1008,32954.07
11012,17,5,G,1,1297,8,11,1294,6731,340,357,6714,29002.33
11012,17,5,H,1,408,0,2,406,3803,109,122,3790,34494.22
11012,17,5,I,1,253,4,4,253,2054,241,206,2089,25160.52
11012,17,5,J,1,51,2,1,52,258,15,10,263,31512.95
11012,17,5,K,1,22,0,0,22,374,0,2,372,42317.47
11012,17,5,L,1,94,3,2,95,475,25,25,475,30939.55
11012,17,5,M,1,144,3,3,144,579,42,36,585,32945.55
11012,17,5,N,1,67,0,0,67,2170,225,278,2117,25447.36
11012,17,5,P,1,7,0,0,7,25,4,4,25,28583.2
11012,17,5,Q,1,48,0,0,48,207,8,9,206,29820.95
11012,17,5,R,1,26,0,0,26,216,13,20,209,30275.73
11012,17,5,S,1,26,0,0,26,174,9,4,179,29156.47
11012,17,6,A,1,115,12,0,127,380,76,21,435,24259.54
11012,17,7,H,1,1,0,0,1,19,0,1,18,40938.88
11012,17,7,H,2,1,0,0,1,302,44,30,316,45329.74
11012,17,7,K,1,1,0,0,1,1,0,0,1,28800
11012,17,7,M,1,57,1,1,57,241,6,6,241,30883.4
11012,17,7,N,1,1,0,0,1,2,0,0,2,41050
11012,17,7,P,1,110,2,1,111,733,18,22,729,28992.73
11012,17,7,Q,1,225,1,0,226,2046,65,61,2050,31759.8
11012,17,7,S,1,229,8,4,233,676,15,33,658,31531.66
11012,17,7,S,2,1,0,0,1,199,8,7,200,38029.5
11012,17,8,G,1,2,0,0,2,3,0,0,3,24800
11012,17,8,H,1,2,0,0,2,2,0,0,2,23820
11012,17,8,J,1,6,0,0,6,16,0,0,16,33468.75
11012,17,8,K,1,2,0,0,2,425,0,0,425,39484.94
11012,17,8,L,1,1,0,0,1,3,0,0,3,45800
11012,17,8,N,1,1,0,0,1,9,0,0,9,44955.55
11012,17,8,P,1,28,0,0,28,333,4,9,328,29159.84
11012,17,8,Q,1,82,0,1,81,3417,63,63,3417,38478.49
11012,17,8,R,1,3,0,0,3,9,0,0,9,26377.77
11012,17,8,S,1,18,0,0,18,167,3,5,165,34366.02
11012,17,9,P,2,4,0,4,0,132,0,132,0,0
11012,23,1,A,1,7,0,0,7,24,4,5,23,29884.34
11012,23,1,B,1,1,0,0,1,4,0,0,4,28985
11012,23,1,C,1,56,0,0,56,1736,14,13,1737,40906.28
11012,23,1,D,1,3,0,0,3,208,0,1,207,45229.46
11012,23,1,E,1,10,0,0,10,121,8,8,121,40283.47
11012,23,1,F,1,200,3,1,202,903,127,132,898,30284.15
11012,23,1,G,1,1,0,0,1,6,0,0,6,24000
11012,23,1,H,1,54,2,1,55,653,17,13,657,33206.02
11012,23,1,J,1,1,0,0,1,51,0,0,51,42103.92
11012,23,1,M,1,1,0,0,1,1,0,0,1,24000
11012,23,1,N,1,50,1,2,49,505,78,228,355,27083.73
11012,23,1,O,1,1,0,0,1,37,0,0,37,40113.51
11012,23,1,S,1,15,0,0,15,107,2,2,107,30922.42
11012,23,2,A,2,1,0,0,1,53,0,1,52,30865.38
11012,23,2,C,2,4,0,0,4,1313,11,18,1306,28757.65
11012,23,2,F,2,3,0,0,3,842,10,6,846,28736.17
11012,23,2,G,2,1,0,0,1,204,3,6,201,27490.04
11012,23,2,H,2,2,0,0,2,400,3,8,395,33489.62
11012,23,2,I,2,1,0,0,1,365,1,4,362,28937.29
11012,23,2,M,2,1,0,0,1,46,0,0,46,27663.04
11012,23,2,N,2,1,0,0,1,78,0,0,78,25166.66
11012,23,2,S,2,2,0,0,2,153,0,1,152,28557.23
11012,23,3,A,2,1,0,0,1,5284,26,39,5271,29395.35
11012,23,4,G,1,1,0,0,1,2,0,0,2,34800
11012,23,4,H,1,1,0,0,1,42,0,0,42,45366.66
11012,23,4,K,1,3,0,0,3,28,1,1,28,44000
11012,23,4,M,1,2,0,0,2,119,1,3,117,35752.13
11012,23,4,O,1,48,0,0,48,3357,52,539,2870,32985.56
11012,23,4,P,1,29,0,0,29,1182,45,226,1001,35913.66
11012,23,4,Q,1,7,0,0,7,452,3,14,441,40885.26
11012,23,4,R,1,2,0,0,2,104,0,3,101,35729.7
11012,23,4,S,1,2,0,0,2,44,0,1,43,35846.51
11012,23,5,C,1,1,0,0,1,55,4,4,55,25803.63
11012,23,5,E,1,2,0,0,2,3,1,0,4,31025
11012,23,5,F,1,21,0,0,21,133,3,12,124,27293.54
11012,23,5,G,1,252,0,2,250,1326,57,71,1312,27010.43
11012,23,5,H,1,4,0,0,4,50,1,0,51,34796.07
11012,23,5,I,1,84,5,2,87,549,70,68,551,26419.88
11012,23,5,J,1,11,0,0,11,66,2,0,68,32618.92
11012,23,5,K,1,7,0,0,7,69,1,4,66,40654.54
11012,23,5,L,1,54,0,1,53,153,1,4,150,32758
11012,23,5,M,1,20,0,0,20,95,1,1,95,31665.68
11012,23,5,N,1,33,0,3,30,385,11,28,368,30552.44
11012,23,5,P,1,1,0,0,1,2,0,0,2,24000
11012,23,5,Q,1,5,0,0,5,38,0,1,37,26004.86
11012,23,5,R,1,3,0,0,3,24,14,29,9,24988.88
11012,23,5,S,1,5,0,0,5,16,0,0,16,35381.25
11012,23,6,A,1,15,1,0,16,37,2,3,36,24000
11012,23,7,L,1,1,0,0,1,15,0,0,15,35286.66
11012,23,7,M,1,13,0,0,13,53,1,0,54,28253.7
11012,23,7,P,1,11,0,0,11,82,13,13,82,22796.34
11012,23,7,Q,1,40,1,0,41,185,3,5,183,29592.13
11012,23,7,S,1,50,0,6,44,204,1,16,189,35170.37
11012,23,7,S,2,0,0,0,0,52,1,3,50,37924
11012,23,8,A,1,1,0,0,1,4,0,1,3,27100
11012,23,8,G,1,2,0,0,2,15,0,0,15,18913.33
11012,23,8,K,1,1,0,0,1,44,0,0,44,40652.27
11012,23,8,N,1,1,0,0,1,14,0,0,14,11957.14
11012,23,8,P,1,3,0,0,3,37,0,0,37,27955.13
11012,23,8,Q,1,24,0,1,23,322,10,15,317,32481.19
11012,23,8,R,1,1,0,0,1,3,0,1,2,28450
11012,23,8,S,1,8,0,1,7,45,1,3,43,35053.48
11012,23,9,P,2,1,0,0,1,29,0,1,28,13500
11012,24,1,C,1,5,0,0,5,113,0,1,112,41112.5
11012,24,1,D,1,1,0,0,1,55,0,0,55,45220
11012,24,1,E,1,2,0,1,1,20,0,7,13,30664.61
11012,24,1,F,1,56,0,0,56,260,5,13,252,29744.2
11012,24,1,H,1,26,0,0,26,239,13,16,236,36861.86
11012,24,1,J,1,1,0,0,1,17,0,0,17,35434.11
11012,24,1,N,1,21,0,3,18,94,10,45,59,30456.06
11012,24,1,R,1,3,0,0,3,5,0,0,5,36440
11012,24,1,S,1,3,0,0,3,6,0,0,6,37950
11012,24,2,H,2,2,0,0,2,484,6,5,485,26770.3
11012,24,3,A,2,1,0,0,1,310,2,3,309,27473.46
11012,24,4,E,1,1,0,0,1,38,3,0,41,42224.39
11012,24,4,G,1,2,0,0,2,23,0,0,23,43365.21
11012,24,4,H,1,2,0,0,2,28,0,0,28,45392.85
11012,24,4,K,1,1,0,0,1,3,0,0,3,45800
11012,24,4,O,1,31,0,0,31,626,3,64,565,39118.7
11012,24,4,P,1,9,0,0,9,168,7,12,163,40876.68
11012,24,4,Q,1,2,0,0,2,95,1,0,96,38577.08
11012,24,5,F,1,3,0,0,3,7,1,0,8,32175
11012,24,5,G,1,25,0,0,25,146,9,6,149,29403.67
11012,24,5,H,1,2,0,0,2,15,0,0,15,34640
11012,24,5,I,1,11,0,0,11,39,1,3,37,29443.24
11012,24,5,J,1,3,0,0,3,5,0,0,5,26460
11012,24,5,K,1,1,0,0,1,2,0,0,2,38050
11012,24,5,M,1,8,0,0,8,20,0,1,19,29663.15
11012,24,5,N,1,1,0,0,1,2,0,0,2,34900
11012,24,5,R,1,2,0,0,2,3,0,0,3,41633.33
11012,24,6,A,1,16,0,0,16,32,1,0,33,25321.21
11012,24,7,M,1,1,0,0,1,3,0,0,3,29200
11012,24,7,P,1,1,0,0,1,6,0,0,6,24000
11012,24,7,S,1,24,0,4,20,87,2,19,70,31078.57
11012,24,7,S,2,0,0,0,0,1,0,0,1,31800
11012,24,8,Q,1,6,0,1,5,27,4,4,27,38940.74
11012,24,8,S,1,1,0,0,1,7,0,0,7,44014.28
11012,25,1,A,1,12,0,0,12,384,6,5,385,36398.9
11012,25,1,B,1,5,0,0,5,18,0,0,18,31694.44
11012,25,1,C,1,1370,6,8,1368,221270,3495,2502,222263,43150.64
11012,25,1,D,1,10,0,0,10,866,7,10,863,41908.15
11012,25,1,E,1,53,2,0,55,689,20,21,688,34509.98
11012,25,1,F,1,826,9,7,828,6433,422,383,6472,33792.41
11012,25,1,G,1,19,0,0,19,1578,31,14,1595,41408.79
11012,25,1,H,1,128,0,0,128,3527,90,94,3523,37107.95
11012,25,1,J,1,2,0,0,2,410,18,9,419,45018.37
11012,25,1,L,1,2,0,0,2,53,1,0,54,40388.88
11012,25,1,M,1,4,0,0,4,315,7,3,319,43702.82
11012,25,1,N,1,176,5,4,177,3772,713,863,3622,24723.08
11012,25,1,O,1,1,0,0,1,524,1,22,503,43284.69
11012,25,1,Q,1,1,0,0,1,17,4,2,19,14494.73
11012,25,1,R,1,64,1,0,65,925,93,62,956,27839.69
11012,25,1,S,1,216,4,2,218,1026,80,43,1063,29289.97
11012,25,2,A,2,3,0,0,3,215,2,4,213,27980.75
11012,25,2,C,2,34,0,0,34,10418,101,186,10333,27867.27
11012,25,2,F,2,12,0,0,12,6899,83,85,6897,27977.7
11012,25,2,G,2,7,0,0,7,1513,10,21,1502,26819.77
11012,25,2,H,2,16,0,0,16,4542,57,68,4531,28023.68
11012,25,2,I,2,5,0,0,5,3783,44,62,3765,26712.69
11012,25,2,J,2,2,0,0,2,1398,40,22,1416,27065.96
11012,25,2,K,2,3,0,0,3,1336,13,17,1332,26410.88
11012,25,2,L,2,2,0,0,2,747,25,14,758,26783.64
11012,25,2,M,2,7,0,0,7,1091,16,13,1094,28736.19
11012,25,2,N,2,7,0,0,7,1262,16,26,1252,27162.3
11012,25,2,P,2,3,0,0,3,732,9,13,728,24168.81
11012,25,2,Q,2,4,0,0,4,172,4,1,175,31497.14
11012,25,2,R,2,5,0,0,5,1173,7,11,1169,27978.61
11012,25,2,S,2,34,0,0,34,9518,70,124,9464,27294.73
11012,25,3,A,2,1,0,0,1,6258,20,31,6247,30172.37
11012,25,4,F,1,2,0,0,2,22,0,1,21,35027.61
11012,25,4,G,1,4,0,0,4,22,0,0,22,29618.18
11012,25,4,K,1,13,0,0,13,288,5,5,288,44659.02
11012,25,4,M,1,6,0,0,6,1130,11,25,1116,44360.51
11012,25,4,O,1,40,0,0,40,1862,65,145,1782,30857.38
11012,25,4,P,1,71,0,0,71,7955,5100,6043,7012,33793.59
11012,25,4,Q,1,5,0,0,5,68,4,6,66,31034.84
11012,25,4,R,1,3,0,0,3,62,0,3,59,31562.71
11012,25,4,S,1,1,0,0,1,23,0,2,21,29383.8
11012,25,5,B,1,1,0,0,1,3,0,0,3,43266.66
11012,25,5,C,1,65,0,0,65,6492,115,90,6517,42112.94
11012,25,5,E,1,55,0,1,54,2618,69,160,2527,30084.45
11012,25,5,F,1,245,1,1,245,5189,160,138,5211,38123.27
11012,25,5,G,1,3187,24,25,3186,32541,892,988,32445,35613.62
11012,25,5,H,1,9,0,0,9,647,10,7,650,38134.87
11012,25,5,I,1,876,22,10,888,7807,1481,1438,7850,27014.76
11012,25,5,J,1,251,1,5,247,5861,189,216,5834,40148.81
11012,25,5,K,1,138,0,1,137,2150,19,16,2153,42009.36
11012,25,5,L,1,435,3,2,436,2623,109,115,2617,31735.45
11012,25,5,M,1,500,6,5,501,9920,570,267,10223,41898.61
11012,25,5,N,1,135,0,3,132,5807,507,586,5728,30332.49
11012,25,5,P,1,24,0,1,23,179,4,7,176,29068.06
11012,25,5,Q,1,59,1,1,59,205,5,4,206,29772.75
11012,25,5,R,1,32,0,2,30,456,30,70,416,32443.69
11012,25,5,S,1,63,0,1,62,381,5,6,380,32765.1
11012,25,6,A,1,26,1,0,27,69,2,0,71,24000
11012,25,7,K,1,3,0,0,3,3,0,0,3,25380
11012,25,7,L,1,1,0,0,1,1,0,0,1,33300
11012,25,7,M,1,236,0,1,235,1144,21,30,1135,33519.05
11012,25,7,N,1,19,0,1,18,165,1,8,158,44925.31
11012,25,7,P,1,277,1,2,276,2243,57,55,2245,29620.28
11012,25,7,Q,1,403,1,2,402,4086,120,126,4080,31904.18
11012,25,7,S,1,234,5,0,239,647,12,25,634,32206.95
11012,25,7,S,2,0,0,0,0,304,12,18,298,40465.43
11012,25,8,G,1,7,0,0,7,21,0,1,20,28795
11012,25,8,I,1,1,0,0,1,20,1,1,20,17202
11012,25,8,J,1,5,0,0,5,7,1,0,8,34050
11012,25,8,K,1,2,0,0,2,386,0,0,386,39963.73
11012,25,8,M,1,7,0,0,7,1451,13,91,1373,41060.52
11012,25,8,N,1,2,0,0,2,77,1,5,73,16238.68
11012,25,8,P,1,68,0,0,68,988,19,22,985,31081.19
11012,25,8,Q,1,146,2,2,146,3638,155,139,3654,37083.62
11012,25,8,R,1,4,0,0,4,10,0,0,10,29770
11012,25,8,S,1,62,1,1,62,901,14,16,899,34440.12
11012,25,9,P,2,7,2,1,8,255,151,75,331,13500
11012,26,1,A,1,14,0,0,14,269,11,24,256,35193
11012,26,1,C,1,484,3,2,485,6621,176,132,6665,30718.89
11012,26,1,D,1,10,0,0,10,469,5,11,463,42265.22
11012,26,1,E,1,22,0,2,20,543,8,19,532,36761.65
11012,26,1,F,1,429,6,1,434,2612,160,155,2617,31133.9
11012,26,1,G,1,15,0,0,15,677,6,9,674,38304.18
11012,26,1,H,1,67,1,1,67,1448,48,57,1439,37733.42
11012,26,1,J,1,1,0,0,1,383,6,24,365,45253.42
11012,26,1,L,1,2,0,0,2,19,0,0,19,40821.05
11012,26,1,M,1,1,0,0,1,1,1,0,2,24000
11012,26,1,N,1,104,4,2,106,1453,100,266,1287,28471.82
11012,26,1,O,1,1,0,0,1,548,69,35,582,35386.76
11012,26,1,P,1,2,0,0,2,20,0,0,20,38970
11012,26,1,R,1,31,1,0,32,333,45,39,339,29760.39
11012,26,1,S,1,85,0,0,85,331,18,19,330,28501.93
11012,26,2,A,2,6,0,0,6,1084,5,15,1074,30502.14
11012,26,2,C,2,35,0,0,35,14363,101,210,14254,28912.63
11012,26,2,F,2,16,0,0,16,12365,132,196,12301,29302.65
11012,26,2,G,2,4,0,0,4,2197,23,35,2185,28461.18
11012,26,2,H,2,12,0,0,12,4550,39,59,4530,28660.79
11012,26,2,I,2,5,0,0,5,8051,99,148,8002,27325.49
11012,26,2,J,2,2,0,0,2,259,12,3,268,24900.37
11012,26,2,K,2,2,0,0,2,900,17,20,897,28116.94
11012,26,2,L,2,2,0,0,2,642,10,11,641,28934
11012,26,2,M,2,8,0,0,8,1220,12,13,1219,28192.04
11012,26,2,N,2,7,1,1,7,2668,70,57,2681,26961.65
11012,26,2,P,2,5,0,0,5,1142,16,14,1144,26116.17
11012,26,2,Q,2,5,0,0,5,294,6,6,294,29930.61
11012,26,2,R,2,5,0,0,5,1436,6,24,1418,30149.01
11012,26,2,S,2,33,0,0,33,13043,135,222,12956,28349.32
11012,26,4,F,1,2,0,0,2,42,3,10,35,31225.71
11012,26,4,G,1,1,0,0,1,9,0,0,9,38288.88
11012,26,4,K,1,12,0,0,12,197,3,1,199,44764.82
11012,26,4,M,1,0,1,1,0,0,1,1,0,0
11012,26,4,O,1,30,0,0,30,1543,11,87,1467,32427
11012,26,4,P,1,50,0,0,50,2861,1317,1554,2624,28854.6
11012,26,4,Q,1,5,0,0,5,1181,14,61,1134,36379.87
11012,26,4,R,1,3,0,0,3,128,2,16,114,23850.78
11012,26,4,S,1,2,0,0,2,40,0,3,37,32921.62
11012,26,5,A,1,1,0,0,1,5,0,0,5,29620
11012,26,5,C,1,11,1,0,12,94,6,1,99,26730.3
11012,26,5,E,1,6,0,0,6,40,0,0,40,26985
11012,26,5,F,1,129,0,0,129,805,23,21,807,30626.04
11012,26,5,G,1,1946,6,15,1937,11806,377,386,11797,29003.73
11012,26,5,H,1,6,0,0,6,20,2,0,22,34829.09
11012,26,5,I,1,490,7,6,491,4835,867,822,4880,24510.76
11012,26,5,J,1,56,1,1,56,469,22,26,465,29605.41
11012,26,5,K,1,61,2,0,63,1068,15,11,1072,41100.24
11012,26,5,L,1,255,3,2,256,841,29,20,850,32165.44
11012,26,5,M,1,152,2,0,154,756,32,39,749,28980.98
11012,26,5,N,1,84,0,0,84,1154,57,56,1155,28463.26
11012,26,5,P,1,8,0,0,8,49,4,4,49,30483.67
11012,26,5,Q,1,39,2,1,40,125,5,4,126,30946.03
11012,26,5,R,1,19,1,1,19,133,15,20,128,29247.25
11012,26,5,S,1,30,0,0,30,136,4,4,136,27018.67
11012,26,6,A,1,2,0,1,1,3,0,2,1,24000
11012,26,7,C,1,1,0,0,1,1,0,0,1,45800
11012,26,7,G,1,1,0,0,1,8,0,0,8,43287.5
11012,26,7,K,1,2,0,0,2,2,0,0,2,19920
11012,26,7,L,1,2,0,0,2,5,1,0,6,25000
11012,26,7,M,1,168,0,0,168,757,12,16,753,31226.63
11012,26,7,N,1,1,0,0,1,2,0,0,2,24000
11012,26,7,P,1,136,1,0,137,1173,22,22,1173,28004.26
11012,26,7,Q,1,344,0,0,344,6629,70,88,6611,36382.45
11012,26,7,S,1,237,3,4,236,631,11,28,614,29738.66
11012,26,7,S,2,0,0,0,0,77,4,5,76,34573.68
11012,26,8,A,1,2,0,0,2,79,1,2,78,26060.76
11012,26,8,C,1,1,0,0,1,6,0,0,6,10550
11012,26,8,E,1,1,0,0,1,8,0,0,8,32412.5
11012,26,8,G,1,12,0,0,12,33,0,3,30,26150
11012,26,8,H,1,1,0,0,1,1,0,0,1,45800
11012,26,8,J,1,9,0,0,9,31,0,0,31,26436.77
11012,26,8,K,1,1,0,0,1,85,0,0,85,37504.7
11012,26,8,N,1,4,0,0,4,60,2,4,58,13507.24
11012,26,8,P,1,15,0,0,15,220,1,4,217,29886.54
11012,26,8,Q,1,70,1,1,70,3103,93,84,3112,34507.34
11012,26,8,R,1,4,0,0,4,10,0,0,10,25680
11012,26,8,S,1,38,0,0,38,300,19,23,296,34465.06
11012,26,9,P,2,9,0,3,6,394,117,237,274,13500
11012,63,1,A,1,71,0,0,71,1247,52,39,1260,35033.77
11012,63,1,B,1,12,0,0,12,169,4,1,172,35858.37
11012,63,1,C,1,4705,13,30,4688,176227,3464,3476,176215,38905.94
11012,63,1,D,1,99,1,1,99,5151,63,68,5146,41286.51
11012,63,1,E,1,210,3,0,213,1997,54,51,2000,35756.92
11012,63,1,F,1,3540,34,30,3544,41809,1474,1613,41670,38369.81
11012,63,1,G,1,279,2,0,281,11301,370,336,11335,37903.38
11012,63,1,H,1,1254,8,5,1257,39029,1097,1227,38899,40514.12
11012,63,1,I,1,16,0,0,16,29107,1290,1227,29170,20587.31
11012,63,1,J,1,89,1,0,90,33766,650,539,33877,43397.73
11012,63,1,K,1,12,0,0,12,176,3,6,173,43056.11
11012,63,1,L,1,30,0,0,30,786,19,10,795,41268.45
11012,63,1,M,1,50,0,1,49,730,28,33,725,40732.85
11012,63,1,N,1,1552,27,21,1558,28302,4255,5347,27210,30358.17
11012,63,1,O,1,5,0,0,5,930,4,12,922,36354.2
11012,63,1,P,1,6,0,0,6,25,1,1,25,27880
11012,63,1,Q,1,1,0,0,1,7,2,0,9,26422.22
11012,63,1,R,1,360,8,6,362,3946,455,371,4030,29039.56
11012,63,1,S,1,1389,15,18,1386,8075,470,414,8131,29996.69
11012,63,2,A,2,6,0,0,6,5109,54,57,5106,28931.94
11012,63,2,C,2,65,0,0,65,51711,349,583,51477,29349.25
11012,63,2,E,2,2,0,0,2,1006,6,21,991,29895.15
11012,63,2,F,2,23,0,0,23,47455,602,765,47292,28438.37
11012,63,2,G,2,20,0,0,20,15714,238,278,15674,27238.05
11012,63,2,H,2,37,0,0,37,26488,301,389,26400,29323.37
11012,63,2,I,2,5,0,0,5,17381,146,204,17323,28231.6
11012,63,2,J,2,17,0,0,17,16043,277,260,16060,26689.96
11012,63,2,K,2,8,0,0,8,15509,232,284,15457,26113.16
11012,63,2,L,2,6,0,0,6,8415,138,88,8465,26447
11012,63,2,M,2,22,0,0,22,15445,202,239,15408,26926.77
11012,63,2,N,2,17,0,0,17,16477,176,262,16391,28215.92
11012,63,2,P,2,9,0,0,9,6363,64,77,6350,25609.79
11012,63,2,Q,2,10,0,0,10,3659,36,29,3666,29285.48
11012,63,2,R,2,24,0,0,24,14981,174,167,14988,26592.61
11012,63,2,S,2,63,1,1,63,47374,447,594,47227,28329.39
11012,63,4,E,1,1,0,0,1,10,0,0,10,40200
11012,63,4,F,1,2,0,0,2,267,1,0,268,43848.13
11012,63,4,G,1,16,0,0,16,102,1,3,100,33103
11012,63,4,H,1,1,0,0,1,6634,61,52,6643,43678.5
11012,63,4,I,1,1,0,0,1,63,2,2,63,32955.55
11012,63,4,J,1,2,0,0,2,124,0,2,122,36337.7
11012,63,4,K,1,152,0,0,152,35642,162,180,35624,44665.16
11012,63,4,L,1,2,0,0,2,56,2,1,57,44131.57
11012,63,4,M,1,11,0,0,11,6060,73,388,5745,41683.76
11012,63,4,O,1,362,0,0,362,31351,638,1459,30530,38875.97
11012,63,4,P,1,350,1,3,348,46592,9832,14888,41536,27539.48
11012,63,4,Q,1,29,0,0,29,20065,306,719,19652,40929.18
11012,63,4,R,1,26,0,0,26,1714,205,267,1652,35665.74
11012,63,4,S,1,5,0,0,5,115,3,2,116,40339.65
11012,63,5,A,1,7,0,0,7,22,1,1,22,34972.72
11012,63,5,C,1,324,0,1,323,23451,504,484,23471,39328.52
11012,63,5,D,1,4,0,0,4,246,3,0,249,40422.48
11012,63,5,E,1,182,0,0,182,5890,255,438,5707,33008.63
11012,63,5,F,1,2102,2,11,2093,25869,781,949,25701,37070.67
11012,63,5,G,1,42586,253,342,42497,550295,21545,21288,550552,35717.68
11012,63,5,G,2,0,0,0,0,0,0,0,0,0
11012,63,5,H,1,827,0,6,821,28397,330,355,28372,40165.54
11012,63,5,I,1,6879,143,117,6905,122705,20346,18389,124662,27653.68
11012,63,5,J,1,6159,84,61,6182,149750,5325,5651,149424,40933.92
11012,63,5,K,1,3648,29,23,3654,228129,2548,3093,227584,39689.97
11012,63,5,L,1,3552,19,28,3543,40674,2085,1937,40822,38040.47
11012,63,5,M,1,10500,93,102,10491,126082,10110,11070,125122,37564.64
11012,63,5,N,1,1951,5,15,1941,73684,6915,8267,72332,32841.94
11012,63,5,P,1,440,9,6,443,4385,549,576,4358,32758.46
11012,63,5,Q,1,398,7,8,397,1836,57,69,1824,34322.17
11012,63,5,R,1,657,12,9,660,7790,2059,2038,7811,34867.37
11012,63,5,S,1,728,5,2,731,9944,345,277,10012,33370.73
11012,63,6,A,1,40,0,2,38,190,18,18,190,32472.14
11012,63,7,C,1,1,0,0,1,12,1,0,13,32723.07
11012,63,7,G,1,3,0,0,3,4,0,0,4,32850
11012,63,7,H,2,2,0,0,2,706,71,71,706,43875.92
11012,63,7,K,1,6,0,0,6,12,0,0,12,33608.33
11012,63,7,L,1,43,0,0,43,358,7,4,361,38270.96
11012,63,7,M,1,4019,18,25,4012,37843,881,933,37791,38963.2
11012,63,7,M,2,102,4,34,72,172,5,63,114,31558.75
11012,63,7,N,1,646,3,4,645,3119,78,83,3114,43086.25
11012,63,7,O,1,72,0,0,72,708,18,21,705,41151.2
11012,63,7,P,1,1555,8,13,1550,10924,640,621,10943,29757.34
11012,63,7,Q,1,3264,23,25,3262,34262,1080,1134,34208,35156.56
11012,63,7,R,1,6,0,0,6,243,71,84,230,30343.8
11012,63,7,S,1,2314,10,13,2311,13435,495,885,13045,35616.75
11012,63,7,S,2,13,0,0,13,1783,68,83,1768,39293.74
11012,63,8,C,1,7,0,0,7,88,1,4,85,22779.77
11012,63,8,E,1,2,0,0,2,15,0,1,14,39828.57
11012,63,8,G,1,74,1,0,75,788,12,19,781,28474.32
11012,63,8,H,1,7,0,0,7,29,1,0,30,31866.66
11012,63,8,I,1,10,0,0,10,164,9,11,162,17525.1
11012,63,8,J,1,774,1,7,768,11650,391,505,11536,38458.69
11012,63,8,K,1,14,0,0,14,8631,84,54,8661,42928.29
11012,63,8,L,1,4,0,0,4,790,4,4,790,45541.39
11012,63,8,M,1,79,1,1,79,5363,91,325,5129,42600.46
11012,63,8,N,1,10,0,0,10,755,45,285,515,26677.72
11012,63,8,O,1,1,0,0,1,1,0,0,1,45800
11012,63,8,P,1,270,0,0,270,3516,171,181,3506,35369.53
11012,63,8,Q,1,1395,11,17,1389,45787,3468,3757,45498,38069
11012,63,8,R,1,190,1,0,191,980,30,49,961,33006.33
11012,63,8,S,1,987,6,18,975,13023,437,566,12894,36363.53
11012,63,9,P,2,29,5,12,22,1364,428,676,1116,14146.99
11012,63,9,Q,2,1,0,0,1,2,0,0,2,13500
11012,63,9,S,2,1,0,0,1,1,0,0,1,13500
11012,64,1,A,1,124,4,0,128,1267,44,49,1262,32290.29
11012,64,1,B,1,33,0,1,32,309,17,16,310,33621.29
11012,64,1,C,1,7507,20,39,7488,250498,5416,6032,249882,36410.71
11012,64,1,D,1,46,1,0,47,2987,17,29,2975,42900.86
11012,64,1,E,1,450,6,3,453,3323,280,121,3482,33474.06
11012,64,1,F,1,5489,89,73,5505,37435,4496,4677,37254,30995.7
11012,64,1,G,1,145,0,0,145,2242,53,57,2238,33590.08
11012,64,1,H,1,1412,15,8,1419,24963,916,1118,24761,37007.59
11012,64,1,I,1,2,0,0,2,48,0,0,48,25870.77
11012,64,1,J,1,15,0,0,15,2042,38,117,1963,44098.82
11012,64,1,K,1,2,0,0,2,5,0,0,5,28600
11012,64,1,L,1,18,0,0,18,527,21,13,535,39459.47
11012,64,1,M,1,19,0,0,19,164,4,7,161,37162.11
11012,64,1,N,1,1098,17,13,1102,14894,1877,3105,13666,25991.7
11012,64,1,O,1,3,0,0,3,4252,18,126,4144,40735.32
11012,64,1,Q,1,3,0,0,3,6,1,2,5,31100
11012,64,1,R,1,253,8,4,257,2673,279,189,2763,27471.99
11012,64,1,S,1,956,24,7,973,7507,557,411,7653,31272.65
11012,64,2,A,2,9,0,0,9,2852,30,25,2857,28443.01
11012,64,2,C,2,116,0,0,116,64733,593,904,64422,28592.06
11012,64,2,E,2,7,0,0,7,3913,38,42,3909,28778.53
11012,64,2,F,2,39,0,0,39,37738,397,521,37614,28385.43
11012,64,2,G,2,34,0,0,34,21214,254,320,21148,27786.49
11012,64,2,H,2,62,0,0,62,23797,425,414,23808,28303.49
11012,64,2,I,2,15,0,0,15,35799,435,479,35755,27147.33
11012,64,2,J,2,22,0,0,22,8076,128,159,8045,27009.83
11012,64,2,K,2,11,0,0,11,7616,91,102,7605,27820.56
11012,64,2,L,2,10,0,0,10,6143,113,86,6170,26527.37
11012,64,2,M,2,30,0,0,30,7847,92,100,7839,27859.75
11012,64,2,N,2,17,1,0,18,9901,143,197,9847,27760.85
11012,64,2,P,2,15,0,0,15,3414,53,45,3422,26209.58
11012,64,2,Q,2,19,0,0,19,3289,59,55,3293,27768.29
11012,64,2,R,2,29,1,0,30,9845,128,126,9847,27444.4
11012,64,2,S,2,121,1,0,122,61078,662,722,61018,27921.52
11012,64,3,A,2,7,0,0,7,26208,54,181,26081,30704.13
11012,64,4,E,1,1,0,0,1,40,0,0,40,44147.5
11012,64,4,F,1,1,0,0,1,90,1,0,91,35038.46
11012,64,4,G,1,27,0,0,27,138,3,0,141,35273.33
11012,64,4,I,1,2,0,0,2,35,0,0,35,33140
11012,64,4,J,1,3,0,0,3,45,0,5,40,38047.5
11012,64,4,K,1,90,0,0,90,2594,34,19,2609,44738.78
11012,64,4,O,1,245,0,0,245,10181,159,647,9693,32021.45
11012,64,4,P,1,417,1,1,417,22765,10961,13213,20513,29234.76
11012,64,4,Q,1,57,0,0,57,6107,127,211,6023,37708.14
11012,64,4,R,1,11,0,0,11,1274,227,321,1180,30917.14
11012,64,4,S,1,3,0,0,3,230,4,4,230,37060.78
11012,64,5,A,1,4,0,0,4,21,0,0,21,27604.76
11012,64,5,C,1,337,0,2,335,14203,346,385,14164,35962.38
11012,64,5,D,1,2,0,0,2,35,0,0,35,37440
11012,64,5,E,1,190,0,1,189,3278,162,191,3249,32607.94
11012,64,5,F,1,2608,4,14,2598,28699,2154,2409,28444,32049.63
11012,64,5,G,1,22422,179,161,22440,159364,6458,7083,158739,30377.15
11012,64,5,H,1,476,0,1,475,8006,344,220,8130,35958.2
11012,64,5,I,1,3716,75,75,3716,38847,9695,9128,39414,25677.93
11012,64,5,J,1,768,8,9,767,8998,511,699,8810,35077.07
11012,64,5,K,1,677,6,2,681,10898,138,223,10813,38487.58
11012,64,5,L,1,1750,16,17,1749,9942,436,526,9852,33292.35
11012,64,5,M,1,2203,31,28,2206,16452,1053,1131,16374,32015.8
11012,64,5,N,1,783,2,8,777,22335,1560,2381,21514,29160.49
11012,64,5,P,1,120,4,3,121,704,294,300,698,29520.21
11012,64,5,Q,1,335,1,1,335,1290,39,41,1288,30600.42
11012,64,5,R,1,140,2,0,142,1836,183,150,1869,29325.61
11012,64,5,S,1,343,0,1,342,2777,160,101,2836,30790.79
11012,64,6,A,1,479,6,9,476,1318,59,99,1278,31897.57
11012,64,7,F,1,1,0,0,1,3,0,1,2,38800
11012,64,7,G,1,8,0,0,8,96,0,0,96,44536.45
11012,64,7,H,1,2,0,0,2,53,0,0,53,45184.9
11012,64,7,H,2,1,0,0,1,136,20,17,139,41732.37
11012,64,7,I,1,1,0,0,1,3,0,0,3,33866.66
11012,64,7,J,1,1,0,0,1,2,0,0,2,33000
11012,64,7,K,1,18,0,0,18,22,0,0,22,27545.45
11012,64,7,L,1,16,0,0,16,203,2,0,205,34848.52
11012,64,7,M,1,1230,5,5,1230,6270,161,135,6296,32536.09
11012,64,7,M,2,9,0,3,6,40,0,28,12,22250
11012,64,7,N,1,56,0,3,53,291,1,10,282,40435.1
11012,64,7,O,1,8,0,0,8,318,0,8,310,38948.83
11012,64,7,P,1,1188,7,10,1185,9292,363,356,9299,27276.41
11012,64,7,Q,1,2792,17,17,2792,31036,935,1022,30949,32082.43
11012,64,7,R,1,1,0,0,1,55,0,1,54,30740.74
11012,64,7,S,1,973,7,17,963,4854,175,339,4690,31147.78
11012,64,7,S,2,8,0,0,8,1505,80,93,1492,33959.3
11012,64,8,A,1,6,1,1,6,39,5,20,24,29004.16
11012,64,8,C,1,3,1,1,3,81,26,15,92,29402.46
11012,64,8,G,1,60,0,1,59,302,6,20,288,27339.12
11012,64,8,H,1,4,0,0,4,4,0,0,4,34550
11012,64,8,I,1,3,0,0,3,40,0,0,40,14012
11012,64,8,J,1,76,0,0,76,627,10,16,621,30555.99
11012,64,8,K,1,2,0,0,2,319,1,3,317,40809.14
11012,64,8,L,1,2,0,0,2,5,0,0,5,25920
11012,64,8,M,1,13,0,0,13,1187,15,59,1143,43144.37
11012,64,8,N,1,5,0,0,5,43,0,11,32,36018.75
11012,64,8,P,1,189,0,0,189,2592,52,68,2576,29990.91
11012,64,8,Q,1,866,8,7,867,29723,933,910,29746,36460.33
11012,64,8,R,1,41,0,0,41,221,4,2,223,35764.93
11012,64,8,S,1,275,1,1,275,4026,86,203,3909,34698.07
11012,64,9,P,2,21,3,15,9,1365,159,1072,452,13500
11012,65,1,A,1,51,1,0,52,345,14,13,346,28082.23
11012,65,1,B,1,10,0,1,9,23,0,1,22,30077.27
11012,65,1,C,1,20891,64,94,20861,358453,8137,8907,357683,34074.04
11012,65,1,D,1,43,0,1,42,1967,9,19,1957,43039.65
11012,65,1,E,1,551,5,4,552,2665,112,142,2635,30761.44
11012,65,1,F,1,7049,60,55,7054,38485,2498,2427,38556,32596.36
11012,65,1,G,1,234,2,1,235,5718,145,130,5733,36218.75
11012,65,1,H,1,1021,8,6,1023,28582,746,634,28694,38884.36
11012,65,1,I,1,3,0,0,3,94,13,10,97,32830.92
11012,65,1,J,1,22,0,0,22,3583,58,80,3561,42608.35
11012,65,1,K,1,1,0,0,1,2,0,0,2,44850
11012,65,1,L,1,11,0,0,11,35,1,0,36,35130.77
11012,65,1,M,1,46,1,0,47,848,21,29,840,39899.91
11012,65,1,N,1,1484,28,28,1484,26301,4871,6032,25140,26356.93
11012,65,1,O,1,5,0,0,5,471,48,53,466,31965.19
11012,65,1,P,1,6,0,0,6,222,0,5,217,43244.7
11012,65,1,Q,1,2,0,0,2,3,0,0,3,32066.66
11012,65,1,R,1,280,7,1,286,3560,454,416,3598,28780.91
11012,65,1,S,1,1181,15,15,1181,6204,323,288,6239,29086.47
11012,65,2,A,2,6,0,0,6,7763,60,109,7714,28113.66
11012,65,2,C,2,69,0,0,69,95661,730,1250,95141,28925.91
11012,65,2,E,2,1,0,0,1,488,3,5,486,27641.97
11012,65,2,F,2,22,0,0,22,22947,201,249,22899,27572.74
11012,65,2,G,2,15,0,0,15,15357,182,213,15326,27358.88
11012,65,2,H,2,32,0,0,32,28601,320,427,28494,28624.79
11012,65,2,I,2,7,0,0,7,28527,335,400,28462,27627.9
11012,65,2,J,2,11,0,0,11,8465,138,123,8480,26984.23
11012,65,2,K,2,6,0,0,6,2235,18,25,2228,27665.79
11012,65,2,L,2,6,0,0,6,4015,79,53,4041,27705.12
11012,65,2,M,2,18,0,0,18,7192,110,101,7201,27297.61
11012,65,2,N,2,13,0,0,13,12126,222,238,12110,27094.8
11012,65,2,P,2,11,0,0,11,7950,102,75,7977,26217.62
11012,65,2,Q,2,9,0,0,9,3061,48,43,3066,25572.21
11012,65,2,R,2,18,0,0,18,6810,59,79,6790,26980
11012,65,2,S,2,65,0,0,65,49632,465,648,49449,27945.89
11012,65,3,A,2,5,0,0,5,25156,38,141,25053,31951.96
11012,65,4,G,1,6,0,0,6,33,0,0,33,32154.54
11012,65,4,I,1,1,0,0,1,25,2,0,27,30892.59
11012,65,4,K,1,80,0,0,80,1295,12,6,1301,44409.22
11012,65,4,M,1,5,0,0,5,299,7,20,286,32583.56
11012,65,4,N,1,1,0,0,1,51,0,19,32,45206.25
11012,65,4,O,1,208,0,0,208,18029,279,1434,16874,36408.39
11012,65,4,P,1,405,1,1,405,28815,9654,12100,26369,29127.67
11012,65,4,Q,1,39,0,0,39,5764,112,164,5712,39173.71
11012,65,4,R,1,9,0,0,9,813,17,37,793,27809.97
11012,65,4,S,1,2,0,0,2,111,4,2,113,36138.76
11012,65,5,A,1,2,0,0,2,13,0,1,12,27766.66
11012,65,5,C,1,748,1,3,746,34735,705,622,34818,38956.14
11012,65,5,D,1,6,0,0,6,432,3,1,434,42241.24
11012,65,5,E,1,196,0,4,192,1361,58,134,1285,30827.81
11012,65,5,F,1,2554,2,10,2546,21088,771,900,20959,33466.45
11012,65,5,G,1,38295,251,285,38261,299145,10668,10853,298960,33130.29
11012,65,5,H,1,217,0,1,216,7794,275,412,7657,37760.9
11012,65,5,I,1,4378,99,71,4406,39264,6621,6194,39691,25311.45
11012,65,5,J,1,1911,12,23,1900,30014,1053,1007,30060,39266.9
11012,65,5,K,1,961,7,7,961,12844,220,331,12733,41170.28
11012,65,5,L,1,2483,24,20,2487,17116,794,799,17111,32948.41
11012,65,5,M,1,4381,50,43,4388,34193,2758,2781,34170,35587.02
11012,65,5,N,1,836,4,6,834,33683,2045,3462,32266,31444.36
11012,65,5,P,1,158,6,3,161,1086,86,101,1071,29832.23
11012,65,5,Q,1,634,8,7,635,2512,94,90,2516,31274.77
11012,65,5,R,1,248,7,1,254,2378,307,319,2366,30094.7
11012,65,5,S,1,480,0,1,479,4341,281,212,4410,29227.16
11012,65,6,A,1,388,14,8,394,1262,72,48,1286,24066.95
11012,65,7,H,1,2,0,0,2,32,4,0,36,36422.22
11012,65,7,I,1,1,0,0,1,4,0,0,4,25575
11012,65,7,K,1,4,0,0,4,6,0,0,6,32316.66
11012,65,7,L,1,13,0,0,13,68,1,4,65,33212.92
11012,65,7,M,1,1720,7,11,1716,8102,201,249,8054,34110.33
11012,65,7,N,1,114,1,1,114,885,15,10,890,42086.97
11012,65,7,O,1,2,0,1,1,40,1,2,39,40174.35
11012,65,7,P,1,1690,12,7,1695,11565,549,528,11586,28469.64
11012,65,7,Q,1,3177,20,19,3178,30237,971,966,30242,31308.39
11012,65,7,R,1,3,0,0,3,102,0,1,101,34980.19
11012,65,7,S,1,1064,10,15,1059,4188,302,339,4151,32368.4
11012,65,7,S,2,1,0,0,1,2396,118,125,2389,38224.06
11012,65,8,A,1,1,0,0,1,41,0,1,40,11688.5
11012,65,8,C,1,8,0,0,8,206,0,5,201,28056.61
11012,65,8,F,1,2,0,0,2,16,0,0,16,24356.25
11012,65,8,G,1,36,0,1,35,905,25,18,912,31101.35
11012,65,8,H,1,11,0,0,11,25,0,0,25,28376
11012,65,8,I,1,3,0,0,3,46,0,1,45,16766.55
11012,65,8,J,1,238,5,2,241,2473,93,246,2320,35061.47
11012,65,8,K,1,3,0,0,3,1981,6,8,1979,41931.53
11012,65,8,M,1,26,0,1,25,2309,263,623,1949,42478.44
11012,65,8,N,1,8,1,0,9,420,3,217,206,22827.76
11012,65,8,P,1,467,0,0,467,5485,128,116,5497,30647.57
11012,65,8,Q,1,1103,21,6,1118,30824,1323,1235,30912,35261.71
11012,65,8,R,1,30,1,0,31,258,29,10,277,34446.65
11012,65,8,S,1,376,2,4,374,5658,123,176,5605,36415.42
11012,65,9,P,2,25,13,16,22,1665,678,982,1361,13500
11012,66,1,A,1,131,2,2,131,1542,102,93,1551,30498.62
11012,66,1,B,1,50,0,0,50,345,20,28,337,31198.06
11012,66,1,C,1,21688,85,84,21689,403529,7554,8482,402601,32233.6
11012,66,1,D,1,45,1,2,44,2580,19,36,2563,42741.25
11012,66,1,E,1,375,3,3,375,2461,69,69,2461,33356.74
11012,66,1,F,1,6233,64,49,6248,36797,2086,2086,36797,31557.3
11012,66,1,G,1,161,1,2,160,2607,39,45,2601,35683.59
11012,66,1,H,1,988,7,9,986,12686,421,413,12694,35651.79
11012,66,1,I,1,14,0,0,14,101,6,6,101,26712.87
11012,66,1,J,1,10,0,0,10,1898,29,87,1840,44421.9
11012,66,1,K,1,3,0,0,3,4,0,0,4,32150
11012,66,1,L,1,15,1,0,16,236,5,2,239,37509.79
11012,66,1,M,1,30,0,1,29,256,20,23,253,35260.23
11012,66,1,N,1,1342,31,15,1358,21572,2221,3074,20719,25880.23
11012,66,1,O,1,2,0,0,2,4622,19,228,4413,39503.68
11012,66,1,P,1,5,0,0,5,21,6,5,22,29472.72
11012,66,1,R,1,329,10,4,335,3848,416,370,3894,26842.67
11012,66,1,S,1,1424,13,15,1422,9604,356,436,9524,29941.6
11012,66,2,A,2,11,0,0,11,9952,110,138,9924,28449.21
11012,66,2,B,2,1,0,0,1,96,2,2,96,29281.25
11012,66,2,C,2,80,0,0,80,43988,385,688,43685,28388.8
11012,66,2,E,2,3,0,0,3,760,20,17,763,26805.63
11012,66,2,F,2,30,0,0,30,40934,430,548,40816,27728.38
11012,66,2,G,2,17,0,0,17,12844,190,201,12833,26707.36
11012,66,2,H,2,37,0,0,37,18882,271,354,18799,28410.38
11012,66,2,I,2,11,0,0,11,13518,132,203,13447,27057.32
11012,66,2,J,2,14,0,0,14,3713,66,80,3699,25692.53
11012,66,2,K,2,6,0,0,6,4952,47,59,4940,26441.72
11012,66,2,L,2,10,0,0,10,5931,178,123,5986,25865.05
11012,66,2,M,2,20,0,0,20,6866,63,95,6834,27183.04
11012,66,2,N,2,22,0,0,22,15155,407,409,15153,26741.3
11012,66,2,P,2,9,0,0,9,3547,55,32,3570,25948.82
11012,66,2,Q,2,11,0,0,11,2549,36,44,2541,28623.06
11012,66,2,R,2,16,1,0,17,4286,37,52,4271,28280.3
11012,66,2,S,2,85,1,1,85,42431,434,562,42303,27419.32
11012,66,3,A,2,1,0,0,1,1809,6,3,1812,25974.17
11012,66,4,F,1,4,0,0,4,126,0,1,125,34792
11012,66,4,G,1,12,0,0,12,51,0,0,51,35186.27
11012,66,4,H,1,1,0,0,1,35,0,0,35,42968.57
11012,66,4,K,1,80,0,0,80,3248,28,23,3253,44927.09
11012,66,4,M,1,3,0,0,3,350,3,12,341,29725.51
11012,66,4,O,1,223,0,0,223,10852,206,494,10564,31184.8
11012,66,4,P,1,421,3,6,418,27777,13981,16413,25345,29972.75
11012,66,4,Q,1,38,0,0,38,5264,74,209,5129,39919.76
11012,66,4,R,1,8,0,0,8,1329,178,215,1292,29451.19
11012,66,4,S,1,3,0,0,3,227,4,5,226,33659.91
11012,66,5,A,1,6,0,0,6,25,1,2,24,29925
11012,66,5,B,1,1,0,0,1,3,0,0,3,31266.66
11012,66,5,C,1,371,0,3,368,13893,219,208,13904,36207.91
11012,66,5,D,1,4,0,0,4,213,0,2,211,40842.65
11012,66,5,E,1,208,0,3,205,2340,47,137,2250,29651.68
11012,66,5,F,1,1823,5,11,1817,14439,545,620,14364,31637.85
11012,66,5,G,1,31210,253,219,31244,220244,8166,8389,220021,30549.42
11012,66,5,H,1,239,0,1,238,3378,113,88,3403,33599.91
11012,66,5,I,1,5395,104,90,5409,52018,8720,7795,52943,25472.07
11012,66,5,J,1,1389,22,14,1397,15903,660,742,15821,36010.55
11012,66,5,K,1,799,6,6,799,19291,141,195,19237,40879.01
11012,66,5,L,1,2890,25,31,2884,15470,706,788,15388,31814.09
11012,66,5,M,1,3728,46,34,3740,26079,1195,1467,25807,31992.92
11012,66,5,N,1,859,9,5,863,17891,1104,2307,16688,28568.92
11012,66,5,P,1,164,2,1,165,1187,98,102,1183,28369.59
11012,66,5,Q,1,412,5,6,411,1694,172,156,1710,30512.24
11012,66,5,R,1,215,3,4,214,2870,300,245,2925,28362.77
11012,66,5,S,1,421,0,3,418,3806,113,115,3804,29352.08
11012,66,6,A,1,50,0,1,49,122,1,5,118,24377.96
11012,66,7,G,1,7,0,0,7,71,0,0,71,43633.8
11012,66,7,H,1,1,0,0,1,28,0,0,28,45246.42
11012,66,7,K,1,10,1,0,11,17,1,1,17,30316.47
11012,66,7,L,1,31,0,1,30,238,9,9,238,32858.4
11012,66,7,M,1,2087,12,11,2088,10991,275,273,10993,32645.51
11012,66,7,M,2,1,0,1,0,12,0,12,0,0
11012,66,7,N,1,238,0,5,233,1607,91,100,1598,36800.94
11012,66,7,O,1,1,0,0,1,308,1,3,306,38839.21
11012,66,7,P,1,1529,13,6,1536,11847,333,367,11813,27733.76
11012,66,7,Q,1,3185,15,9,3191,39948,1018,1019,39947,33194.84
11012,66,7,S,1,1011,10,9,1012,3655,126,199,3582,31884.29
11012,66,7,S,2,3,0,0,3,1098,39,71,1066,35034.36
11012,66,8,A,1,5,0,0,5,13,1,4,10,29830
11012,66,8,C,1,3,0,0,3,13,1,0,14,23485.71
11012,66,8,E,1,1,0,0,1,9,0,0,9,36833.33
11012,66,8,F,1,1,0,0,1,7,0,0,7,10328.57
11012,66,8,G,1,57,0,0,57,296,3,1,298,27386.33
11012,66,8,H,1,2,0,0,2,2,0,0,2,28950
11012,66,8,J,1,127,1,1,127,1250,47,57,1240,35633.06
11012,66,8,K,1,7,0,0,7,1624,12,10,1626,41844.89
11012,66,8,M,1,26,0,0,26,861,10,45,826,41798.03
11012,66,8,N,1,5,0,0,5,81,1,2,80,19005.33
11012,66,8,P,1,302,0,0,302,5050,82,101,5031,28399.57
11012,66,8,Q,1,797,6,5,798,24940,1081,1098,24923,34394.41
11012,66,8,R,1,36,0,1,35,150,4,2,152,29079.21
11012,66,8,S,1,359,5,2,362,5016,86,216,4886,36475.55
11012,66,9,P,2,27,2,8,21,2260,670,878,2052,13527.36
11012,67,1,A,1,147,1,1,147,2203,112,120,2195,30396.85
11012,67,1,B,1,10,0,0,10,48,1,1,48,27522.91
11012,67,1,C,1,8923,22,31,8914,245962,4493,5346,245109,34325.46
11012,67,1,D,1,49,0,0,49,1617,15,17,1615,42753.43
11012,67,1,E,1,210,1,3,208,1616,83,87,1612,31976.45
11012,67,1,F,1,3029,52,38,3043,17319,1265,1330,17254,30080.64
11012,67,1,G,1,84,0,1,83,2141,72,88,2125,31954.28
11012,67,1,H,1,372,5,2,375,5995,198,210,5983,35103.05
11012,67,1,I,1,1,0,0,1,4,0,0,4,26700
11012,67,1,J,1,7,0,0,7,1718,14,56,1676,41212.9
11012,67,1,K,1,2,0,0,2,2,0,0,2,34900
11012,67,1,L,1,8,0,0,8,94,10,7,97,36900
11012,67,1,M,1,8,0,0,8,50,1,1,50,38422.8
11012,67,1,N,1,575,8,8,575,9528,1271,1562,9237,26540.96
11012,67,1,P,1,1,0,0,1,2,0,1,1,27600
11012,67,1,R,1,170,4,0,174,1612,182,120,1674,27598.67
11012,67,1,S,1,576,8,8,576,3631,198,165,3664,28944.99
11012,67,2,A,2,11,0,0,11,2553,25,32,2546,28838.45
11012,67,2,C,2,57,0,0,57,34611,308,420,34499,29076.75
11012,67,2,E,2,3,0,0,3,1012,11,11,1012,28456.02
11012,67,2,F,2,27,0,0,27,23327,248,277,23298,28343.6
11012,67,2,G,2,21,0,0,21,8955,88,108,8935,27687.42
11012,67,2,H,2,29,0,0,29,11242,138,161,11219,28544.68
11012,67,2,I,2,13,0,0,13,17271,284,363,17192,27140.08
11012,67,2,J,2,9,0,0,9,3054,57,40,3071,25839.01
11012,67,2,K,2,4,0,0,4,2891,32,36,2887,26478.55
11012,67,2,L,2,8,0,0,8,3474,67,46,3495,26218.76
11012,67,2,M,2,16,0,0,16,3488,43,49,3482,27489.28
11012,67,2,N,2,19,0,0,19,6565,301,266,6600,26006.48
11012,67,2,P,2,8,0,0,8,3311,49,49,3311,25393.89
11012,67,2,Q,2,9,0,0,9,1743,15,23,1735,26742.36
11012,67,2,R,2,15,2,0,17,2906,62,37,2931,27885.6
11012,67,2,S,2,81,0,0,81,29242,270,301,29211,27879.7
11012,67,3,A,2,2,0,0,2,65227,194,276,65145,26091.21
11012,67,4,G,1,11,0,0,11,39,0,0,39,36858.97
11012,67,4,H,1,1,0,0,1,24,0,0,24,39366.66
11012,67,4,I,1,1,0,0,1,20,1,1,20,31605
11012,67,4,K,1,45,0,0,45,797,17,3,811,44601.84
11012,67,4,M,1,4,0,0,4,353,7,12,348,30457.47
11012,67,4,O,1,192,0,0,192,11592,485,833,11244,31554.34
11012,67,4,P,1,379,7,7,379,20438,7899,10894,17443,28492.06
11012,67,4,Q,1,51,1,0,52,5784,87,174,5697,38169.71
11012,67,4,R,1,5,0,0,5,302,21,32,291,30760.48
11012,67,4,S,1,3,0,0,3,198,3,5,196,38238.82
11012,67,5,A,1,3,0,0,3,93,3,1,95,29890.52
11012,67,5,C,1,217,1,1,217,6719,179,206,6692,32174.5
11012,67,5,D,1,6,0,0,6,146,7,6,147,38217
11012,67,5,E,1,90,0,1,89,551,9,14,546,31448.13
11012,67,5,F,1,732,2,3,731,5432,215,221,5426,31822.57
11012,67,5,G,1,13811,81,90,13802,101172,3503,3630,101045,29853.51
11012,67,5,H,1,56,0,0,56,777,16,16,777,34618.11
11012,67,5,I,1,2659,59,41,2677,21181,3516,3490,21207,24515.14
11012,67,5,J,1,365,6,4,367,2976,98,106,2968,33037.31
11012,67,5,K,1,371,3,3,371,5712,142,131,5723,40414.84
11012,67,5,L,1,1268,17,12,1273,6509,321,347,6483,31662.35
11012,67,5,M,1,1185,13,9,1189,7817,2094,2052,7859,32302.22
11012,67,5,N,1,360,0,3,357,8620,624,1186,8058,28883.41
11012,67,5,P,1,73,3,0,76,670,41,165,546,28948.75
11012,67,5,Q,1,296,3,1,298,944,28,18,954,30496.87
11012,67,5,R,1,93,4,2,95,1195,231,204,1222,31205.26
11012,67,5,S,1,216,0,2,214,2657,49,30,2676,34642.52
11012,67,6,A,1,52,1,1,52,124,7,4,127,25133.85
11012,67,7,C,1,1,0,0,1,11,0,2,9,26766.66
11012,67,7,G,1,6,0,0,6,52,0,2,50,44448
11012,67,7,J,1,1,0,0,1,42,2,1,43,41765.11
11012,67,7,K,1,20,0,0,20,38,0,0,38,30947.36
11012,67,7,L,1,11,0,0,11,58,0,2,56,35931.07
11012,67,7,M,1,735,7,5,737,3901,129,105,3925,32329.45
11012,67,7,N,1,23,1,0,24,118,4,0,122,39682.45
11012,67,7,O,1,2,0,0,2,994,5,10,989,37456.82
11012,67,7,P,1,810,7,2,815,6399,248,274,6373,27283.9
11012,67,7,Q,1,1814,10,8,1816,20533,451,673,20311,32488.52
11012,67,7,R,1,1,0,0,1,44,1,3,42,33383.33
11012,67,7,S,1,653,2,5,650,2834,78,142,2770,32335.05
11012,67,7,S,2,4,0,0,4,652,29,40,641,35130.96
11012,67,8,A,1,11,0,0,11,78,0,7,71,22457.46
11012,67,8,C,1,5,0,0,5,147,2,4,145,25678.62
11012,67,8,F,1,1,0,0,1,3,0,0,3,27100
11012,67,8,G,1,94,0,1,93,184,6,13,177,25915.31
11012,67,8,I,1,1,0,0,1,11,2,0,13,16015.38
11012,67,8,J,1,51,0,0,51,410,10,10,410,31193.51
11012,67,8,K,1,1,0,0,1,171,0,0,171,39973.09
11012,67,8,L,1,1,0,0,1,1,0,0,1,26400
11012,67,8,M,1,5,0,0,5,29,0,1,28,33425.71
11012,67,8,N,1,2,0,0,2,19,2,0,21,19518.09
11012,67,8,P,1,149,0,0,149,2021,44,66,1999,29730.72
11012,67,8,Q,1,515,12,3,524,16518,552,478,16592,35829.8
11012,67,8,R,1,21,0,0,21,172,27,28,171,34320.51
11012,67,8,S,1,182,0,3,179,3281,46,66,3261,35845.35
11012,67,9,P,2,28,4,7,25,1547,397,545,1399,13518.39
11012,68,1,A,1,96,1,1,96,615,49,36,628,28399.09
11012,68,1,B,1,18,0,0,18,199,6,2,203,36227.29
11012,68,1,C,1,9990,59,50,9999,370674,7874,7842,370706,36513.3
11012,68,1,D,1,33,0,0,33,1333,6,6,1333,43109.22
11012,68,1,E,1,469,4,3,470,2895,107,97,2905,31886.26
11012,68,1,F,1,4221,60,40,4241,22159,1579,1620,22118,32155.73
11012,68,1,G,1,78,1,2,77,1075,7,15,1067,37857.3
11012,68,1,H,1,1106,13,11,1108,36509,1514,2219,35804,38899.33
11012,68,1,I,1,3,0,0,3,99,24,19,104,30887.15
11012,68,1,J,1,6,0,0,6,756,19,24,751,44818.24
11012,68,1,K,1,0,1,0,1,0,46,9,37,44901.08
11012,68,1,L,1,7,0,0,7,84,0,0,84,39645.23
11012,68,1,M,1,15,0,0,15,12483,55,96,12442,44036.5
11012,68,1,N,1,1094,14,15,1093,27689,5838,6583,26944,25389.88
11012,68,1,O,1,1,0,0,1,46,2,1,47,35031.91
11012,68,1,P,1,1,0,0,1,7,0,0,7,22157.14
11012,68,1,Q,1,1,0,0,1,6,0,1,5,16260
11012,68,1,R,1,151,3,1,153,1669,143,148,1664,27769.89
11012,68,1,S,1,852,10,11,851,4113,186,170,4129,29929.4
11012,68,2,A,2,6,0,0,6,917,21,16,922,29836.87
11012,68,2,C,2,65,0,0,65,31950,334,423,31861,28571.45
11012,68,2,E,2,2,0,0,2,101,1,2,100,27039
11012,68,2,F,2,22,0,1,21,21625,271,292,21604,28467.04
11012,68,2,G,2,19,0,0,19,13012,198,178,13032,26831.05
11012,68,2,H,2,34,0,0,34,13100,293,222,13171,27821.45
11012,68,2,I,2,5,0,0,5,8864,157,147,8874,27564.98
11012,68,2,J,2,8,0,0,8,3307,56,47,3316,26320.95
11012,68,2,K,2,5,0,0,5,3566,37,40,3563,26778.52
11012,68,2,L,2,5,0,0,5,4764,102,73,4793,26529.39
11012,68,2,M,2,12,0,0,12,4259,86,78,4267,26987.74
11012,68,2,N,2,14,0,0,14,5413,145,98,5460,27230.23
11012,68,2,P,2,9,0,0,9,2892,43,28,2907,25719.98
11012,68,2,Q,2,10,0,0,10,2524,28,39,2513,27195.62
11012,68,2,R,2,18,0,0,18,2468,46,45,2469,27445.4
11012,68,2,S,2,65,0,0,65,28785,298,333,28750,27643.64
11012,68,3,A,2,2,0,0,2,1448,3,9,1442,34283.63
11012,68,4,G,1,15,0,0,15,61,1,3,59,31466.1
11012,68,4,H,1,1,0,0,1,642,1,2,641,45112.01
11012,68,4,K,1,46,0,1,45,864,15,10,869,44548.67
11012,68,4,L,1,1,0,0,1,24,1,2,23,40413.04
11012,68,4,M,1,4,0,0,4,330,1,6,325,34823.5
11012,68,4,O,1,177,0,0,177,13149,471,720,12900,32662.58
11012,68,4,P,1,326,4,3,327,20479,7540,9246,18773,29471.83
11012,68,4,Q,1,22,0,0,22,3466,54,111,3409,36788.17
11012,68,4,R,1,4,0,0,4,462,9,22,449,25802.74
11012,68,4,S,1,1,0,0,1,37,0,1,36,26891.11
11012,68,5,A,1,2,0,0,2,8,0,0,8,26362.5
11012,68,5,C,1,330,0,0,330,22002,323,386,21939,36974.07
11012,68,5,D,1,5,0,0,5,206,2,1,207,41111.59
11012,68,5,E,1,151,0,0,151,2681,132,119,2694,34317.75
11012,68,5,E,2,0,0,0,0,0,0,0,0,0
11012,68,5,F,1,1264,1,3,1262,9290,371,404,9257,32840.46
11012,68,5,G,1,18323,152,153,18322,148439,4976,5065,148350,32008.86
11012,68,5,H,1,199,1,3,197,9947,173,204,9916,39321.21
11012,68,5,I,1,3141,84,57,3168,26577,4164,3668,27073,26738.95
11012,68,5,J,1,510,8,4,514,4055,218,203,4070,35346.24
11012,68,5,K,1,406,8,5,409,5926,72,56,5942,40791.95
11012,68,5,L,1,1635,11,20,1626,8559,471,553,8477,32280.24
11012,68,5,M,1,1718,26,20,1724,12454,1037,1113,12378,33421.35
11012,68,5,N,1,566,3,3,566,15279,2428,2802,14905,27482.67
11012,68,5,P,1,75,0,0,75,607,52,50,609,27877.66
11012,68,5,Q,1,412,8,3,417,1297,60,34,1323,32720.4
11012,68,5,R,1,104,0,1,103,1878,240,180,1938,29901.95
11012,68,5,S,1,242,0,1,241,1664,42,32,1674,31364.65
11012,68,6,A,1,56,1,1,56,137,5,5,137,25611.24
11012,68,7,G,1,1,0,0,1,73,0,0,73,40860.27
11012,68,7,H,1,1,0,0,1,2,0,0,2,30300
11012,68,7,I,1,1,0,0,1,24,3,2,25,30284
11012,68,7,K,1,21,0,1,20,26,0,1,25,31652
11012,68,7,L,1,5,0,0,5,31,1,1,31,30477.41
11012,68,7,M,1,936,6,6,936,4222,91,125,4188,32447.62
11012,68,7,M,2,21,0,1,20,32,0,1,31,25495.7
11012,68,7,N,1,53,0,1,52,298,6,18,286,41622.65
11012,68,7,O,1,2,0,0,2,364,26,27,363,40347.38
11012,68,7,P,1,872,4,2,874,7967,254,259,7962,28454.68
11012,68,7,Q,1,1640,11,7,1644,20886,603,658,20831,33425.11
11012,68,7,R,1,1,0,0,1,84,1,0,85,37122.35
11012,68,7,S,1,615,4,14,605,2564,50,141,2473,32745.52
11012,68,7,S,2,0,0,0,0,1143,40,52,1131,37933.95
11012,68,8,A,1,7,0,0,7,62,1,1,62,24293.54
11012,68,8,C,1,3,0,0,3,47,2,4,45,17957.33
11012,68,8,G,1,42,0,1,41,170,0,3,167,23057.96
11012,68,8,H,1,2,0,0,2,4,0,0,4,24300
11012,68,8,I,1,2,0,0,2,32,1,2,31,13248.64
11012,68,8,J,1,47,0,0,47,195,5,12,188,33782.49
11012,68,8,K,1,1,0,0,1,134,0,0,134,42050.74
11012,68,8,M,1,7,0,0,7,768,12,47,733,43621.7
11012,68,8,N,1,1,0,0,1,91,2,2,91,27332.38
11012,68,8,P,1,145,0,0,145,2453,34,70,2417,30059.37
11012,68,8,Q,1,670,12,1,681,22646,706,622,22730,36703.47
11012,68,8,R,1,17,0,0,17,39,1,0,40,29161
11012,68,8,S,1,144,1,2,143,2011,75,102,1984,37164.07
11012,68,9,O,2,1,0,0,1,467,15,477,5,13500
11012,68,9,P,2,24,4,10,18,1795,371,993,1173,14818.1