OCCU_DESC（職務名稱）,WK_TYPE（職務性質）,CJOB1_COUNT（職務大類別代碼）,CJOB_NAME1（職務大類別名稱）,CJOB2_COUNT（職務小類別代碼）,CJOB_NAME2（職務小類別名稱）,JOB_PERSON（雇用人數）,STOP_DATE（應徵截止日期）,CITYNAME（工作地點）,EXPERIENCE（工作經驗）,WKTIME（工作時間）,SALARYCD（核薪方式）,NT_L（薪資範圍下限）,NT_U（薪資範圍上限）,EDGRDESC（最低學歷要求）,URL_QUERY（職缺資料URL）,COMPNAME（公司名稱）,TRANDATE（職缺更新日期）
門市銷售人員,全職,06,客服／門市,060202,賣場（人員／儲備幹部）,1,20261222,台中市東勢區,無,日班,月薪,29500,29500,高職,https://job.taiwanjobs.gov.tw/Internet/jobwanted/JobDetail.aspx?EMPLOYER_ID=2518921&HIRE_ID=14400305,佑乾實業有限公司,20260924
教保助教,全職,14,教育／學術／研究,140117,助教,10,20261101,台中市東勢區,無,日班、夜班,月薪,30300,33000,專科,https://job.taiwanjobs.gov.tw/Internet/jobwanted/JobDetail.aspx?EMPLOYER_ID=2406427&HIRE_ID=14706081,財團法人臺中市私立家寶社會福利慈善事業基金會,20261001
教保員,全職,14,教育／學術／研究,140121,教保員,10,20261201,台中市東勢區,無,日班、夜班,月薪,33000,37700,專科,https://job.taiwanjobs.gov.tw/Internet/jobwanted/JobDetail.aspx?EMPLOYER_ID=2406427&HIRE_ID=14706091,財團法人臺中市私立家寶社會福利慈善事業基金會,20261001
助理教保員【婦女再就業及雇主工時調整獎勵】,全職,14,教育／學術／研究,140102,幼教老師,6,20261201,台中市東勢區,無,日班,月薪,29500,-,高中,https://job.taiwanjobs.gov.tw/Internet/jobwanted/JobDetail.aspx?EMPLOYER_ID=28557&HIRE_ID=14708767,臺中市私立東勢芝蔴街幼兒園,20261001
教保員及助理教保員「五五就業促進獎勵-職場支持輔導費」,全職,14,教育／學術／研究,140102,幼教老師,3,20261101,台中市東勢區,無,日班,月薪,29500,-,高中,https://job.taiwanjobs.gov.tw/Internet/jobwanted/JobDetail.aspx?EMPLOYER_ID=28557&HIRE_ID=14637675,臺中市私立東勢芝蔴街幼兒園,20260901
才藝老師「五五就業促進獎勵-職場支持輔導費」,全職,14,教育／學術／研究,140102,幼教老師,1,20261101,台中市東勢區,無,日班,月薪,29500,-,專科,https://job.taiwanjobs.gov.tw/Internet/jobwanted/JobDetail.aspx?EMPLOYER_ID=28557&HIRE_ID=14637659,臺中市私立東勢芝蔴街幼兒園,20260901
美語老師「五五就業促進獎勵-職場支持輔導費」,全職,14,教育／學術／研究,140102,幼教老師,3,20261101,台中市東勢區,無,日班,月薪,29500,-,專科,https://job.taiwanjobs.gov.tw/Internet/jobwanted/JobDetail.aspx?EMPLOYER_ID=28557&HIRE_ID=14637685,臺中市私立東勢芝蔴街幼兒園,20260901
採購人員,全職,15,物流／運輸／資材,150303,採購人員,2,20261130,台中市石岡區,1年以上,日班,月薪,33000,45000,高中,https://job.taiwanjobs.gov.tw/Internet/jobwanted/JobDetail.aspx?EMPLOYER_ID=2637581&HIRE_ID=14687245,三果農產有限公司,20260921
交通標誌安裝人員,全職,11,營建／製圖／施作,110301,營建施工人員,2,20261231,台中市東勢區,無,日班,日薪,1600,2500,國中,https://job.taiwanjobs.gov.tw/Internet/jobwanted/JobDetail.aspx?EMPLOYER_ID=2585575&HIRE_ID=14551033,鼎珈交通工程有限公司,20260729
業務助理,全職,02,業務／貿易／銷售,020103,業務助理,2,20261130,台中市石岡區,無,日班,月薪,33000,35000,大學,https://job.taiwanjobs.gov.tw/Internet/jobwanted/JobDetail.aspx?EMPLOYER_ID=2637581&HIRE_ID=14687221,三果農產有限公司,20260921
業務人員,全職,02,業務／貿易／銷售,020102,業務人員,2,20261130,台中市石岡區,無,日班,月薪,38000,-,大學,https://job.taiwanjobs.gov.tw/Internet/jobwanted/JobDetail.aspx?EMPLOYER_ID=2637581&HIRE_ID=14687207,三果農產有限公司,20260921
照顧服務員,全職,17,醫療／美容／保健,170113,照顧服務員,2,20261201,台中市東勢區,無,日班,月薪,32000,35000,不拘,https://job.taiwanjobs.gov.tw/Internet/jobwanted/JobDetail.aspx?EMPLOYER_ID=2429465&HIRE_ID=14708789,臺中市私立同舍社區長照機構,20261001
居家照服員【照服缺工獎勵+婦女再就業及雇主工時調整獎勵】,兼職,17,醫療／美容／保健,170113,照顧服務員,3,20261101,台中市東勢區,無,部份工時：08時00分至18時00分,時薪,200,240,不拘,https://job.taiwanjobs.gov.tw/Internet/jobwanted/JobDetail.aspx?EMPLOYER_ID=2612147&HIRE_ID=14637979,居安健康事業有限公司附設私立居安東崎居家長照機構,20260901
【照服缺工】居家照顧服務員,全職,17,醫療／美容／保健,170113,照顧服務員,10,20261107,台中市東勢區,無,日班,時薪,200,230,不拘,https://job.taiwanjobs.gov.tw/Internet/jobwanted/JobDetail.aspx?EMPLOYER_ID=2659585&HIRE_ID=14654721,人本銀髮有限公司附設臺中市私立人本銀髮居家長照機構,20260907
照顧服務員【照服缺工獎勵+婦女再就業及雇主工時調整獎勵】,全職,17,醫療／美容／保健,170113,照顧服務員,1,20261201,台中市東勢區,無,日班,月薪,33300,33300,不拘,https://job.taiwanjobs.gov.tw/Internet/jobwanted/JobDetail.aspx?EMPLOYER_ID=2564109&HIRE_ID=14708719,臺中市私立東舍社區長照機構,20261001
照顧服務員,全職,17,醫療／美容／保健,170113,照顧服務員,2,20261101,台中市東勢區,無,日班、夜班、輪班二班制,月薪,34314,34314,不拘,https://job.taiwanjobs.gov.tw/Internet/jobwanted/JobDetail.aspx?EMPLOYER_ID=118470&HIRE_ID=14637933,東勢區農會附設農民醫院附設護理之家,20260911
照顧服務員(住宿式),全職,17,醫療／美容／保健,170113,照顧服務員,5,20261129,台中市東勢區,無,日班、夜班、中班,月薪,34314,34314,不拘,https://job.taiwanjobs.gov.tw/Internet/jobwanted/JobDetail.aspx?EMPLOYER_ID=350605&HIRE_ID=14701295,財團法人中華基督教福音信義傳道會,20260929
生活照顧服務人員,全職,17,醫療／美容／保健,170113,照顧服務員,5,20261101,台中市東勢區,無,日班、夜班、輪班三班制、中班,月薪,34000,-,不拘,https://job.taiwanjobs.gov.tw/Internet/jobwanted/JobDetail.aspx?EMPLOYER_ID=2406427&HIRE_ID=14636269,財團法人臺中市私立家寶社會福利慈善事業基金會,20260901
園藝人員,全職,20,農林漁牧相關,200102,園藝栽培工,1,20261118,台中市東勢區,無,日班,月薪,30000,-,不拘,https://job.taiwanjobs.gov.tw/Internet/jobwanted/JobDetail.aspx?EMPLOYER_ID=2703779&HIRE_ID=14684733,日初文化股份有限公司,20260918
